This file contains any messages produced by compilers while
running configure, to aid debugging if configure makes a mistake.

It was created by HDF5 configure 1.14.3, which was
generated by GNU Autoconf 2.71.  Invocation command line was

  $ ./configure --prefix=/home/tjq4954/hdf5

## --------- ##
## Platform. ##
## --------- ##

hostname = qnode1040
uname -m = x86_64
uname -r = 3.10.0-1160.95.1.el7.x86_64
uname -s = Linux
uname -v = #1 SMP Fri Jun 23 08:44:55 EDT 2023

/usr/bin/uname -p = x86_64
/bin/uname -X     = unknown

/bin/arch              = x86_64
/usr/bin/arch -k       = unknown
/usr/convex/getsysinfo = unknown
/usr/bin/hostinfo      = unknown
/bin/machine           = unknown
/usr/bin/oslevel       = unknown
/bin/universe          = unknown

PATH: /home/tjq4954/.conda/envs/inhyeok/bin/
PATH: /usr/bin/
PATH: /hpc/software/mamba/23.1.0/bin/
PATH: /hpc/software/mamba/23.1.0/condabin/
PATH: /usr/bin/
PATH: /software/hdf5/1.10.6/bin/
PATH: /software/gcc/8.4.0/bin/
PATH: /software/mpi/openmpi-3.1.3-gcc-8.4.0-RH7/bin/
PATH: /software/supplemental/libiconv/1.14/bin/
PATH: /software/R/4.2.3/bin/
PATH: /software/RStudio-desk/1.4.1717/bin/
PATH: /software/readline/8.2-gcc-8.4.0/bin/
PATH: /software/gcc/8.4.0/bin/
PATH: /software/supplemental/tk/8.6.12/bin/
PATH: /software/supplemental/tcl/8.6.12/bin/
PATH: /software/supplemental/tiff/4.3.0/bin/
PATH: /software/cairo/1.17.4/bin/
PATH: /software/supplemental/glib/2.49.4/bin/
PATH: /software/mpi/openmpi-3.1.3-gcc-8.4.0-RH7/bin/
PATH: /software/firefox/82/
PATH: /software/supplemental/gtk+/3.24.24/bin/
PATH: /software/supplemental/bzip2/1.0.8/bin/
PATH: /software/texlive/2020/bin/x86_64-linux/
PATH: /software/texinfo/5.2/bin/
PATH: /software/curl/7.73.0/bin/
PATH: /software/java/jdk-11.0.10/bin/
PATH: /software/java/jdk-11.0.10/jre/bin/
PATH: /software/singularity/3.8.1/bin/
PATH: /usr/sbin/
PATH: /usr/lib64/qt-3.3/bin/
PATH: /usr/local/bin/
PATH: /bin/
PATH: /usr/bin/
PATH: /usr/local/sbin/
PATH: /usr/lpp/mmfs/bin/
PATH: /opt/torque6/bin/
PATH: /opt/torque6/sbin/
PATH: /home/tjq4954/.local/bin/
PATH: /home/tjq4954/bin/
PATH: /usr/lib/rstudio-server/bin/
PATH: /usr/lib/rstudio-server/bin/quarto/bin/
PATH: /usr/lib/rstudio-server/bin/postback/
PATH: /home/tjq4954/.local/bin/
PATH: /home/tjq4954/bin/
PATH: /home/tjq4954/.local/bin/
PATH: /home/tjq4954/bin/
PATH: /home/tjq4954/.local/bin/
PATH: /home/tjq4954/bin/
PATH: /home/tjq4954/.local/bin/
PATH: /home/tjq4954/bin/
PATH: /home/tjq4954/.local/bin/
PATH: /home/tjq4954/bin/
PATH: /home/tjq4954/.local/bin/
PATH: /home/tjq4954/bin/


## ----------- ##
## Core tests. ##
## ----------- ##

configure:3739: looking for aux files: ltmain.sh compile config.guess config.sub missing install-sh
configure:3752:  trying ./bin/
configure:3781:   ./bin/ltmain.sh found
configure:3781:   ./bin/compile found
configure:3781:   ./bin/config.guess found
configure:3781:   ./bin/config.sub found
configure:3781:   ./bin/missing found
configure:3763:   ./bin/install-sh found
configure:3920: checking for a BSD-compatible install
configure:3993: result: /usr/bin/install -c
configure:4004: checking whether build environment is sane
configure:4059: result: yes
configure:4223: checking for a race-free mkdir -p
configure:4267: result: /usr/bin/mkdir -p
configure:4274: checking for gawk
configure:4295: found /usr/bin/gawk
configure:4306: result: gawk
configure:4317: checking whether make sets $(MAKE)
configure:4340: result: yes
configure:4370: checking whether make supports nested variables
configure:4388: result: yes
configure:4522: checking whether make supports nested variables
configure:4540: result: yes
configure:4592: checking whether to enable maintainer-specific portions of Makefiles
configure:4602: result: no
configure:4660: checking build system type
configure:4675: result: x86_64-conda-linux-gnu
configure:4695: checking host system type
configure:4709: result: x86_64-conda-linux-gnu
configure:4805: checking shell variables initial values
ACLOCAL='${SHELL} /home/tjq4954/Multiome_PBMC/hdf5-1.14.3/bin/missing aclocal-1.16'
ADDR2LINE=/home/tjq4954/.conda/envs/inhyeok/bin/x86_64-conda-linux-gnu-addr2line
AMTAR='$${TAR-tar}'
AM_BACKSLASH='\'
AM_CFLAGS=
AM_CPPFLAGS=
AM_CXXFLAGS=
AM_DEFAULT_V='$(AM_DEFAULT_VERBOSITY)'
AM_DEFAULT_VERBOSITY=0
AM_FCFLAGS=
AM_JAVACFLAGS=
AM_JAVAFLAGS=
AM_JNIFLAGS=
AM_LDFLAGS=
AM_V='$(V)'
AR=/home/tjq4954/.conda/envs/inhyeok/bin/x86_64-conda-linux-gnu-ar
AR_FLAGS=
AS=/home/tjq4954/.conda/envs/inhyeok/bin/x86_64-conda-linux-gnu-as
AUTOCONF='${SHELL} /home/tjq4954/Multiome_PBMC/hdf5-1.14.3/bin/missing autoconf'
AUTOHEADER='${SHELL} /home/tjq4954/Multiome_PBMC/hdf5-1.14.3/bin/missing autoheader'
AUTOMAKE='${SHELL} /home/tjq4954/Multiome_PBMC/hdf5-1.14.3/bin/missing automake-1.16'
AWK=gawk
BASH=/bin/sh
BASHOPTS=cmdhist:extquote:force_fignore:hostcomplete:interactive_comments:progcomp:promptvars:sourcepath
BASH_ALIASES=()
BASH_ARGC=([0]="1")
BASH_ARGV=([0]="--prefix=/home/tjq4954/hdf5")
BASH_CMDS=()
BASH_LINENO=([0]="0")
BASH_SOURCE=([0]="./configure")
BASH_VERSINFO=([0]="4" [1]="2" [2]="46" [3]="2" [4]="release" [5]="x86_64-redhat-linux-gnu")
BASH_VERSION='4.2.46(2)-release'
BROWSER=/usr/lib/rstudio-server/bin/postback/rpostback-browser
BUILD=x86_64-conda-linux-gnu
CC=/home/tjq4954/.conda/envs/inhyeok/bin/x86_64-conda-linux-gnu-cc
CC_FOR_BUILD=/home/tjq4954/.conda/envs/inhyeok/bin/x86_64-conda-linux-gnu-cc
CFLAGS='-march=nocona -mtune=haswell -ftree-vectorize -fPIC -fstack-protector-strong -fno-plt -O2 -ffunction-sections -pipe -isystem /home/tjq4954/.conda/envs/inhyeok/include'
CMAKE_ARGS='-DCMAKE_AR=/home/tjq4954/.conda/envs/inhyeok/bin/x86_64-conda-linux-gnu-ar -DCMAKE_CXX_COMPILER_AR=/home/tjq4954/.conda/envs/inhyeok/bin/x86_64-conda-linux-gnu-gcc-ar -DCMAKE_C_COMPILER_AR=/home/tjq4954/.conda/envs/inhyeok/bin/x86_64-conda-linux-gnu-gcc-ar -DCMAKE_RANLIB=/home/tjq4954/.conda/envs/inhyeok/bin/x86_64-conda-linux-gnu-ranlib -DCMAKE_CXX_COMPILER_RANLIB=/home/tjq4954/.conda/envs/inhyeok/bin/x86_64-conda-linux-gnu-gcc-ranlib -DCMAKE_C_COMPILER_RANLIB=/home/tjq4954/.conda/envs/inhyeok/bin/x86_64-conda-linux-gnu-gcc-ranlib -DCMAKE_LINKER=/home/tjq4954/.conda/envs/inhyeok/bin/x86_64-conda-linux-gnu-ld -DCMAKE_STRIP=/home/tjq4954/.conda/envs/inhyeok/bin/x86_64-conda-linux-gnu-strip -DCMAKE_BUILD_TYPE=Release'
CMAKE_PREFIX_PATH=/home/tjq4954/.conda/envs/inhyeok:/home/tjq4954/.conda/envs/inhyeok/x86_64-conda-linux-gnu/sysroot/usr
CONDA_BUILD_SYSROOT=/home/tjq4954/.conda/envs/inhyeok/x86_64-conda-linux-gnu/sysroot
CONDA_DEFAULT_ENV=inhyeok
CONDA_EXE=/hpc/software/mamba/23.1.0/bin/conda
CONDA_PREFIX=/home/tjq4954/.conda/envs/inhyeok
CONDA_PREFIX_1=/hpc/software/mamba/23.1.0
CONDA_PREFIX_2=/home/tjq4954/.conda/envs/inhyeok
CONDA_PREFIX_3=/hpc/software/mamba/23.1.0
CONDA_PREFIX_4=/home/tjq4954/.conda/envs/inhyeok
CONDA_PREFIX_5=/hpc/software/mamba/23.1.0
CONDA_PROMPT_MODIFIER='(inhyeok) '
CONDA_PYTHON_EXE=/hpc/software/mamba/23.1.0/bin/python
CONDA_SHLVL=6
CONDA_TOOLCHAIN_BUILD=x86_64-conda-linux-gnu
CONDA_TOOLCHAIN_HOST=x86_64-conda-linux-gnu
CPP=/home/tjq4954/.conda/envs/inhyeok/bin/x86_64-conda-linux-gnu-cpp
CPPFLAGS='-DNDEBUG -D_FORTIFY_SOURCE=2 -O2 -isystem /home/tjq4954/.conda/envs/inhyeok/include'
CXX=/home/tjq4954/.conda/envs/inhyeok/bin/x86_64-conda-linux-gnu-c++
CXXFILT=/home/tjq4954/.conda/envs/inhyeok/bin/x86_64-conda-linux-gnu-c++filt
CXXFLAGS='-fvisibility-inlines-hidden -fmessage-length=0 -march=nocona -mtune=haswell -ftree-vectorize -fPIC -fstack-protector-strong -fno-plt -O2 -ffunction-sections -pipe -isystem /home/tjq4954/.conda/envs/inhyeok/include'
CXX_FOR_BUILD=/home/tjq4954/.conda/envs/inhyeok/bin/x86_64-conda-linux-gnu-c++
CYGPATH_W=echo
DEBUG_CFLAGS='-march=nocona -mtune=haswell -ftree-vectorize -fPIC -fstack-protector-all -fno-plt -Og -g -Wall -Wextra -fvar-tracking-assignments -ffunction-sections -pipe -isystem /home/tjq4954/.conda/envs/inhyeok/include'
DEBUG_CPPFLAGS='-D_DEBUG -D_FORTIFY_SOURCE=2 -Og -isystem /home/tjq4954/.conda/envs/inhyeok/include'
DEBUG_CXXFLAGS='-fvisibility-inlines-hidden -fmessage-length=0 -march=nocona -mtune=haswell -ftree-vectorize -fPIC -fstack-protector-all -fno-plt -Og -g -Wall -Wextra -fvar-tracking-assignments -ffunction-sections -pipe -isystem /home/tjq4954/.conda/envs/inhyeok/include'
DIRSTACK=()
DISPLAY=:0
DUALCASE=1
ECHO_C=
ECHO_N=-n
ECHO_T=
EDITOR=vi
ELFEDIT=/home/tjq4954/.conda/envs/inhyeok/bin/x86_64-conda-linux-gnu-elfedit
EUID=6189
FC=
FCFLAGS=
GCC=/home/tjq4954/.conda/envs/inhyeok/bin/x86_64-conda-linux-gnu-gcc
GCC_AR=/home/tjq4954/.conda/envs/inhyeok/bin/x86_64-conda-linux-gnu-gcc-ar
GCC_NM=/home/tjq4954/.conda/envs/inhyeok/bin/x86_64-conda-linux-gnu-gcc-nm
GCC_RANLIB=/home/tjq4954/.conda/envs/inhyeok/bin/x86_64-conda-linux-gnu-gcc-ranlib
GITHUB_PAT=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
GPROF=/home/tjq4954/.conda/envs/inhyeok/bin/x86_64-conda-linux-gnu-gprof
GROUPS=()
GXX=/home/tjq4954/.conda/envs/inhyeok/bin/x86_64-conda-linux-gnu-g++
HISTCONTROL=ignoredups
HISTSIZE=1000
HOME=/home/tjq4954
HOST=x86_64-conda-linux-gnu
HOSTNAME=qnode1040
HOSTTYPE=x86_64
IFS=' 	
'
INSTALL='/usr/bin/install -c'
INSTALL_DATA='${INSTALL} -m 644'
INSTALL_PROGRAM='${INSTALL}'
INSTALL_SCRIPT='${INSTALL}'
INSTALL_STRIP_PROGRAM='$(install_sh) -c -s'
JAVACFLAGS=
JAVAFLAGS=
JNIFLAGS=
LANG=en_US.UTF-8
LANGUAGE=C
LC_ALL=C
LD=/home/tjq4954/.conda/envs/inhyeok/bin/x86_64-conda-linux-gnu-ld
LDFLAGS='-Wl,-O2 -Wl,--sort-common -Wl,--as-needed -Wl,-z,relro -Wl,-z,now -Wl,--disable-new-dtags -Wl,--gc-sections -Wl,--allow-shlib-undefined -Wl,-rpath,/home/tjq4954/.conda/envs/inhyeok/lib -Wl,-rpath-link,/home/tjq4954/.conda/envs/inhyeok/lib -L/home/tjq4954/.conda/envs/inhyeok/lib'
LD_GOLD=/home/tjq4954/.conda/envs/inhyeok/bin/x86_64-conda-linux-gnu-ld.gold
LD_LIBRARY_PATH=/software/R/4.2.3/lib64/R/lib:/.singularity.d/libs:/software/R/4.2.3/lib64/R/lib:/software/supplemental/libiconv/1.14/lib:/software/RStudio-desk/dependencies/lib64:/software/readline/8.2-gcc-8.4.0/lib:/software/gcc/8.4.0/lib64:/software/gcc/8.4.0/lib:/software/supplemental/tk/8.6.12/lib:/software/supplemental/tcl/8.6.12/lib:/software/supplemental/tiff/4.3.0/lib:/software/cairo/1.17.4/lib:/software/supplemental/glib/2.49.4/lib:/software/lapack/3.9.0_gcc:/software/mpi/openmpi-3.1.3-gcc-8.4.0-RH7/lib:/software/supplemental/firefox/lib64:/software/firefox/82/gtk2:/software/firefox/82:/software/supplemental/gtk+/3.24.24/lib:/software/supplemental/zlib/1.2.11/lib:/software/supplemental/bzip2/1.0.8/lib:/software/curl/7.73.0/lib:/software/java/jdk-11.0.10/lib:/software/java/jdk-11.0.10/jre/lib:/lib:/software/supplemental/zlib/1.2.8/lib:/software/pcre/8.44/lib:/software/curl/7.73.0/lib:/software/supplemental/bzip2/1.0.8/lib:/hpc/software/supplemental/zlib/1.2.8/lib:/hpc/software/pcre/8.44/lib:/hpc/software/curl/7.73.0/lib:/hpc/software/supplemental/bzip2/1.0.8/lib:/hpc/software/supplemental/tcl/8.6.12/lib:/hpc/software/supplemental/tk/8.6.12/lib:/software/java/jdk-11.0.10/lib/server:/.singularity.d/libs:/usr/bin/hdf5/lib
LIBOBJS=
LINENO=4805
LN_S='ln -s'
LOGNAME=tjq4954
LS_COLORS='rs=0:di=38;5;27:ln=38;5;51:mh=44;38;5;15:pi=40;38;5;11:so=38;5;13:do=38;5;5:bd=48;5;232;38;5;11:cd=48;5;232;38;5;3:or=48;5;232;38;5;9:mi=05;48;5;232;38;5;15:su=48;5;196;38;5;15:sg=48;5;11;38;5;16:ca=48;5;196;38;5;226:tw=48;5;10;38;5;16:ow=48;5;10;38;5;21:st=48;5;21;38;5;15:ex=38;5;34:*.tar=38;5;9:*.tgz=38;5;9:*.arc=38;5;9:*.arj=38;5;9:*.taz=38;5;9:*.lha=38;5;9:*.lz4=38;5;9:*.lzh=38;5;9:*.lzma=38;5;9:*.tlz=38;5;9:*.txz=38;5;9:*.tzo=38;5;9:*.t7z=38;5;9:*.zip=38;5;9:*.z=38;5;9:*.Z=38;5;9:*.dz=38;5;9:*.gz=38;5;9:*.lrz=38;5;9:*.lz=38;5;9:*.lzo=38;5;9:*.xz=38;5;9:*.bz2=38;5;9:*.bz=38;5;9:*.tbz=38;5;9:*.tbz2=38;5;9:*.tz=38;5;9:*.deb=38;5;9:*.rpm=38;5;9:*.jar=38;5;9:*.war=38;5;9:*.ear=38;5;9:*.sar=38;5;9:*.rar=38;5;9:*.alz=38;5;9:*.ace=38;5;9:*.zoo=38;5;9:*.cpio=38;5;9:*.7z=38;5;9:*.rz=38;5;9:*.cab=38;5;9:*.jpg=38;5;13:*.jpeg=38;5;13:*.gif=38;5;13:*.bmp=38;5;13:*.pbm=38;5;13:*.pgm=38;5;13:*.ppm=38;5;13:*.tga=38;5;13:*.xbm=38;5;13:*.xpm=38;5;13:*.tif=38;5;13:*.tiff=38;5;13:*.png=38;5;13:*.svg=38;5;13:*.svgz=38;5;13:*.mng=38;5;13:*.pcx=38;5;13:*.mov=38;5;13:*.mpg=38;5;13:*.mpeg=38;5;13:*.m2v=38;5;13:*.mkv=38;5;13:*.webm=38;5;13:*.ogm=38;5;13:*.mp4=38;5;13:*.m4v=38;5;13:*.mp4v=38;5;13:*.vob=38;5;13:*.qt=38;5;13:*.nuv=38;5;13:*.wmv=38;5;13:*.asf=38;5;13:*.rm=38;5;13:*.rmvb=38;5;13:*.flc=38;5;13:*.avi=38;5;13:*.fli=38;5;13:*.flv=38;5;13:*.gl=38;5;13:*.dl=38;5;13:*.xcf=38;5;13:*.xwd=38;5;13:*.yuv=38;5;13:*.cgm=38;5;13:*.emf=38;5;13:*.axv=38;5;13:*.anx=38;5;13:*.ogv=38;5;13:*.ogx=38;5;13:*.aac=38;5;45:*.au=38;5;45:*.flac=38;5;45:*.mid=38;5;45:*.midi=38;5;45:*.mka=38;5;45:*.mp3=38;5;45:*.mpc=38;5;45:*.ogg=38;5;45:*.ra=38;5;45:*.wav=38;5;45:*.axa=38;5;45:*.oga=38;5;45:*.spx=38;5;45:*.xspf=38;5;45:'
MACHTYPE=x86_64-redhat-linux-gnu
MAINT='#'
MAINTAINER_MODE_FALSE=
MAINTAINER_MODE_TRUE='#'
MAKE=make
MAKEFLAGS=
MAKEINFO='${SHELL} /home/tjq4954/Multiome_PBMC/hdf5-1.14.3/bin/missing makeinfo'
MANPATH=/software/R/4.2.3/share/man:/software/readline/8.2-gcc-8.4.0/share/man:/software/gcc/8.4.0/share/man:/software/supplemental/tk/8.6.12/share/man:/software/supplemental/tcl/8.6.12/share/man:/software/supplemental/tiff/4.3.0/share/man:/software/cairo/1.17.4/share/man:/software/mpi/openmpi-3.1.3-gcc-8.4.0-RH7/share/man:/software/supplemental/gtk+/3.24.24/share/man:/software/supplemental/zlib/1.2.11/share/man:/software/supplemental/bzip2/1.0.8/man:/software/texinfo/5.2/man:/software/texlive/2020/texmf-dist/doc/man:/software/curl/7.73.0/share/man
MC_CORES=39
MESON_ARGS='--buildtype release'
MFLAGS=
MISSING='${SHELL} /home/tjq4954/Multiome_PBMC/hdf5-1.14.3/bin/missing'
MKDIR_P='/usr/bin/mkdir -p'
MPLENGINE=tkAgg
NM=/home/tjq4954/.conda/envs/inhyeok/bin/x86_64-conda-linux-gnu-nm
OBJCOPY=/home/tjq4954/.conda/envs/inhyeok/bin/x86_64-conda-linux-gnu-objcopy
OBJDUMP=/home/tjq4954/.conda/envs/inhyeok/bin/x86_64-conda-linux-gnu-objdump
OMP_NUM_THREADS=40
OPTERR=1
OPTIND=1
OSTYPE=linux-gnu
PACKAGE=hdf5
PACKAGE_BUGREPORT=help@hdfgroup.org
PACKAGE_NAME=HDF5
PACKAGE_STRING='HDF5 1.14.3'
PACKAGE_TARNAME=hdf5
PACKAGE_URL=
PACKAGE_VERSION=1.14.3
PAGER=/usr/bin/less
PATH=/home/tjq4954/.conda/envs/inhyeok/bin:/usr/bin:/hpc/software/mamba/23.1.0/bin:/hpc/software/mamba/23.1.0/condabin:/usr/bin:/software/hdf5/1.10.6/bin:/software/gcc/8.4.0/bin:/software/mpi/openmpi-3.1.3-gcc-8.4.0-RH7/bin:/software/supplemental/libiconv/1.14/bin:/software/R/4.2.3/bin:/software/RStudio-desk/1.4.1717/bin:/software/readline/8.2-gcc-8.4.0/bin:/software/gcc/8.4.0/bin:/software/supplemental/tk/8.6.12/bin:/software/supplemental/tcl/8.6.12/bin:/software/supplemental/tiff/4.3.0/bin:/software/cairo/1.17.4/bin:/software/supplemental/glib/2.49.4/bin:/software/mpi/openmpi-3.1.3-gcc-8.4.0-RH7/bin:/software/firefox/82:/software/supplemental/gtk+/3.24.24/bin:/software/supplemental/bzip2/1.0.8/bin:/software/texlive/2020/bin/x86_64-linux:/software/texinfo/5.2/bin:/software/curl/7.73.0/bin:/software/java/jdk-11.0.10/bin:/software/java/jdk-11.0.10/jre/bin:/software/singularity/3.8.1/bin:/usr/sbin:/usr/lib64/qt-3.3/bin:/usr/local/bin:/bin:/usr/bin:/usr/local/sbin:/usr/lpp/mmfs/bin:/opt/torque6/bin:/opt/torque6/sbin:/home/tjq4954/.local/bin:/home/tjq4954/bin:/usr/lib/rstudio-server/bin:/usr/lib/rstudio-server/bin/quarto/bin:/usr/lib/rstudio-server/bin/postback:/home/tjq4954/.local/bin:/home/tjq4954/bin:/home/tjq4954/.local/bin:/home/tjq4954/bin:/home/tjq4954/.local/bin:/home/tjq4954/bin:/home/tjq4954/.local/bin:/home/tjq4954/bin:/home/tjq4954/.local/bin:/home/tjq4954/bin:/home/tjq4954/.local/bin:/home/tjq4954/bin
PATH_SEPARATOR=:
PIPESTATUS=([0]="0")
POSIXLY_CORRECT=y
PPID=33691
PROMPT_COMMAND='echo -ne "\033]0;${PWD/#${HOME}/~}\007"'
PS1='$ '
PS2='> '
PS4='+ '
PWD=/home/tjq4954/Multiome_PBMC/hdf5-1.14.3
RANLIB=/home/tjq4954/.conda/envs/inhyeok/bin/x86_64-conda-linux-gnu-ranlib
READELF=/home/tjq4954/.conda/envs/inhyeok/bin/x86_64-conda-linux-gnu-readelf
RETICULATE_MINICONDA_ENABLED=
RETICULATE_PYTHON_FALLBACK=/hpc/software/mamba/23.1.0/bin/python3
RMARKDOWN_MATHJAX_PATH=/usr/lib/rstudio-server/resources/mathjax-27
RSTUDIO=1
RSTUDIO_CHILD_PROCESS_PANE=terminal
RSTUDIO_CLI_HYPERLINKS=true
RSTUDIO_CONSOLE_COLOR=256
RSTUDIO_CONSOLE_WIDTH=106
RSTUDIO_HTTP_REFERER=https://qondemand.ci.northwestern.edu/rnode/qgpu0102/10314/
RSTUDIO_PANDOC=/usr/lib/rstudio-server/bin/quarto/bin/tools
RSTUDIO_PROGRAM_MODE=server
RSTUDIO_PROJ_NAME=
RSTUDIO_R_MODULE=
RSTUDIO_R_PRELAUNCH_SCRIPT=
RSTUDIO_R_REPO=
RSTUDIO_R_VERSION_LABEL=
RSTUDIO_SESSION_ID=c9c0469f
RSTUDIO_SESSION_PID=137119
RSTUDIO_SESSION_STREAM=tjq4954-d
RSTUDIO_TERM=D6EC55EF
RSTUDIO_TERMINAL_HOOKS=/usr/lib/rstudio-server/resources/terminal/hooks
RSTUDIO_USER_IDENTITY=tjq4954
RSTUDIO_USER_IDENTITY_DISPLAY=tjq4954
RSTUDIO_WINUTILS=bin/winutils
RS_PORT_TOKEN=e8ee7c327c77
RS_RPOSTBACK_PATH=/usr/lib/rstudio-server/bin/rpostback
RS_SERVER_RPC_SOCKET_PATH=/var/run/rstudio-server/rstudio-rserver/session-server-rpc.socket
RS_SERVER_URL=https://qondemand.ci.northwestern.edu/rnode/qgpu0102/10314/
RS_SESSION_TMP_DIR=/var/run/rstudio-server/rstudio-rsession
RS_SESSION_URL=
R_BROWSER=/software/firefox/82/firefox
R_BZIPCMD=/software/supplemental/bzip2/1.0.8/bin/bzip2
R_CLI_HAS_HYPERLINK_IDE_HELP=true
R_CLI_HAS_HYPERLINK_IDE_RUN=true
R_CLI_HAS_HYPERLINK_IDE_VIGNETTE=true
R_DOC_DIR=/software/R/4.2.3/lib64/R/doc
R_GZIPCMD=/usr/bin/gzip
R_HOME=/software/R/4.2.3/lib64/R
R_INCLUDE_DIR=/software/R/4.2.3/lib64/R/include
R_LIBS_SITE=/software/R/4.2.3/lib64/R/site-library
R_LIBS_USER=/home/tjq4954/R/x86_64-pc-linux-gnu-library/4.2
R_MAX_VSIZE=100Gb
R_PAPERSIZE=a4
R_PDFVIEWER=/usr/bin/xdg-open
R_PLATFORM=x86_64-pc-linux-gnu
R_PRINTCMD=lpr
R_RD4PDF=times,inconsolata,hyper
R_SESSION_TMPDIR=/tmp/RtmpsFTRN6
R_SHARE_DIR=/software/R/4.2.3/lib64/R/share
R_STRIP_SHARED_LIB='strip --strip-unneeded'
R_STRIP_STATIC_LIB='strip --strip-debug'
R_SYSTEM_ABI=linux,gcc,gxx,gfortran,gfortran
R_TEXI2DVICMD=/software/texinfo/5.2/bin/texi2dvi
R_UNZIPCMD=/usr/bin/unzip
R_ZIPCMD=/usr/bin/zip
SED=/usr/bin/sed
SET_MAKE=
SHELL=/bin/sh
SHELLOPTS=braceexpand:hashall:interactive-comments:posix
SHLVL=8
SIZE=/home/tjq4954/.conda/envs/inhyeok/bin/x86_64-conda-linux-gnu-size
SLURM_NPROCS=40
SLURM_NTASKS=40
STRINGS=/home/tjq4954/.conda/envs/inhyeok/bin/x86_64-conda-linux-gnu-strings
STRIP=/home/tjq4954/.conda/envs/inhyeok/bin/x86_64-conda-linux-gnu-strip
TAR=/usr/bin/gtar
TERM=xterm-256color
UID=6189
USER=tjq4954
USE_MAINTAINER_MODE=no
VERSION=1.14.3
_='checking shell variables initial values... '
_CE_CONDA=
_CE_M=
_CONDA_PYTHON_SYSCONFIGDATA_NAME=_sysconfigdata_x86_64_conda_cos6_linux_gnu
_REALHOME=/home/tjq4954
_am_tools='gnutar  pax cpio none'
ac_abs_confdir=/home/tjq4954/Multiome_PBMC/hdf5-1.14.3
ac_arg='CXXFLAGS=-fvisibility-inlines-hidden -fmessage-length=0 -march=nocona -mtune=haswell -ftree-vectorize -fPIC -fstack-protector-strong -fno-plt -O2 -ffunction-sections -pipe -isystem /home/tjq4954/.conda/envs/inhyeok/include'
ac_aux=install-sh
ac_aux_dir=./bin/
ac_aux_dir_candidates=./bin
ac_aux_dir_found=yes
ac_aux_files='ltmain.sh compile config.guess config.sub missing install-sh'
ac_build_alias=x86_64-conda-linux-gnu
ac_c_conftest_c11_globals='
// Does the compiler advertise C11 conformance?
#if !defined __STDC_VERSION__ || __STDC_VERSION__ < 201112L
# error "Compiler does not advertise C11 conformance"
#endif

// Check _Alignas.
char _Alignas (double) aligned_as_double;
char _Alignas (0) no_special_alignment;
extern char aligned_as_int;
char _Alignas (0) _Alignas (int) aligned_as_int;

// Check _Alignof.
enum
{
  int_alignment = _Alignof (int),
  int_array_alignment = _Alignof (int[100]),
  char_alignment = _Alignof (char)
};
_Static_assert (0 < -_Alignof (int), "_Alignof is signed");

// Check _Noreturn.
int _Noreturn does_not_return (void) { for (;;) continue; }

// Check _Static_assert.
struct test_static_assert
{
  int x;
  _Static_assert (sizeof (int) <= sizeof (long int),
                  "_Static_assert does not work in struct");
  long int y;
};

// Check UTF-8 literals.
#define u8 syntax error!
char const utf8_literal[] = u8"happens to be ASCII" "another string";

// Check duplicate typedefs.
typedef long *long_ptr;
typedef long int *long_ptr;
typedef long_ptr long_ptr;

// Anonymous structures and unions -- taken from C11 6.7.2.1 Example 1.
struct anonymous
{
  union {
    struct { int i; int j; };
    struct { int k; long int l; } w;
  };
  int m;
} v1;
'
ac_c_conftest_c11_main='
  _Static_assert ((offsetof (struct anonymous, i)
		   == offsetof (struct anonymous, w.k)),
		  "Anonymous union alignment botch");
  v1.i = 2;
  v1.w.k = 5;
  ok |= v1.i != 5;
'
ac_c_conftest_c11_program='
/* Does the compiler advertise C89 conformance?
   Do not test the value of __STDC__, because some compilers set it to 0
   while being otherwise adequately conformant. */
#if !defined __STDC__
# error "Compiler does not advertise C89 conformance"
#endif

#include <stddef.h>
#include <stdarg.h>
struct stat;
/* Most of the following tests are stolen from RCS 5.7 src/conf.sh.  */
struct buf { int x; };
struct buf * (*rcsopen) (struct buf *, struct stat *, int);
static char *e (p, i)
     char **p;
     int i;
{
  return p[i];
}
static char *f (char * (*g) (char **, int), char **p, ...)
{
  char *s;
  va_list v;
  va_start (v,p);
  s = g (p, va_arg (v,int));
  va_end (v);
  return s;
}

/* OSF 4.0 Compaq cc is some sort of almost-ANSI by default.  It has
   function prototypes and stuff, but not \xHH hex character constants.
   These do not provoke an error unfortunately, instead are silently treated
   as an "x".  The following induces an error, until -std is added to get
   proper ANSI mode.  Curiously \x00 != x always comes out true, for an
   array size at least.  It is necessary to write \x00 == 0 to get something
   that is true only with -std.  */
int osf4_cc_array ['\''\x00'\'' == 0 ? 1 : -1];

/* IBM C 6 for AIX is almost-ANSI by default, but it replaces macro parameters
   inside strings and character constants.  */
#define FOO(x) '\''x'\''
int xlc6_cc_array[FOO(a) == '\''x'\'' ? 1 : -1];

int test (int i, double x);
struct s1 {int (*f) (int a);};
struct s2 {int (*f) (double a);};
int pairnames (int, char **, int *(*)(struct buf *, struct stat *, int),
               int, int);

// Does the compiler advertise C99 conformance?
#if !defined __STDC_VERSION__ || __STDC_VERSION__ < 199901L
# error "Compiler does not advertise C99 conformance"
#endif

#include <stdbool.h>
extern int puts (const char *);
extern int printf (const char *, ...);
extern int dprintf (int, const char *, ...);
extern void *malloc (size_t);

// Check varargs macros.  These examples are taken from C99 6.10.3.5.
// dprintf is used instead of fprintf to avoid needing to declare
// FILE and stderr.
#define debug(...) dprintf (2, __VA_ARGS__)
#define showlist(...) puts (#__VA_ARGS__)
#define report(test,...) ((test) ? puts (#test) : printf (__VA_ARGS__))
static void
test_varargs_macros (void)
{
  int x = 1234;
  int y = 5678;
  debug ("Flag");
  debug ("X = %d\n", x);
  showlist (The first, second, and third items.);
  report (x>y, "x is %d but y is %d", x, y);
}

// Check long long types.
#define BIG64 18446744073709551615ull
#define BIG32 4294967295ul
#define BIG_OK (BIG64 / BIG32 == 4294967297ull && BIG64 % BIG32 == 0)
#if !BIG_OK
  #error "your preprocessor is broken"
#endif
#if BIG_OK
#else
  #error "your preprocessor is broken"
#endif
static long long int bignum = -9223372036854775807LL;
static unsigned long long int ubignum = BIG64;

struct incomplete_array
{
  int datasize;
  double data[];
};

struct named_init {
  int number;
  const wchar_t *name;
  double average;
};

typedef const char *ccp;

static inline int
test_restrict (ccp restrict text)
{
  // See if C++-style comments work.
  // Iterate through items via the restricted pointer.
  // Also check for declarations in for loops.
  for (unsigned int i = 0; *(text+i) != '\''\0'\''; ++i)
    continue;
  return 0;
}

// Check varargs and va_copy.
static bool
test_varargs (const char *format, ...)
{
  va_list args;
  va_start (args, format);
  va_list args_copy;
  va_copy (args_copy, args);

  const char *str = "";
  int number = 0;
  float fnumber = 0;

  while (*format)
    {
      switch (*format++)
	{
	case '\''s'\'': // string
	  str = va_arg (args_copy, const char *);
	  break;
	case '\''d'\'': // int
	  number = va_arg (args_copy, int);
	  break;
	case '\''f'\'': // float
	  fnumber = va_arg (args_copy, double);
	  break;
	default:
	  break;
	}
    }
  va_end (args_copy);
  va_end (args);

  return *str && number && fnumber;
}


// Does the compiler advertise C11 conformance?
#if !defined __STDC_VERSION__ || __STDC_VERSION__ < 201112L
# error "Compiler does not advertise C11 conformance"
#endif

// Check _Alignas.
char _Alignas (double) aligned_as_double;
char _Alignas (0) no_special_alignment;
extern char aligned_as_int;
char _Alignas (0) _Alignas (int) aligned_as_int;

// Check _Alignof.
enum
{
  int_alignment = _Alignof (int),
  int_array_alignment = _Alignof (int[100]),
  char_alignment = _Alignof (char)
};
_Static_assert (0 < -_Alignof (int), "_Alignof is signed");

// Check _Noreturn.
int _Noreturn does_not_return (void) { for (;;) continue; }

// Check _Static_assert.
struct test_static_assert
{
  int x;
  _Static_assert (sizeof (int) <= sizeof (long int),
                  "_Static_assert does not work in struct");
  long int y;
};

// Check UTF-8 literals.
#define u8 syntax error!
char const utf8_literal[] = u8"happens to be ASCII" "another string";

// Check duplicate typedefs.
typedef long *long_ptr;
typedef long int *long_ptr;
typedef long_ptr long_ptr;

// Anonymous structures and unions -- taken from C11 6.7.2.1 Example 1.
struct anonymous
{
  union {
    struct { int i; int j; };
    struct { int k; long int l; } w;
  };
  int m;
} v1;


int
main (int argc, char **argv)
{
  int ok = 0;
  
ok |= (argc == 0 || f (e, argv, 0) != argv[0] || f (e, argv, 1) != argv[1]);

  
  // Check bool.
  _Bool success = false;
  success |= (argc != 0);

  // Check restrict.
  if (test_restrict ("String literal") == 0)
    success = true;
  char *restrict newvar = "Another string";

  // Check varargs.
  success &= test_varargs ("s, d'\'' f .", "string", 65, 34.234);
  test_varargs_macros ();

  // Check flexible array members.
  struct incomplete_array *ia =
    malloc (sizeof (struct incomplete_array) + (sizeof (double) * 10));
  ia->datasize = 10;
  for (int i = 0; i < ia->datasize; ++i)
    ia->data[i] = i * 1.234;

  // Check named initializers.
  struct named_init ni = {
    .number = 34,
    .name = L"Test wide string",
    .average = 543.34343,
  };

  ni.number = 58;

  int dynamic_array[ni.number];
  dynamic_array[0] = argv[0][0];
  dynamic_array[ni.number - 1] = 543;

  // work around unused variable warnings
  ok |= (!success || bignum == 0LL || ubignum == 0uLL || newvar[0] == '\''x'\''
	 || dynamic_array[ni.number - 1] != 543);

  
  _Static_assert ((offsetof (struct anonymous, i)
		   == offsetof (struct anonymous, w.k)),
		  "Anonymous union alignment botch");
  v1.i = 2;
  v1.w.k = 5;
  ok |= v1.i != 5;

  return ok;
}
'
ac_c_conftest_c89_globals='
/* Does the compiler advertise C89 conformance?
   Do not test the value of __STDC__, because some compilers set it to 0
   while being otherwise adequately conformant. */
#if !defined __STDC__
# error "Compiler does not advertise C89 conformance"
#endif

#include <stddef.h>
#include <stdarg.h>
struct stat;
/* Most of the following tests are stolen from RCS 5.7 src/conf.sh.  */
struct buf { int x; };
struct buf * (*rcsopen) (struct buf *, struct stat *, int);
static char *e (p, i)
     char **p;
     int i;
{
  return p[i];
}
static char *f (char * (*g) (char **, int), char **p, ...)
{
  char *s;
  va_list v;
  va_start (v,p);
  s = g (p, va_arg (v,int));
  va_end (v);
  return s;
}

/* OSF 4.0 Compaq cc is some sort of almost-ANSI by default.  It has
   function prototypes and stuff, but not \xHH hex character constants.
   These do not provoke an error unfortunately, instead are silently treated
   as an "x".  The following induces an error, until -std is added to get
   proper ANSI mode.  Curiously \x00 != x always comes out true, for an
   array size at least.  It is necessary to write \x00 == 0 to get something
   that is true only with -std.  */
int osf4_cc_array ['\''\x00'\'' == 0 ? 1 : -1];

/* IBM C 6 for AIX is almost-ANSI by default, but it replaces macro parameters
   inside strings and character constants.  */
#define FOO(x) '\''x'\''
int xlc6_cc_array[FOO(a) == '\''x'\'' ? 1 : -1];

int test (int i, double x);
struct s1 {int (*f) (int a);};
struct s2 {int (*f) (double a);};
int pairnames (int, char **, int *(*)(struct buf *, struct stat *, int),
               int, int);'
ac_c_conftest_c89_main='
ok |= (argc == 0 || f (e, argv, 0) != argv[0] || f (e, argv, 1) != argv[1]);
'
ac_c_conftest_c89_program='
/* Does the compiler advertise C89 conformance?
   Do not test the value of __STDC__, because some compilers set it to 0
   while being otherwise adequately conformant. */
#if !defined __STDC__
# error "Compiler does not advertise C89 conformance"
#endif

#include <stddef.h>
#include <stdarg.h>
struct stat;
/* Most of the following tests are stolen from RCS 5.7 src/conf.sh.  */
struct buf { int x; };
struct buf * (*rcsopen) (struct buf *, struct stat *, int);
static char *e (p, i)
     char **p;
     int i;
{
  return p[i];
}
static char *f (char * (*g) (char **, int), char **p, ...)
{
  char *s;
  va_list v;
  va_start (v,p);
  s = g (p, va_arg (v,int));
  va_end (v);
  return s;
}

/* OSF 4.0 Compaq cc is some sort of almost-ANSI by default.  It has
   function prototypes and stuff, but not \xHH hex character constants.
   These do not provoke an error unfortunately, instead are silently treated
   as an "x".  The following induces an error, until -std is added to get
   proper ANSI mode.  Curiously \x00 != x always comes out true, for an
   array size at least.  It is necessary to write \x00 == 0 to get something
   that is true only with -std.  */
int osf4_cc_array ['\''\x00'\'' == 0 ? 1 : -1];

/* IBM C 6 for AIX is almost-ANSI by default, but it replaces macro parameters
   inside strings and character constants.  */
#define FOO(x) '\''x'\''
int xlc6_cc_array[FOO(a) == '\''x'\'' ? 1 : -1];

int test (int i, double x);
struct s1 {int (*f) (int a);};
struct s2 {int (*f) (double a);};
int pairnames (int, char **, int *(*)(struct buf *, struct stat *, int),
               int, int);

int
main (int argc, char **argv)
{
  int ok = 0;
  
ok |= (argc == 0 || f (e, argv, 0) != argv[0] || f (e, argv, 1) != argv[1]);

  return ok;
}
'
ac_c_conftest_c99_globals='
// Does the compiler advertise C99 conformance?
#if !defined __STDC_VERSION__ || __STDC_VERSION__ < 199901L
# error "Compiler does not advertise C99 conformance"
#endif

#include <stdbool.h>
extern int puts (const char *);
extern int printf (const char *, ...);
extern int dprintf (int, const char *, ...);
extern void *malloc (size_t);

// Check varargs macros.  These examples are taken from C99 6.10.3.5.
// dprintf is used instead of fprintf to avoid needing to declare
// FILE and stderr.
#define debug(...) dprintf (2, __VA_ARGS__)
#define showlist(...) puts (#__VA_ARGS__)
#define report(test,...) ((test) ? puts (#test) : printf (__VA_ARGS__))
static void
test_varargs_macros (void)
{
  int x = 1234;
  int y = 5678;
  debug ("Flag");
  debug ("X = %d\n", x);
  showlist (The first, second, and third items.);
  report (x>y, "x is %d but y is %d", x, y);
}

// Check long long types.
#define BIG64 18446744073709551615ull
#define BIG32 4294967295ul
#define BIG_OK (BIG64 / BIG32 == 4294967297ull && BIG64 % BIG32 == 0)
#if !BIG_OK
  #error "your preprocessor is broken"
#endif
#if BIG_OK
#else
  #error "your preprocessor is broken"
#endif
static long long int bignum = -9223372036854775807LL;
static unsigned long long int ubignum = BIG64;

struct incomplete_array
{
  int datasize;
  double data[];
};

struct named_init {
  int number;
  const wchar_t *name;
  double average;
};

typedef const char *ccp;

static inline int
test_restrict (ccp restrict text)
{
  // See if C++-style comments work.
  // Iterate through items via the restricted pointer.
  // Also check for declarations in for loops.
  for (unsigned int i = 0; *(text+i) != '\''\0'\''; ++i)
    continue;
  return 0;
}

// Check varargs and va_copy.
static bool
test_varargs (const char *format, ...)
{
  va_list args;
  va_start (args, format);
  va_list args_copy;
  va_copy (args_copy, args);

  const char *str = "";
  int number = 0;
  float fnumber = 0;

  while (*format)
    {
      switch (*format++)
	{
	case '\''s'\'': // string
	  str = va_arg (args_copy, const char *);
	  break;
	case '\''d'\'': // int
	  number = va_arg (args_copy, int);
	  break;
	case '\''f'\'': // float
	  fnumber = va_arg (args_copy, double);
	  break;
	default:
	  break;
	}
    }
  va_end (args_copy);
  va_end (args);

  return *str && number && fnumber;
}
'
ac_c_conftest_c99_main='
  // Check bool.
  _Bool success = false;
  success |= (argc != 0);

  // Check restrict.
  if (test_restrict ("String literal") == 0)
    success = true;
  char *restrict newvar = "Another string";

  // Check varargs.
  success &= test_varargs ("s, d'\'' f .", "string", 65, 34.234);
  test_varargs_macros ();

  // Check flexible array members.
  struct incomplete_array *ia =
    malloc (sizeof (struct incomplete_array) + (sizeof (double) * 10));
  ia->datasize = 10;
  for (int i = 0; i < ia->datasize; ++i)
    ia->data[i] = i * 1.234;

  // Check named initializers.
  struct named_init ni = {
    .number = 34,
    .name = L"Test wide string",
    .average = 543.34343,
  };

  ni.number = 58;

  int dynamic_array[ni.number];
  dynamic_array[0] = argv[0][0];
  dynamic_array[ni.number - 1] = 543;

  // work around unused variable warnings
  ok |= (!success || bignum == 0LL || ubignum == 0uLL || newvar[0] == '\''x'\''
	 || dynamic_array[ni.number - 1] != 543);
'
ac_c_conftest_c99_program='
/* Does the compiler advertise C89 conformance?
   Do not test the value of __STDC__, because some compilers set it to 0
   while being otherwise adequately conformant. */
#if !defined __STDC__
# error "Compiler does not advertise C89 conformance"
#endif

#include <stddef.h>
#include <stdarg.h>
struct stat;
/* Most of the following tests are stolen from RCS 5.7 src/conf.sh.  */
struct buf { int x; };
struct buf * (*rcsopen) (struct buf *, struct stat *, int);
static char *e (p, i)
     char **p;
     int i;
{
  return p[i];
}
static char *f (char * (*g) (char **, int), char **p, ...)
{
  char *s;
  va_list v;
  va_start (v,p);
  s = g (p, va_arg (v,int));
  va_end (v);
  return s;
}

/* OSF 4.0 Compaq cc is some sort of almost-ANSI by default.  It has
   function prototypes and stuff, but not \xHH hex character constants.
   These do not provoke an error unfortunately, instead are silently treated
   as an "x".  The following induces an error, until -std is added to get
   proper ANSI mode.  Curiously \x00 != x always comes out true, for an
   array size at least.  It is necessary to write \x00 == 0 to get something
   that is true only with -std.  */
int osf4_cc_array ['\''\x00'\'' == 0 ? 1 : -1];

/* IBM C 6 for AIX is almost-ANSI by default, but it replaces macro parameters
   inside strings and character constants.  */
#define FOO(x) '\''x'\''
int xlc6_cc_array[FOO(a) == '\''x'\'' ? 1 : -1];

int test (int i, double x);
struct s1 {int (*f) (int a);};
struct s2 {int (*f) (double a);};
int pairnames (int, char **, int *(*)(struct buf *, struct stat *, int),
               int, int);

// Does the compiler advertise C99 conformance?
#if !defined __STDC_VERSION__ || __STDC_VERSION__ < 199901L
# error "Compiler does not advertise C99 conformance"
#endif

#include <stdbool.h>
extern int puts (const char *);
extern int printf (const char *, ...);
extern int dprintf (int, const char *, ...);
extern void *malloc (size_t);

// Check varargs macros.  These examples are taken from C99 6.10.3.5.
// dprintf is used instead of fprintf to avoid needing to declare
// FILE and stderr.
#define debug(...) dprintf (2, __VA_ARGS__)
#define showlist(...) puts (#__VA_ARGS__)
#define report(test,...) ((test) ? puts (#test) : printf (__VA_ARGS__))
static void
test_varargs_macros (void)
{
  int x = 1234;
  int y = 5678;
  debug ("Flag");
  debug ("X = %d\n", x);
  showlist (The first, second, and third items.);
  report (x>y, "x is %d but y is %d", x, y);
}

// Check long long types.
#define BIG64 18446744073709551615ull
#define BIG32 4294967295ul
#define BIG_OK (BIG64 / BIG32 == 4294967297ull && BIG64 % BIG32 == 0)
#if !BIG_OK
  #error "your preprocessor is broken"
#endif
#if BIG_OK
#else
  #error "your preprocessor is broken"
#endif
static long long int bignum = -9223372036854775807LL;
static unsigned long long int ubignum = BIG64;

struct incomplete_array
{
  int datasize;
  double data[];
};

struct named_init {
  int number;
  const wchar_t *name;
  double average;
};

typedef const char *ccp;

static inline int
test_restrict (ccp restrict text)
{
  // See if C++-style comments work.
  // Iterate through items via the restricted pointer.
  // Also check for declarations in for loops.
  for (unsigned int i = 0; *(text+i) != '\''\0'\''; ++i)
    continue;
  return 0;
}

// Check varargs and va_copy.
static bool
test_varargs (const char *format, ...)
{
  va_list args;
  va_start (args, format);
  va_list args_copy;
  va_copy (args_copy, args);

  const char *str = "";
  int number = 0;
  float fnumber = 0;

  while (*format)
    {
      switch (*format++)
	{
	case '\''s'\'': // string
	  str = va_arg (args_copy, const char *);
	  break;
	case '\''d'\'': // int
	  number = va_arg (args_copy, int);
	  break;
	case '\''f'\'': // float
	  fnumber = va_arg (args_copy, double);
	  break;
	default:
	  break;
	}
    }
  va_end (args_copy);
  va_end (args);

  return *str && number && fnumber;
}


int
main (int argc, char **argv)
{
  int ok = 0;
  
ok |= (argc == 0 || f (e, argv, 0) != argv[0] || f (e, argv, 1) != argv[1]);

  
  // Check bool.
  _Bool success = false;
  success |= (argc != 0);

  // Check restrict.
  if (test_restrict ("String literal") == 0)
    success = true;
  char *restrict newvar = "Another string";

  // Check varargs.
  success &= test_varargs ("s, d'\'' f .", "string", 65, 34.234);
  test_varargs_macros ();

  // Check flexible array members.
  struct incomplete_array *ia =
    malloc (sizeof (struct incomplete_array) + (sizeof (double) * 10));
  ia->datasize = 10;
  for (int i = 0; i < ia->datasize; ++i)
    ia->data[i] = i * 1.234;

  // Check named initializers.
  struct named_init ni = {
    .number = 34,
    .name = L"Test wide string",
    .average = 543.34343,
  };

  ni.number = 58;

  int dynamic_array[ni.number];
  dynamic_array[0] = argv[0][0];
  dynamic_array[ni.number - 1] = 543;

  // work around unused variable warnings
  ok |= (!success || bignum == 0LL || ubignum == 0uLL || newvar[0] == '\''x'\''
	 || dynamic_array[ni.number - 1] != 543);

  return ok;
}
'
ac_cache_corrupted=false
ac_clean_files=
ac_compile='$CC -c $CFLAGS $CPPFLAGS conftest.$ac_ext >&5'
ac_compiler_gnu=
ac_confdir=.
ac_config_commands=' pubconf'
ac_config_guess='/bin/sh ./bin/config.guess'
ac_config_headers=' src/H5config.h'
ac_config_libobj_dir=.
ac_config_sub='/bin/sh ./bin/config.sub'
ac_configure_args=' '\''--prefix=/home/tjq4954/hdf5'\'' '\''build_alias=x86_64-conda-linux-gnu'\'' '\''host_alias=x86_64-conda-linux-gnu'\'' '\''CC=/home/tjq4954/.conda/envs/inhyeok/bin/x86_64-conda-linux-gnu-cc'\'' '\''CFLAGS=-march=nocona -mtune=haswell -ftree-vectorize -fPIC -fstack-protector-strong -fno-plt -O2 -ffunction-sections -pipe -isystem /home/tjq4954/.conda/envs/inhyeok/include'\'' '\''LDFLAGS=-Wl,-O2 -Wl,--sort-common -Wl,--as-needed -Wl,-z,relro -Wl,-z,now -Wl,--disable-new-dtags -Wl,--gc-sections -Wl,--allow-shlib-undefined -Wl,-rpath,/home/tjq4954/.conda/envs/inhyeok/lib -Wl,-rpath-link,/home/tjq4954/.conda/envs/inhyeok/lib -L/home/tjq4954/.conda/envs/inhyeok/lib'\'' '\''CPPFLAGS=-DNDEBUG -D_FORTIFY_SOURCE=2 -O2 -isystem /home/tjq4954/.conda/envs/inhyeok/include'\'' '\''CXX=/home/tjq4954/.conda/envs/inhyeok/bin/x86_64-conda-linux-gnu-c++'\'' '\''CXXFLAGS=-fvisibility-inlines-hidden -fmessage-length=0 -march=nocona -mtune=haswell -ftree-vectorize -fPIC -fstack-protector-strong -fno-plt -O2 -ffunction-sections -pipe -isystem /home/tjq4954/.conda/envs/inhyeok/include'\'''
ac_configure_args_raw=' --prefix=/home/tjq4954/hdf5'
ac_cpp='$CPP $CPPFLAGS'
ac_cv_build=x86_64-conda-linux-gnu
ac_cv_env_CCC_set=
ac_cv_env_CCC_value=
ac_cv_env_CC_set=set
ac_cv_env_CC_value=/home/tjq4954/.conda/envs/inhyeok/bin/x86_64-conda-linux-gnu-cc
ac_cv_env_CFLAGS_set=set
ac_cv_env_CFLAGS_value='-march=nocona -mtune=haswell -ftree-vectorize -fPIC -fstack-protector-strong -fno-plt -O2 -ffunction-sections -pipe -isystem /home/tjq4954/.conda/envs/inhyeok/include'
ac_cv_env_CPPFLAGS_set=set
ac_cv_env_CPPFLAGS_value='-DNDEBUG -D_FORTIFY_SOURCE=2 -O2 -isystem /home/tjq4954/.conda/envs/inhyeok/include'
ac_cv_env_CXXCPP_set=
ac_cv_env_CXXCPP_value=
ac_cv_env_CXXFLAGS_set=set
ac_cv_env_CXXFLAGS_value='-fvisibility-inlines-hidden -fmessage-length=0 -march=nocona -mtune=haswell -ftree-vectorize -fPIC -fstack-protector-strong -fno-plt -O2 -ffunction-sections -pipe -isystem /home/tjq4954/.conda/envs/inhyeok/include'
ac_cv_env_CXX_set=set
ac_cv_env_CXX_value=/home/tjq4954/.conda/envs/inhyeok/bin/x86_64-conda-linux-gnu-c++
ac_cv_env_DOXYGEN_PAPER_SIZE_set=
ac_cv_env_DOXYGEN_PAPER_SIZE_value=
ac_cv_env_FCFLAGS_set=
ac_cv_env_FCFLAGS_value=
ac_cv_env_FC_set=
ac_cv_env_FC_value=
ac_cv_env_LDFLAGS_set=set
ac_cv_env_LDFLAGS_value='-Wl,-O2 -Wl,--sort-common -Wl,--as-needed -Wl,-z,relro -Wl,-z,now -Wl,--disable-new-dtags -Wl,--gc-sections -Wl,--allow-shlib-undefined -Wl,-rpath,/home/tjq4954/.conda/envs/inhyeok/lib -Wl,-rpath-link,/home/tjq4954/.conda/envs/inhyeok/lib -L/home/tjq4954/.conda/envs/inhyeok/lib'
ac_cv_env_LIBS_set=
ac_cv_env_LIBS_value=
ac_cv_env_LT_SYS_LIBRARY_PATH_set=
ac_cv_env_LT_SYS_LIBRARY_PATH_value=
ac_cv_env_build_alias_set=set
ac_cv_env_build_alias_value=x86_64-conda-linux-gnu
ac_cv_env_host_alias_set=set
ac_cv_env_host_alias_value=x86_64-conda-linux-gnu
ac_cv_env_target_alias_set=
ac_cv_env_target_alias_value=
ac_cv_host=x86_64-conda-linux-gnu
ac_cv_path_install='/usr/bin/install -c'
ac_cv_path_mkdir=/usr/bin/mkdir
ac_cv_prog_AWK=gawk
ac_cv_prog_make_make_set=yes
ac_cxx_conftest_cxx11_globals='
// Does the compiler advertise C++ 2011 conformance?
#if !defined __cplusplus || __cplusplus < 201103L
# error "Compiler does not advertise C++11 conformance"
#endif

namespace cxx11test
{
  constexpr int get_val() { return 20; }

  struct testinit
  {
    int i;
    double d;
  };

  class delegate
  {
  public:
    delegate(int n) : n(n) {}
    delegate(): delegate(2354) {}

    virtual int getval() { return this->n; };
  protected:
    int n;
  };

  class overridden : public delegate
  {
  public:
    overridden(int n): delegate(n) {}
    virtual int getval() override final { return this->n * 2; }
  };

  class nocopy
  {
  public:
    nocopy(int i): i(i) {}
    nocopy() = default;
    nocopy(const nocopy&) = delete;
    nocopy & operator=(const nocopy&) = delete;
  private:
    int i;
  };

  // for testing lambda expressions
  template <typename Ret, typename Fn> Ret eval(Fn f, Ret v)
  {
    return f(v);
  }

  // for testing variadic templates and trailing return types
  template <typename V> auto sum(V first) -> V
  {
    return first;
  }
  template <typename V, typename... Args> auto sum(V first, Args... rest) -> V
  {
    return first + sum(rest...);
  }
}
'
ac_cxx_conftest_cxx11_main='
{
  // Test auto and decltype
  auto a1 = 6538;
  auto a2 = 48573953.4;
  auto a3 = "String literal";

  int total = 0;
  for (auto i = a3; *i; ++i) { total += *i; }

  decltype(a2) a4 = 34895.034;
}
{
  // Test constexpr
  short sa[cxx11test::get_val()] = { 0 };
}
{
  // Test initializer lists
  cxx11test::testinit il = { 4323, 435234.23544 };
}
{
  // Test range-based for
  int array[] = {9, 7, 13, 15, 4, 18, 12, 10, 5, 3,
                 14, 19, 17, 8, 6, 20, 16, 2, 11, 1};
  for (auto &x : array) { x += 23; }
}
{
  // Test lambda expressions
  using cxx11test::eval;
  assert (eval ([](int x) { return x*2; }, 21) == 42);
  double d = 2.0;
  assert (eval ([&](double x) { return d += x; }, 3.0) == 5.0);
  assert (d == 5.0);
  assert (eval ([=](double x) mutable { return d += x; }, 4.0) == 9.0);
  assert (d == 5.0);
}
{
  // Test use of variadic templates
  using cxx11test::sum;
  auto a = sum(1);
  auto b = sum(1, 2);
  auto c = sum(1.0, 2.0, 3.0);
}
{
  // Test constructor delegation
  cxx11test::delegate d1;
  cxx11test::delegate d2();
  cxx11test::delegate d3(45);
}
{
  // Test override and final
  cxx11test::overridden o1(55464);
}
{
  // Test nullptr
  char *c = nullptr;
}
{
  // Test template brackets
  test_template<::test_template<int>> v(test_template<int>(12));
}
{
  // Unicode literals
  char const *utf8 = u8"UTF-8 string \u2500";
  char16_t const *utf16 = u"UTF-8 string \u2500";
  char32_t const *utf32 = U"UTF-32 string \u2500";
}
'
ac_cxx_conftest_cxx11_program='
// Does the compiler advertise C++98 conformance?
#if !defined __cplusplus || __cplusplus < 199711L
# error "Compiler does not advertise C++98 conformance"
#endif

// These inclusions are to reject old compilers that
// lack the unsuffixed header files.
#include <cstdlib>
#include <exception>

// <cassert> and <cstring> are *not* freestanding headers in C++98.
extern void assert (int);
namespace std {
  extern int strcmp (const char *, const char *);
}

// Namespaces, exceptions, and templates were all added after "C++ 2.0".
using std::exception;
using std::strcmp;

namespace {

void test_exception_syntax()
{
  try {
    throw "test";
  } catch (const char *s) {
    // Extra parentheses suppress a warning when building autoconf itself,
    // due to lint rules shared with more typical C programs.
    assert (!(strcmp) (s, "test"));
  }
}

template <typename T> struct test_template
{
  T const val;
  explicit test_template(T t) : val(t) {}
  template <typename U> T add(U u) { return static_cast<T>(u) + val; }
};

} // anonymous namespace


// Does the compiler advertise C++ 2011 conformance?
#if !defined __cplusplus || __cplusplus < 201103L
# error "Compiler does not advertise C++11 conformance"
#endif

namespace cxx11test
{
  constexpr int get_val() { return 20; }

  struct testinit
  {
    int i;
    double d;
  };

  class delegate
  {
  public:
    delegate(int n) : n(n) {}
    delegate(): delegate(2354) {}

    virtual int getval() { return this->n; };
  protected:
    int n;
  };

  class overridden : public delegate
  {
  public:
    overridden(int n): delegate(n) {}
    virtual int getval() override final { return this->n * 2; }
  };

  class nocopy
  {
  public:
    nocopy(int i): i(i) {}
    nocopy() = default;
    nocopy(const nocopy&) = delete;
    nocopy & operator=(const nocopy&) = delete;
  private:
    int i;
  };

  // for testing lambda expressions
  template <typename Ret, typename Fn> Ret eval(Fn f, Ret v)
  {
    return f(v);
  }

  // for testing variadic templates and trailing return types
  template <typename V> auto sum(V first) -> V
  {
    return first;
  }
  template <typename V, typename... Args> auto sum(V first, Args... rest) -> V
  {
    return first + sum(rest...);
  }
}


int
main (int argc, char **argv)
{
  int ok = 0;
  
  assert (argc);
  assert (! argv[0]);
{
  test_exception_syntax ();
  test_template<double> tt (2.0);
  assert (tt.add (4) == 6.0);
  assert (true && !false);
}

  
{
  // Test auto and decltype
  auto a1 = 6538;
  auto a2 = 48573953.4;
  auto a3 = "String literal";

  int total = 0;
  for (auto i = a3; *i; ++i) { total += *i; }

  decltype(a2) a4 = 34895.034;
}
{
  // Test constexpr
  short sa[cxx11test::get_val()] = { 0 };
}
{
  // Test initializer lists
  cxx11test::testinit il = { 4323, 435234.23544 };
}
{
  // Test range-based for
  int array[] = {9, 7, 13, 15, 4, 18, 12, 10, 5, 3,
                 14, 19, 17, 8, 6, 20, 16, 2, 11, 1};
  for (auto &x : array) { x += 23; }
}
{
  // Test lambda expressions
  using cxx11test::eval;
  assert (eval ([](int x) { return x*2; }, 21) == 42);
  double d = 2.0;
  assert (eval ([&](double x) { return d += x; }, 3.0) == 5.0);
  assert (d == 5.0);
  assert (eval ([=](double x) mutable { return d += x; }, 4.0) == 9.0);
  assert (d == 5.0);
}
{
  // Test use of variadic templates
  using cxx11test::sum;
  auto a = sum(1);
  auto b = sum(1, 2);
  auto c = sum(1.0, 2.0, 3.0);
}
{
  // Test constructor delegation
  cxx11test::delegate d1;
  cxx11test::delegate d2();
  cxx11test::delegate d3(45);
}
{
  // Test override and final
  cxx11test::overridden o1(55464);
}
{
  // Test nullptr
  char *c = nullptr;
}
{
  // Test template brackets
  test_template<::test_template<int>> v(test_template<int>(12));
}
{
  // Unicode literals
  char const *utf8 = u8"UTF-8 string \u2500";
  char16_t const *utf16 = u"UTF-8 string \u2500";
  char32_t const *utf32 = U"UTF-32 string \u2500";
}

  return ok;
}
'
ac_cxx_conftest_cxx98_globals='
// Does the compiler advertise C++98 conformance?
#if !defined __cplusplus || __cplusplus < 199711L
# error "Compiler does not advertise C++98 conformance"
#endif

// These inclusions are to reject old compilers that
// lack the unsuffixed header files.
#include <cstdlib>
#include <exception>

// <cassert> and <cstring> are *not* freestanding headers in C++98.
extern void assert (int);
namespace std {
  extern int strcmp (const char *, const char *);
}

// Namespaces, exceptions, and templates were all added after "C++ 2.0".
using std::exception;
using std::strcmp;

namespace {

void test_exception_syntax()
{
  try {
    throw "test";
  } catch (const char *s) {
    // Extra parentheses suppress a warning when building autoconf itself,
    // due to lint rules shared with more typical C programs.
    assert (!(strcmp) (s, "test"));
  }
}

template <typename T> struct test_template
{
  T const val;
  explicit test_template(T t) : val(t) {}
  template <typename U> T add(U u) { return static_cast<T>(u) + val; }
};

} // anonymous namespace
'
ac_cxx_conftest_cxx98_main='
  assert (argc);
  assert (! argv[0]);
{
  test_exception_syntax ();
  test_template<double> tt (2.0);
  assert (tt.add (4) == 6.0);
  assert (true && !false);
}
'
ac_cxx_conftest_cxx98_program='
// Does the compiler advertise C++98 conformance?
#if !defined __cplusplus || __cplusplus < 199711L
# error "Compiler does not advertise C++98 conformance"
#endif

// These inclusions are to reject old compilers that
// lack the unsuffixed header files.
#include <cstdlib>
#include <exception>

// <cassert> and <cstring> are *not* freestanding headers in C++98.
extern void assert (int);
namespace std {
  extern int strcmp (const char *, const char *);
}

// Namespaces, exceptions, and templates were all added after "C++ 2.0".
using std::exception;
using std::strcmp;

namespace {

void test_exception_syntax()
{
  try {
    throw "test";
  } catch (const char *s) {
    // Extra parentheses suppress a warning when building autoconf itself,
    // due to lint rules shared with more typical C programs.
    assert (!(strcmp) (s, "test"));
  }
}

template <typename T> struct test_template
{
  T const val;
  explicit test_template(T t) : val(t) {}
  template <typename U> T add(U u) { return static_cast<T>(u) + val; }
};

} // anonymous namespace

int
main (int argc, char **argv)
{
  int ok = 0;
  
  assert (argc);
  assert (! argv[0]);
{
  test_exception_syntax ();
  test_template<double> tt (2.0);
  assert (tt.add (4) == 6.0);
  assert (true && !false);
}

  return ok;
}
'
ac_dashdash=
ac_default_prefix=/home/tjq4954/Multiome_PBMC/hdf5-1.14.3/hdf5
ac_env_CCC_set=
ac_env_CCC_value=
ac_env_CC_set=set
ac_env_CC_value=/home/tjq4954/.conda/envs/inhyeok/bin/x86_64-conda-linux-gnu-cc
ac_env_CFLAGS_set=set
ac_env_CFLAGS_value='-march=nocona -mtune=haswell -ftree-vectorize -fPIC -fstack-protector-strong -fno-plt -O2 -ffunction-sections -pipe -isystem /home/tjq4954/.conda/envs/inhyeok/include'
ac_env_CPPFLAGS_set=set
ac_env_CPPFLAGS_value='-DNDEBUG -D_FORTIFY_SOURCE=2 -O2 -isystem /home/tjq4954/.conda/envs/inhyeok/include'
ac_env_CXXCPP_set=
ac_env_CXXCPP_value=
ac_env_CXXFLAGS_set=set
ac_env_CXXFLAGS_value='-fvisibility-inlines-hidden -fmessage-length=0 -march=nocona -mtune=haswell -ftree-vectorize -fPIC -fstack-protector-strong -fno-plt -O2 -ffunction-sections -pipe -isystem /home/tjq4954/.conda/envs/inhyeok/include'
ac_env_CXX_set=set
ac_env_CXX_value=/home/tjq4954/.conda/envs/inhyeok/bin/x86_64-conda-linux-gnu-c++
ac_env_DOXYGEN_PAPER_SIZE_set=
ac_env_DOXYGEN_PAPER_SIZE_value=
ac_env_FCFLAGS_set=
ac_env_FCFLAGS_value=
ac_env_FC_set=
ac_env_FC_value=
ac_env_LDFLAGS_set=set
ac_env_LDFLAGS_value='-Wl,-O2 -Wl,--sort-common -Wl,--as-needed -Wl,-z,relro -Wl,-z,now -Wl,--disable-new-dtags -Wl,--gc-sections -Wl,--allow-shlib-undefined -Wl,-rpath,/home/tjq4954/.conda/envs/inhyeok/lib -Wl,-rpath-link,/home/tjq4954/.conda/envs/inhyeok/lib -L/home/tjq4954/.conda/envs/inhyeok/lib'
ac_env_LIBS_set=
ac_env_LIBS_value=
ac_env_LT_SYS_LIBRARY_PATH_set=
ac_env_LT_SYS_LIBRARY_PATH_value=
ac_env_build_alias_set=set
ac_env_build_alias_value=x86_64-conda-linux-gnu
ac_env_host_alias_set=set
ac_env_host_alias_value=x86_64-conda-linux-gnu
ac_env_target_alias_set=
ac_env_target_alias_value=
ac_exec_ext=
ac_ext=c
ac_first_candidate=:
ac_header_c_list=' stdio.h stdio_h HAVE_STDIO_H stdlib.h stdlib_h HAVE_STDLIB_H string.h string_h HAVE_STRING_H inttypes.h inttypes_h HAVE_INTTYPES_H stdint.h stdint_h HAVE_STDINT_H strings.h strings_h HAVE_STRINGS_H sys/stat.h sys_stat_h HAVE_SYS_STAT_H sys/types.h sys_types_h HAVE_SYS_TYPES_H unistd.h unistd_h HAVE_UNISTD_H'
ac_hostname=qnode1040
ac_includes_default='#include <stddef.h>
#ifdef HAVE_STDIO_H
# include <stdio.h>
#endif
#ifdef HAVE_STDLIB_H
# include <stdlib.h>
#endif
#ifdef HAVE_STRING_H
# include <string.h>
#endif
#ifdef HAVE_INTTYPES_H
# include <inttypes.h>
#endif
#ifdef HAVE_STDINT_H
# include <stdint.h>
#endif
#ifdef HAVE_STRINGS_H
# include <strings.h>
#endif
#ifdef HAVE_SYS_TYPES_H
# include <sys/types.h>
#endif
#ifdef HAVE_SYS_STAT_H
# include <sys/stat.h>
#endif
#ifdef HAVE_UNISTD_H
# include <unistd.h>
#endif'
ac_init_help=
ac_init_version=false
ac_install_sh='./bin/install-sh -c'
ac_link='$CC -o conftest$ac_exeext $CFLAGS $CPPFLAGS $LDFLAGS conftest.$ac_ext $LIBS >&5'
ac_ls_di='537189727 .'
ac_make=make
ac_missing_aux_files=
ac_msg='sources are in ., but `cd .'\'' does not work'
ac_must_keep_next=false
ac_new_set=
ac_new_val=
ac_old_set=
ac_old_val=
ac_optarg=/home/tjq4954/hdf5
ac_option=--prefix=/home/tjq4954/hdf5
ac_pass=2
ac_precious_vars='build_alias
host_alias
target_alias
CC
CFLAGS
LDFLAGS
LIBS
CPPFLAGS
FC
FCFLAGS
CXX
CXXFLAGS
CCC
CXXCPP
DOXYGEN_PAPER_SIZE
LT_SYS_LIBRARY_PATH'
ac_prev=
ac_prog=gawk
ac_pwd=/home/tjq4954/Multiome_PBMC/hdf5-1.14.3
ac_pwd_ls_di='537189727 .'
ac_safe_unquote='s/ '\''\([^|&;<>()$`\\"*?[ 	#~][^|&;<>()$`\\"*?[ 	]*\)'\''/ \1/g'
ac_save_IFS=' 	
'
ac_script='s/[\\$]/&&/g;s/;s,x,x,$//'
ac_signal=0
ac_site_file=/home/tjq4954/hdf5/etc/config.site
ac_site_files='/home/tjq4954/hdf5/share/config.site /home/tjq4954/hdf5/etc/config.site'
ac_srcdir_defaulted=yes
ac_subst_files=
ac_subst_vars='am__EXEEXT_FALSE
am__EXEEXT_TRUE
LTLIBOBJS
LIBOBJS
HAVE_SHARED_CONDITIONAL_FALSE
HAVE_SHARED_CONDITIONAL_TRUE
fortran_linux_linker_option
enable_static
enable_shared
STATIC_SHARED
SEARCH
BUILD_DOXYGEN_CONDITIONAL_FALSE
BUILD_DOXYGEN_CONDITIONAL_TRUE
BUILD_TOOLS_HL_GIF_CONDITIONAL_FALSE
BUILD_TOOLS_HL_GIF_CONDITIONAL_TRUE
BUILD_TOOLS_CONDITIONAL_FALSE
BUILD_TOOLS_CONDITIONAL_TRUE
BUILD_TESTS_PARALLEL_CONDITIONAL_FALSE
BUILD_TESTS_PARALLEL_CONDITIONAL_TRUE
BUILD_TESTS_CONDITIONAL_FALSE
BUILD_TESTS_CONDITIONAL_TRUE
BUILD_HDF5_HL_CONDITIONAL_FALSE
BUILD_HDF5_HL_CONDITIONAL_TRUE
BUILD_JAVA_CONDITIONAL_FALSE
BUILD_JAVA_CONDITIONAL_TRUE
BUILD_FORTRAN_CONDITIONAL_FALSE
BUILD_FORTRAN_CONDITIONAL_TRUE
BUILD_PARALLEL_CONDITIONAL_FALSE
BUILD_PARALLEL_CONDITIONAL_TRUE
BUILD_CXX_CONDITIONAL_FALSE
BUILD_CXX_CONDITIONAL_TRUE
PREADWRITE
STRICT_FORMAT_CHECKS
DEFAULT_API_VERSION
DEPRECATED_SYMBOLS
BUILD_ALL_CONDITIONAL_FALSE
BUILD_ALL_CONDITIONAL_TRUE
ROOT
JAVA_VERSION
CXX_VERSION
FC_VERSION
CC_VERSION
WORDS_BIGENDIAN
BYTESEX
CONFIG_MODE
CONFIG_USER
CONFIG_DATE
H5_VERSION
examplesdir
HDFS_VFD_CONDITIONAL_FALSE
HDFS_VFD_CONDITIONAL_TRUE
JNI_LDFLAGS
HAVE_LIBHDFS
ROS3_VFD_CONDITIONAL_FALSE
ROS3_VFD_CONDITIONAL_TRUE
ROS3_VFD
MIRROR_VFD_CONDITIONAL_FALSE
MIRROR_VFD_CONDITIONAL_TRUE
MIRROR_VFD
DIRECT_VFD_CONDITIONAL_FALSE
DIRECT_VFD_CONDITIONAL_TRUE
DIRECT_VFD
HAVE_MERCURY_CONDITIONAL_FALSE
HAVE_MERCURY_CONDITIONAL_TRUE
IOC_VFD_CONDITIONAL_FALSE
IOC_VFD_CONDITIONAL_TRUE
SUBFILING_VFD_CONDITIONAL_FALSE
SUBFILING_VFD_CONDITIONAL_TRUE
HAVE_MERCURY
SUBFILING_VFD
MAP_API
PARALLEL_TOOLS_CONDITIONAL_FALSE
PARALLEL_TOOLS_CONDITIONAL_TRUE
H5DWALK_CPPFLAGS
H5DWALK_LIBS
H5DWALK_LDFLAGS
PARALLEL_TOOLS
LARGE_PARALLEL_IO
PARALLEL_FILTERED_WRITES
INSTRUMENT_LIBRARY
ADD_PARALLEL_FILES
USINGMEMCHECKER
TRACE_API
CODESTACK
INTERNAL_DEBUG_OUTPUT
IGNORE_DISABLED_FILE_LOCKS
USE_FILE_LOCKING
DESIRED_FILE_LOCKING
OPTIMIZATION
PROFILING
ASSERTS
SYMBOLS
DIAGS
HAVE_PTHREAD
THREADSAFE
BUILD_SHARED_SZIP_CONDITIONAL_FALSE
BUILD_SHARED_SZIP_CONDITIONAL_TRUE
USE_FILTER_SZIP
LL_PATH
USE_FILTER_DEFLATE
EXTERNAL_FILTERS
H5_IS_DARWIN
LT_STATIC_EXEC
USE_PLUGINS_CONDITIONAL_FALSE
USE_PLUGINS_CONDITIONAL_TRUE
STATIC_EXEC
LT_SYS_LIBRARY_PATH
OTOOL64
OTOOL
LIPO
NMEDIT
DSYMUTIL
MANIFEST_TOOL
RANLIB
ac_ct_AR
DLLTOOL
OBJDUMP
LN_S
NM
ac_ct_DUMPBIN
DUMPBIN
LD
FGREP
EGREP
GREP
SED
LIBTOOL
DX_RULES
PAPER_SIZE
DOXYGEN_PAPER_SIZE
GENERATE_LATEX
DX_PDFLATEX
DX_FLAG_pdf
DX_EGREP
DX_DVIPS
DX_MAKEINDEX
DX_LATEX
DX_FLAG_ps
DX_FLAG_html
GENERATE_CHI
DX_FLAG_chi
GENERATE_HTMLHELP
GENERATE_HTML
HHC_PATH
DX_HHC
DX_FLAG_chm
GENERATE_XML
DX_FLAG_xml
GENERATE_RTF
DX_FLAG_rtf
GENERATE_MAN
DX_FLAG_man
DOT_PATH
HAVE_DOT
DX_DOT
DX_FLAG_dot
PERL_PATH
DX_PERL
DX_DOXYGEN
DX_FLAG_doc
PROJECT
SRCDIR
DX_ENV
DX_DOCDIR
DX_CONFIG
DX_PROJECT
DOXYGEN_PREDEFINED
DOXYGEN_STRIP_FROM_INC_PATH
DOXYGEN_STRIP_FROM_PATH
DOXYGEN_SEARCHENGINE_URL
DOXYGEN_EXTERNAL_SEARCH
DOXYGEN_SERVER_BASED_SEARCH
DOXYGEN_TAG_FILE
DOXYGEN_HTML_EXTRA_FILES
DOXYGEN_HTML_EXTRA_STYLESHEET
DOXYGEN_HTML_FOOTER
DOXYGEN_HTML_HEADER
DOXYGEN_LAYOUT_FILE
DOXYGEN_EXAMPLES_DIRECTORY
DOXYGEN_OUTPUT_DIRECTORY
DOXYGEN_MACRO_EXPANSION
DOXYGEN_OPTIMIZE_OUTPUT_FOR_C
DOXYGEN_INPUT_DIRECTORY
DOXYGEN_PROJECT_BRIEF
DOXYGEN_PROJECT_LOGO
DOXYGEN_INCLUDE_ALIASES
DOXYGEN_DIR
DOXYGEN_VERSION_STRING
DOXYGEN_PACKAGE
HDF5_DOXY_WARNINGS
HDF5_DOXYGEN
HDF5_TOOLS
H5_TEST_BUILDDIR
H5_UTILS_TEST_BUILDDIR
HDF5_TESTS
FORTRAN_SHARED_CONDITIONAL_FALSE
FORTRAN_SHARED_CONDITIONAL_TRUE
H5_FORTRAN_SHARED
JAVA_PATH_NAME
TESTS_JUNIT
JAVA_JUNIT
JUNIT
_ACJNI_JAVAC
JAVADOC
JAR
JAVAC
JAVA
JAVAFLAGS
JAVACFLAGS
JAVAPREFIX
H5_CLASSPATH
HDF_JAVA
TESTPARALLEL
RUNPARALLEL
RUNSERIAL
PARALLEL
TIME
TR
AR
DIMENSION_SCALES_WITH_NEW_REF
HL_TOOLS
HL_FOR
HL
HDF5_HL_GIF_TOOLS
HDF5_HL_TOOLS
HDF5_HL
CXXCPP
am__fastdepCXX_FALSE
am__fastdepCXX_TRUE
CXXDEPMODE
ac_ct_CXX
CXXFLAGS
CXX
HDF_CXX
Fortran_COMPILER_ID
H5CONFIG_F_IKIND
H5CONFIG_F_NUM_IKIND
H5CONFIG_F_RKIND_SIZEOF
H5CONFIG_F_RKIND
H5CONFIG_F_NUM_RKIND
FORTRAN_C_LONG_DOUBLE_IS_UNIQUE
FORTRAN_HAVE_C_LONG_DOUBLE
HAVE_Fortran_INTEGER_SIZEOF_16
PAC_FORTRAN_NATIVE_DOUBLE_SIZEOF
PAC_FORTRAN_NATIVE_DOUBLE_KIND
PAC_FORTRAN_NATIVE_REAL_SIZEOF
PAC_FORTRAN_NATIVE_REAL_KIND
PAC_FORTRAN_NATIVE_INTEGER_SIZEOF
PAC_FORTRAN_NATIVE_INTEGER_KIND
PAC_FC_ALL_INTEGER_KINDS_SIZEOF
PAC_FC_ALL_REAL_KINDS_SIZEOF
PAC_FC_ALL_INTEGER_KINDS
PAC_FORTRAN_NUM_INTEGER_KINDS
PAC_FC_MAX_REAL_PRECISION
PAC_FC_ALL_REAL_KINDS
FCLIBS
fmoddir
F9XMODEXT
F9XMODFLAG
FSEARCH_DIRS
F9XSUFFIXFLAG
FCFLAGS_f90
ac_ct_FC
FCFLAGS
OBJECT_NAMELEN_DEFAULT_F
SIZE_T
HID_T
HSSIZE_T
HSIZE_T
HADDR_T
R_INTEGER
R_LARGE
FC
PAC_C_MAX_REAL_PRECISION
HDF5_INTERFACES
HDF_FORTRAN
am__fastdepCC_FALSE
am__fastdepCC_TRUE
CCDEPMODE
am__nodep
AMDEPBACKSLASH
AMDEP_FALSE
AMDEP_TRUE
am__include
DEPDIR
OBJEXT
EXEEXT
ac_ct_CC
LDFLAGS
CFLAGS
CC
BUILD_MODE
CLANG_SANITIZE_CHECKS
UNAME_INFO
AM_LDFLAGS
AM_JAVAFLAGS
AM_JAVACFLAGS
AM_JNIFLAGS
AM_CPPFLAGS
AM_CXXFLAGS
AM_FCFLAGS
AM_CFLAGS
H5_LDFLAGS
H5_JAVAFLAGS
H5_JAVACFLAGS
H5_JNIFLAGS
H5_CXXFLAGS
H5_FCFLAGS
H5_CPPFLAGS
H5_CFLAGS
AR_FLAGS
JNIFLAGS
CPPFLAGS
host_os
host_vendor
host_cpu
host
build_os
build_vendor
build_cpu
build
MAINT
MAINTAINER_MODE_FALSE
MAINTAINER_MODE_TRUE
AM_BACKSLASH
AM_DEFAULT_VERBOSITY
AM_DEFAULT_V
AM_V
am__untar
am__tar
AMTAR
am__leading_dot
SET_MAKE
AWK
mkdir_p
MKDIR_P
INSTALL_STRIP_PROGRAM
STRIP
install_sh
MAKEINFO
AUTOHEADER
AUTOMAKE
AUTOCONF
ACLOCAL
VERSION
PACKAGE
CYGPATH_W
am__isrc
INSTALL_DATA
INSTALL_SCRIPT
INSTALL_PROGRAM
target_alias
host_alias
build_alias
LIBS
ECHO_T
ECHO_N
ECHO_C
DEFS
mandir
localedir
libdir
psdir
pdfdir
dvidir
htmldir
infodir
docdir
oldincludedir
includedir
runstatedir
localstatedir
sharedstatedir
sysconfdir
datadir
datarootdir
libexecdir
sbindir
bindir
program_transform_name
prefix
exec_prefix
PACKAGE_URL
PACKAGE_BUGREPORT
PACKAGE_STRING
PACKAGE_VERSION
PACKAGE_TARNAME
PACKAGE_NAME
PATH_SEPARATOR
SHELL
am__quote'
ac_tool_prefix=x86_64-conda-linux-gnu-
ac_unique_file=src/H5.c
ac_unrecognized_opts=
ac_unrecognized_sep=
ac_unsafe_a='|&;<>()$`\\"*?[ 	#~'
ac_unsafe_z='|&;<>()$`\\"*?[ 	'
ac_user_opts='
enable_option_checking
enable_silent_rules
enable_maintainer_mode
enable_warnings_as_errors
enable_sanitize_checks
enable_build_mode
enable_dependency_tracking
enable_unsupported
enable_fortran
with_fmoddir
enable_cxx
enable_hl
enable_dimension_scales_with_new_ref
enable_java
with_java_prefix
with_javac_flags
with_java_flags
enable_tests
enable_test_express
enable_tools
enable_hlgiftools
enable_doxygen
enable_doxygen_errors
enable_doxygen_doc
enable_doxygen_dot
enable_doxygen_man
enable_doxygen_rtf
enable_doxygen_xml
enable_doxygen_chm
enable_doxygen_chi
enable_doxygen_html
enable_doxygen_ps
enable_doxygen_pdf
enable_shared
enable_static
with_pic
enable_fast_install
with_aix_soname
with_gnu_ld
with_sysroot
enable_libtool_lock
enable_static_exec
enable_sharedlib_rpath
with_fnord
with_zlib
with_szlib
enable_threadsafe
with_pthread
enable_debug
enable_production
enable_diags
enable_symbols
enable_asserts
enable_developer_warnings
enable_profiling
enable_optimization
enable_file_locking
enable_internal_debug
enable_codestack
enable_trace
enable_using_memchecker
enable_parallel
enable_instrument
enable_parallel_tools
with_libmfu
enable_map_api
enable_subfiling_vfd
enable_direct_vfd
enable_mirror_vfd
enable_ros3_vfd
with_libhdfs
with_examplesdir
with_default_plugindir
enable_dconv_exception
enable_dconv_accuracy
enable_build_all
enable_deprecated_symbols
with_default_api_version
enable_strict_format_checks
enable_preadwrite
enable_embedded_libinfo
'
ac_val='${localstatedir}/run'
ac_var=LT_SYS_LIBRARY_PATH
ac_word=gawk
am__api_version=1.16
am__leading_dot=.
am__tar='$${TAR-tar} chof - "$$tardir"'
am__untar='$${TAR-tar} xf -'
am_aux_dir=/home/tjq4954/Multiome_PBMC/hdf5-1.14.3/bin
am_cv_make_support_nested_variables=yes
am_lf='
'
am_make=make
am_missing_run='${SHELL} /home/tjq4954/Multiome_PBMC/hdf5-1.14.3/bin/missing '
am_sleep_pid=13670
as_basename=basename
as_bourne_compatible='as_nop=:
if test ${ZSH_VERSION+y} && (emulate sh) >/dev/null 2>&1
then :
  emulate sh
  NULLCMD=:
  # Pre-4.2 versions of Zsh do word splitting on ${1+"$@"}, which
  # is contrary to our usage.  Disable this feature.
  alias -g '\''${1+"$@"}'\''='\''"$@"'\''
  setopt NO_GLOB_SUBST
else $as_nop
  case `(set -o) 2>/dev/null` in #(
  *posix*) :
    set -o posix ;; #(
  *) :
     ;;
esac
fi
'
as_cr_LETTERS=ABCDEFGHIJKLMNOPQRSTUVWXYZ
as_cr_Letters=abcdefghijklmnopqrstuvwxyzABCDEFGHIJKLMNOPQRSTUVWXYZ
as_cr_alnum=abcdefghijklmnopqrstuvwxyzABCDEFGHIJKLMNOPQRSTUVWXYZ0123456789
as_cr_digits=0123456789
as_cr_letters=abcdefghijklmnopqrstuvwxyz
as_dir=/usr/bin/
as_dirname=dirname
as_echo='printf %s\n'
as_echo_n='printf %s'
as_executable_p=as_fn_executable_p
as_expr=expr
as_found=:
as_have_required=yes
as_lineno_1=504
as_lineno_1a=504
as_lineno_2=505
as_lineno_2a=505
as_ln_s='ln -s'
as_me=configure
as_mkdir_p='mkdir -p "$as_dir"'
as_myself=./configure
as_nl='
'
as_nop=as_fn_nop
as_required='as_fn_return () { (exit $1); }
as_fn_success () { as_fn_return 0; }
as_fn_failure () { as_fn_return 1; }
as_fn_ret_success () { return 0; }
as_fn_ret_failure () { return 1; }

exitcode=0
as_fn_success || { exitcode=1; echo as_fn_success failed.; }
as_fn_failure && { exitcode=1; echo as_fn_failure succeeded.; }
as_fn_ret_success || { exitcode=1; echo as_fn_ret_success failed.; }
as_fn_ret_failure && { exitcode=1; echo as_fn_ret_failure succeeded.; }
if ( set x; as_fn_ret_success y && test x = "$1" )
then :

else $as_nop
  exitcode=1; echo positional parameters were not saved.
fi
test x$exitcode = x0 || exit 1
blah=$(echo $(echo blah))
test x"$blah" = xblah || exit 1
test -x / || exit 1'
as_save_IFS=' 	
'
as_suggested='  as_lineno_1=182 as_lineno_1a=$LINENO
  as_lineno_2=183 as_lineno_2a=$LINENO
  eval '\''test "x$as_lineno_1'\''$as_run'\''" != "x$as_lineno_2'\''$as_run'\''" &&
  test "x`expr $as_lineno_1'\''$as_run'\'' + 1`" = "x$as_lineno_2'\''$as_run'\''"'\'' || exit 1
test $(( 1 + 1 )) = 2 || exit 1

  test -n "${ZSH_VERSION+set}${BASH_VERSION+set}" || (
    ECHO='\''\\\\\\\\\\\\\\\\\\\\\\\\\\\\\\\\\\\\\\\\\\\\\\\\\\\\\\\\\\\\\\\\\\\\\\\\\\\\\\\\\\\\\\\\\\\\\\\\\\\\\\\'\''
    ECHO=$ECHO$ECHO$ECHO$ECHO$ECHO
    ECHO=$ECHO$ECHO$ECHO$ECHO$ECHO$ECHO
    PATH=/empty FPATH=/empty; export PATH FPATH
    test "X`printf %s $ECHO`" = "X$ECHO" \
      || test "X`print -r -- $ECHO`" = "X$ECHO" ) || exit 1'
as_test_x='test -x'
as_tr_cpp='eval sed '\''y%*abcdefghijklmnopqrstuvwxyz%PABCDEFGHIJKLMNOPQRSTUVWXYZ%;s%[^_abcdefghijklmnopqrstuvwxyzABCDEFGHIJKLMNOPQRSTUVWXYZ0123456789]%_%g'\'''
as_tr_sh='eval sed '\''y%*+%pp%;s%[^_abcdefghijklmnopqrstuvwxyzABCDEFGHIJKLMNOPQRSTUVWXYZ0123456789]%_%g'\'''
as_unset=as_fn_unset
as_var=CDPATH
bindir='${exec_prefix}/bin'
build=x86_64-conda-linux-gnu
build_alias=x86_64-conda-linux-gnu
build_cpu=x86_64
build_os=linux-gnu
build_vendor=conda
cache_file=/dev/null
cross_compiling=no
datadir='${datarootdir}'
datarootdir='${prefix}/share'
docdir='${datarootdir}/doc/${PACKAGE_TARNAME}'
dvidir='${docdir}'
exec_prefix=NONE
host=x86_64-conda-linux-gnu
host_alias=x86_64-conda-linux-gnu
host_cpu=x86_64
host_os=linux-gnu
host_vendor=conda
htmldir='${docdir}'
includedir='${prefix}/include'
infodir='${datarootdir}/info'
install_sh='${SHELL} /home/tjq4954/Multiome_PBMC/hdf5-1.14.3/bin/install-sh'
libdir='${exec_prefix}/lib'
libexecdir='${exec_prefix}/libexec'
localedir='${datarootdir}/locale'
localstatedir='${prefix}/var'
mandir='${datarootdir}/man'
mkdir_p='$(MKDIR_P)'
no_create=
no_recursion=
oldincludedir=/usr/include
pdfdir='${docdir}'
prefix=/home/tjq4954/hdf5
program_prefix=NONE
program_suffix=NONE
program_transform_name=s,x,x,
psdir='${docdir}'
runstatedir='${localstatedir}/run'
saved_user_CFLAGS='-march=nocona -mtune=haswell -ftree-vectorize -fPIC -fstack-protector-strong -fno-plt -O2 -ffunction-sections -pipe -isystem /home/tjq4954/.conda/envs/inhyeok/include'
saved_user_CPPFLAGS='-DNDEBUG -D_FORTIFY_SOURCE=2 -O2 -isystem /home/tjq4954/.conda/envs/inhyeok/include'
saved_user_CXXFLAGS='-fvisibility-inlines-hidden -fmessage-length=0 -march=nocona -mtune=haswell -ftree-vectorize -fPIC -fstack-protector-strong -fno-plt -O2 -ffunction-sections -pipe -isystem /home/tjq4954/.conda/envs/inhyeok/include'
saved_user_FCFLAGS=
saved_user_JAVACFLAGS=
saved_user_JAVAFLAGS=
saved_user_LDFLAGS='-Wl,-O2 -Wl,--sort-common -Wl,--as-needed -Wl,-z,relro -Wl,-z,now -Wl,--disable-new-dtags -Wl,--gc-sections -Wl,--allow-shlib-undefined -Wl,-rpath,/home/tjq4954/.conda/envs/inhyeok/lib -Wl,-rpath-link,/home/tjq4954/.conda/envs/inhyeok/lib -L/home/tjq4954/.conda/envs/inhyeok/lib'
sbindir='${exec_prefix}/sbin'
sharedstatedir='${prefix}/com'
silent=
site=
srcdir=.
subdirs=
sysconfdir='${prefix}/etc'
target=
verbose=
x_includes=NONE
x_libraries=NONE
configure:4808: result: done
configure:4823: checking if basename works
configure:4829: result: yes
configure:4834: checking if xargs works
configure:4840: result: yes
configure:4848: checking for cached host
configure:4856: result: none
configure:4878: checking enable warnings as errors
configure:4894: result: no
configure:4949: checking for config x86_64-conda-linux-gnu
configure:4957: result: no
configure:4949: checking for config x86_64-conda-linux-gnu
configure:4957: result: no
configure:4949: checking for config conda-linux-gnu
configure:4957: result: no
configure:4949: checking for config conda-linux-gnu
configure:4957: result: no
configure:4949: checking for config x86_64-linux-gnu
configure:4957: result: no
configure:4949: checking for config x86_64-linux-gnu
configure:4957: result: no
configure:4949: checking for config x86_64-conda
configure:4957: result: no
configure:4949: checking for config linux-gnu
configure:4953: result: found
configure:4969: checking for config ./config/site-specific/host-qnode1040
configure:4977: result: no
configure:4987: checking for clang sanitizer checks
configure:5045: checking build mode
configure:5085: result: production
configure:5133: checking for x86_64-conda-linux-gnu-gcc
configure:5165: result: /home/tjq4954/.conda/envs/inhyeok/bin/x86_64-conda-linux-gnu-cc
configure:5563: checking for C compiler version
configure:5572: /home/tjq4954/.conda/envs/inhyeok/bin/x86_64-conda-linux-gnu-cc --version >&5
x86_64-conda-linux-gnu-cc (conda-forge gcc 13.2.0-3) 13.2.0
Copyright (C) 2023 Free Software Foundation, Inc.
This is free software; see the source for copying conditions.  There is NO
warranty; not even for MERCHANTABILITY or FITNESS FOR A PARTICULAR PURPOSE.

configure:5583: $? = 0
configure:5572: /home/tjq4954/.conda/envs/inhyeok/bin/x86_64-conda-linux-gnu-cc -v >&5
Reading specs from /home/tjq4954/.conda/envs/inhyeok/bin/../lib/gcc/x86_64-conda-linux-gnu/13.2.0/specs
could not find specs file conda.specs
COLLECT_GCC=/home/tjq4954/.conda/envs/inhyeok/bin/x86_64-conda-linux-gnu-cc
COLLECT_LTO_WRAPPER=/home/tjq4954/.conda/envs/inhyeok/bin/../libexec/gcc/x86_64-conda-linux-gnu/13.2.0/lto-wrapper
Target: x86_64-conda-linux-gnu
Configured with: ../configure --prefix=/home/conda/feedstock_root/build_artifacts/gcc_compilers_1699751170916/_h_env_placehold_placehold_placehold_placehold_placehold_placehold_placehold_placehold_placehold_placehold_placehold_placehold_placehold_placehold_placehold_placehold_placehold_placeho --with-slibdir=/home/conda/feedstock_root/build_artifacts/gcc_compilers_1699751170916/_h_env_placehold_placehold_placehold_placehold_placehold_placehold_placehold_placehold_placehold_placehold_placehold_placehold_placehold_placehold_placehold_placehold_placehold_placeho/lib --libdir=/home/conda/feedstock_root/build_artifacts/gcc_compilers_1699751170916/_h_env_placehold_placehold_placehold_placehold_placehold_placehold_placehold_placehold_placehold_placehold_placehold_placehold_placehold_placehold_placehold_placehold_placehold_placeho/lib --mandir=/home/conda/feedstock_root/build_artifacts/gcc_compilers_1699751170916/_h_env_placehold_placehold_placehold_placehold_placehold_placehold_placehold_placehold_placehold_placehold_placehold_placehold_placehold_placehold_placehold_placehold_placehold_placeho/man --build=x86_64-conda-linux-gnu --host=x86_64-conda-linux-gnu --target=x86_64-conda-linux-gnu --enable-default-pie --enable-languages=c,c++,fortran,objc,obj-c++ --enable-__cxa_atexit --disable-libmudflap --enable-libgomp --disable-libssp --enable-libquadmath --enable-libquadmath-support --enable-libsanitizer --enable-lto --enable-threads=posix --enable-target-optspace --enable-plugin --enable-gold --disable-nls --disable-bootstrap --disable-multilib --enable-long-long --with-sysroot=/home/conda/feedstock_root/build_artifacts/gcc_compilers_1699751170916/_h_env_placehold_placehold_placehold_placehold_placehold_placehold_placehold_placehold_placehold_placehold_placehold_placehold_placehold_placehold_placehold_placehold_placehold_placeho/x86_64-conda-linux-gnu/sysroot --with-build-sysroot=/home/conda/feedstock_root/build_artifacts/gcc_compilers_1699751170916/_build_env/x86_64-conda-linux-gnu/sysroot --with-gxx-include-dir=/home/conda/feedstock_root/build_artifacts/gcc_compilers_1699751170916/_h_env_placehold_placehold_placehold_placehold_placehold_placehold_placehold_placehold_placehold_placehold_placehold_placehold_placehold_placehold_placehold_placehold_placehold_placeho/x86_64-conda-linux-gnu/include/c++/13.2.0 --with-pkgversion='conda-forge gcc 13.2.0-3' --with-bugurl=https://github.com/conda-forge/ctng-compilers-feedstock/issues/new/choose
Thread model: posix
Supported LTO compression algorithms: zlib
gcc version 13.2.0 (conda-forge gcc 13.2.0-3) 
configure:5583: $? = 0
configure:5572: /home/tjq4954/.conda/envs/inhyeok/bin/x86_64-conda-linux-gnu-cc -V >&5
x86_64-conda-linux-gnu-cc: error: unrecognized command-line option '-V'
x86_64-conda-linux-gnu-cc: fatal error: no input files
compilation terminated.
configure:5583: $? = 1
configure:5572: /home/tjq4954/.conda/envs/inhyeok/bin/x86_64-conda-linux-gnu-cc -qversion >&5
x86_64-conda-linux-gnu-cc: error: unrecognized command-line option '-qversion'; did you mean '--version'?
x86_64-conda-linux-gnu-cc: fatal error: no input files
compilation terminated.
configure:5583: $? = 1
configure:5572: /home/tjq4954/.conda/envs/inhyeok/bin/x86_64-conda-linux-gnu-cc -version >&5
x86_64-conda-linux-gnu-cc: error: unrecognized command-line option '-version'
x86_64-conda-linux-gnu-cc: fatal error: no input files
compilation terminated.
configure:5583: $? = 1
configure:5603: checking whether the C compiler works
configure:5625: /home/tjq4954/.conda/envs/inhyeok/bin/x86_64-conda-linux-gnu-cc  -march=nocona -mtune=haswell -ftree-vectorize -fPIC -fstack-protector-strong -fno-plt -O2 -ffunction-sections -pipe -isystem /home/tjq4954/.conda/envs/inhyeok/include  -DNDEBUG -D_FORTIFY_SOURCE=2 -O2 -isystem /home/tjq4954/.conda/envs/inhyeok/include  -Wl,-O2 -Wl,--sort-common -Wl,--as-needed -Wl,-z,relro -Wl,-z,now -Wl,--disable-new-dtags -Wl,--gc-sections -Wl,--allow-shlib-undefined -Wl,-rpath,/home/tjq4954/.conda/envs/inhyeok/lib -Wl,-rpath-link,/home/tjq4954/.conda/envs/inhyeok/lib -L/home/tjq4954/.conda/envs/inhyeok/lib conftest.c  >&5
configure:5629: $? = 0
configure:5679: result: yes
configure:5682: checking for C compiler default output file name
configure:5684: result: a.out
configure:5690: checking for suffix of executables
configure:5697: /home/tjq4954/.conda/envs/inhyeok/bin/x86_64-conda-linux-gnu-cc -o conftest  -march=nocona -mtune=haswell -ftree-vectorize -fPIC -fstack-protector-strong -fno-plt -O2 -ffunction-sections -pipe -isystem /home/tjq4954/.conda/envs/inhyeok/include  -DNDEBUG -D_FORTIFY_SOURCE=2 -O2 -isystem /home/tjq4954/.conda/envs/inhyeok/include  -Wl,-O2 -Wl,--sort-common -Wl,--as-needed -Wl,-z,relro -Wl,-z,now -Wl,--disable-new-dtags -Wl,--gc-sections -Wl,--allow-shlib-undefined -Wl,-rpath,/home/tjq4954/.conda/envs/inhyeok/lib -Wl,-rpath-link,/home/tjq4954/.conda/envs/inhyeok/lib -L/home/tjq4954/.conda/envs/inhyeok/lib conftest.c  >&5
configure:5701: $? = 0
configure:5724: result: 
configure:5746: checking whether we are cross compiling
configure:5754: /home/tjq4954/.conda/envs/inhyeok/bin/x86_64-conda-linux-gnu-cc -o conftest  -march=nocona -mtune=haswell -ftree-vectorize -fPIC -fstack-protector-strong -fno-plt -O2 -ffunction-sections -pipe -isystem /home/tjq4954/.conda/envs/inhyeok/include  -DNDEBUG -D_FORTIFY_SOURCE=2 -O2 -isystem /home/tjq4954/.conda/envs/inhyeok/include  -Wl,-O2 -Wl,--sort-common -Wl,--as-needed -Wl,-z,relro -Wl,-z,now -Wl,--disable-new-dtags -Wl,--gc-sections -Wl,--allow-shlib-undefined -Wl,-rpath,/home/tjq4954/.conda/envs/inhyeok/lib -Wl,-rpath-link,/home/tjq4954/.conda/envs/inhyeok/lib -L/home/tjq4954/.conda/envs/inhyeok/lib conftest.c  >&5
configure:5758: $? = 0
configure:5765: ./conftest
configure:5769: $? = 0
configure:5784: result: no
configure:5789: checking for suffix of object files
configure:5812: /home/tjq4954/.conda/envs/inhyeok/bin/x86_64-conda-linux-gnu-cc -c  -march=nocona -mtune=haswell -ftree-vectorize -fPIC -fstack-protector-strong -fno-plt -O2 -ffunction-sections -pipe -isystem /home/tjq4954/.conda/envs/inhyeok/include  -DNDEBUG -D_FORTIFY_SOURCE=2 -O2 -isystem /home/tjq4954/.conda/envs/inhyeok/include conftest.c >&5
configure:5816: $? = 0
configure:5838: result: o
configure:5842: checking whether the compiler supports GNU C
configure:5862: /home/tjq4954/.conda/envs/inhyeok/bin/x86_64-conda-linux-gnu-cc -c  -march=nocona -mtune=haswell -ftree-vectorize -fPIC -fstack-protector-strong -fno-plt -O2 -ffunction-sections -pipe -isystem /home/tjq4954/.conda/envs/inhyeok/include  -DNDEBUG -D_FORTIFY_SOURCE=2 -O2 -isystem /home/tjq4954/.conda/envs/inhyeok/include conftest.c >&5
configure:5862: $? = 0
configure:5872: result: yes
configure:5883: checking whether /home/tjq4954/.conda/envs/inhyeok/bin/x86_64-conda-linux-gnu-cc accepts -g
configure:5904: /home/tjq4954/.conda/envs/inhyeok/bin/x86_64-conda-linux-gnu-cc -c -g  -DNDEBUG -D_FORTIFY_SOURCE=2 -O2 -isystem /home/tjq4954/.conda/envs/inhyeok/include conftest.c >&5
configure:5904: $? = 0
configure:5948: result: yes
configure:5968: checking for /home/tjq4954/.conda/envs/inhyeok/bin/x86_64-conda-linux-gnu-cc option to enable C11 features
configure:5983: /home/tjq4954/.conda/envs/inhyeok/bin/x86_64-conda-linux-gnu-cc  -c  -march=nocona -mtune=haswell -ftree-vectorize -fPIC -fstack-protector-strong -fno-plt -O2 -ffunction-sections -pipe -isystem /home/tjq4954/.conda/envs/inhyeok/include  -DNDEBUG -D_FORTIFY_SOURCE=2 -O2 -isystem /home/tjq4954/.conda/envs/inhyeok/include conftest.c >&5
configure:5983: $? = 0
configure:6001: result: none needed
configure:6117: checking whether /home/tjq4954/.conda/envs/inhyeok/bin/x86_64-conda-linux-gnu-cc understands -c and -o together
configure:6140: /home/tjq4954/.conda/envs/inhyeok/bin/x86_64-conda-linux-gnu-cc -c conftest.c -o conftest2.o
configure:6143: $? = 0
configure:6140: /home/tjq4954/.conda/envs/inhyeok/bin/x86_64-conda-linux-gnu-cc -c conftest.c -o conftest2.o
configure:6143: $? = 0
configure:6155: result: yes
configure:6175: checking whether make supports the include directive
configure:6190: make -f confmf.GNU && cat confinc.out
this is the am__doit target
configure:6193: $? = 0
configure:6212: result: yes (GNU style)
configure:6238: checking dependency style of /home/tjq4954/.conda/envs/inhyeok/bin/x86_64-conda-linux-gnu-cc
configure:6350: result: gcc3
configure:6372: checking if unsupported combinations of configure options are allowed
configure:6383: result: no
configure:6402: checking for stdio.h
configure:6402: /home/tjq4954/.conda/envs/inhyeok/bin/x86_64-conda-linux-gnu-cc -c  -march=nocona -mtune=haswell -ftree-vectorize -fPIC -fstack-protector-strong -fno-plt -O2 -ffunction-sections -pipe -isystem /home/tjq4954/.conda/envs/inhyeok/include  -DNDEBUG -D_FORTIFY_SOURCE=2 -O2 -isystem /home/tjq4954/.conda/envs/inhyeok/include conftest.c >&5
configure:6402: $? = 0
configure:6402: result: yes
configure:6402: checking for stdlib.h
configure:6402: /home/tjq4954/.conda/envs/inhyeok/bin/x86_64-conda-linux-gnu-cc -c  -march=nocona -mtune=haswell -ftree-vectorize -fPIC -fstack-protector-strong -fno-plt -O2 -ffunction-sections -pipe -isystem /home/tjq4954/.conda/envs/inhyeok/include  -DNDEBUG -D_FORTIFY_SOURCE=2 -O2 -isystem /home/tjq4954/.conda/envs/inhyeok/include conftest.c >&5
configure:6402: $? = 0
configure:6402: result: yes
configure:6402: checking for string.h
configure:6402: /home/tjq4954/.conda/envs/inhyeok/bin/x86_64-conda-linux-gnu-cc -c  -march=nocona -mtune=haswell -ftree-vectorize -fPIC -fstack-protector-strong -fno-plt -O2 -ffunction-sections -pipe -isystem /home/tjq4954/.conda/envs/inhyeok/include  -DNDEBUG -D_FORTIFY_SOURCE=2 -O2 -isystem /home/tjq4954/.conda/envs/inhyeok/include conftest.c >&5
configure:6402: $? = 0
configure:6402: result: yes
configure:6402: checking for inttypes.h
configure:6402: /home/tjq4954/.conda/envs/inhyeok/bin/x86_64-conda-linux-gnu-cc -c  -march=nocona -mtune=haswell -ftree-vectorize -fPIC -fstack-protector-strong -fno-plt -O2 -ffunction-sections -pipe -isystem /home/tjq4954/.conda/envs/inhyeok/include  -DNDEBUG -D_FORTIFY_SOURCE=2 -O2 -isystem /home/tjq4954/.conda/envs/inhyeok/include conftest.c >&5
configure:6402: $? = 0
configure:6402: result: yes
configure:6402: checking for stdint.h
configure:6402: /home/tjq4954/.conda/envs/inhyeok/bin/x86_64-conda-linux-gnu-cc -c  -march=nocona -mtune=haswell -ftree-vectorize -fPIC -fstack-protector-strong -fno-plt -O2 -ffunction-sections -pipe -isystem /home/tjq4954/.conda/envs/inhyeok/include  -DNDEBUG -D_FORTIFY_SOURCE=2 -O2 -isystem /home/tjq4954/.conda/envs/inhyeok/include conftest.c >&5
configure:6402: $? = 0
configure:6402: result: yes
configure:6402: checking for strings.h
configure:6402: /home/tjq4954/.conda/envs/inhyeok/bin/x86_64-conda-linux-gnu-cc -c  -march=nocona -mtune=haswell -ftree-vectorize -fPIC -fstack-protector-strong -fno-plt -O2 -ffunction-sections -pipe -isystem /home/tjq4954/.conda/envs/inhyeok/include  -DNDEBUG -D_FORTIFY_SOURCE=2 -O2 -isystem /home/tjq4954/.conda/envs/inhyeok/include conftest.c >&5
configure:6402: $? = 0
configure:6402: result: yes
configure:6402: checking for sys/stat.h
configure:6402: /home/tjq4954/.conda/envs/inhyeok/bin/x86_64-conda-linux-gnu-cc -c  -march=nocona -mtune=haswell -ftree-vectorize -fPIC -fstack-protector-strong -fno-plt -O2 -ffunction-sections -pipe -isystem /home/tjq4954/.conda/envs/inhyeok/include  -DNDEBUG -D_FORTIFY_SOURCE=2 -O2 -isystem /home/tjq4954/.conda/envs/inhyeok/include conftest.c >&5
configure:6402: $? = 0
configure:6402: result: yes
configure:6402: checking for sys/types.h
configure:6402: /home/tjq4954/.conda/envs/inhyeok/bin/x86_64-conda-linux-gnu-cc -c  -march=nocona -mtune=haswell -ftree-vectorize -fPIC -fstack-protector-strong -fno-plt -O2 -ffunction-sections -pipe -isystem /home/tjq4954/.conda/envs/inhyeok/include  -DNDEBUG -D_FORTIFY_SOURCE=2 -O2 -isystem /home/tjq4954/.conda/envs/inhyeok/include conftest.c >&5
configure:6402: $? = 0
configure:6402: result: yes
configure:6402: checking for unistd.h
configure:6402: /home/tjq4954/.conda/envs/inhyeok/bin/x86_64-conda-linux-gnu-cc -c  -march=nocona -mtune=haswell -ftree-vectorize -fPIC -fstack-protector-strong -fno-plt -O2 -ffunction-sections -pipe -isystem /home/tjq4954/.conda/envs/inhyeok/include  -DNDEBUG -D_FORTIFY_SOURCE=2 -O2 -isystem /home/tjq4954/.conda/envs/inhyeok/include conftest.c >&5
configure:6402: $? = 0
configure:6402: result: yes
configure:6427: checking for off_t
configure:6427: /home/tjq4954/.conda/envs/inhyeok/bin/x86_64-conda-linux-gnu-cc -c  -march=nocona -mtune=haswell -ftree-vectorize -fPIC -fstack-protector-strong -fno-plt -O2 -ffunction-sections -pipe -isystem /home/tjq4954/.conda/envs/inhyeok/include  -DNDEBUG -D_FORTIFY_SOURCE=2 -O2 -isystem /home/tjq4954/.conda/envs/inhyeok/include conftest.c >&5
configure:6427: $? = 0
configure:6427: /home/tjq4954/.conda/envs/inhyeok/bin/x86_64-conda-linux-gnu-cc -c  -march=nocona -mtune=haswell -ftree-vectorize -fPIC -fstack-protector-strong -fno-plt -O2 -ffunction-sections -pipe -isystem /home/tjq4954/.conda/envs/inhyeok/include  -DNDEBUG -D_FORTIFY_SOURCE=2 -O2 -isystem /home/tjq4954/.conda/envs/inhyeok/include conftest.c >&5
conftest.c: In function 'main':
conftest.c:52:20: error: expected expression before ')' token
   52 | if (sizeof ((off_t)))
      |                    ^
configure:6427: $? = 1
configure: failed program was:
| /* confdefs.h */
| #define PACKAGE_NAME "HDF5"
| #define PACKAGE_TARNAME "hdf5"
| #define PACKAGE_VERSION "1.14.3"
| #define PACKAGE_STRING "HDF5 1.14.3"
| #define PACKAGE_BUGREPORT "help@hdfgroup.org"
| #define PACKAGE_URL ""
| #define PACKAGE "hdf5"
| #define VERSION "1.14.3"
| #define HAVE_STDIO_H 1
| #define HAVE_STDLIB_H 1
| #define HAVE_STRING_H 1
| #define HAVE_INTTYPES_H 1
| #define HAVE_STDINT_H 1
| #define HAVE_STRINGS_H 1
| #define HAVE_SYS_STAT_H 1
| #define HAVE_SYS_TYPES_H 1
| #define HAVE_UNISTD_H 1
| #define STDC_HEADERS 1
| /* end confdefs.h.  */
| #include <stddef.h>
| #ifdef HAVE_STDIO_H
| # include <stdio.h>
| #endif
| #ifdef HAVE_STDLIB_H
| # include <stdlib.h>
| #endif
| #ifdef HAVE_STRING_H
| # include <string.h>
| #endif
| #ifdef HAVE_INTTYPES_H
| # include <inttypes.h>
| #endif
| #ifdef HAVE_STDINT_H
| # include <stdint.h>
| #endif
| #ifdef HAVE_STRINGS_H
| # include <strings.h>
| #endif
| #ifdef HAVE_SYS_TYPES_H
| # include <sys/types.h>
| #endif
| #ifdef HAVE_SYS_STAT_H
| # include <sys/stat.h>
| #endif
| #ifdef HAVE_UNISTD_H
| # include <unistd.h>
| #endif
| int
| main (void)
| {
| if (sizeof ((off_t)))
| 	    return 0;
|   ;
|   return 0;
| }
configure:6427: result: yes
configure:6437: checking for ssize_t
configure:6437: /home/tjq4954/.conda/envs/inhyeok/bin/x86_64-conda-linux-gnu-cc -c  -march=nocona -mtune=haswell -ftree-vectorize -fPIC -fstack-protector-strong -fno-plt -O2 -ffunction-sections -pipe -isystem /home/tjq4954/.conda/envs/inhyeok/include  -DNDEBUG -D_FORTIFY_SOURCE=2 -O2 -isystem /home/tjq4954/.conda/envs/inhyeok/include conftest.c >&5
configure:6437: $? = 0
configure:6437: /home/tjq4954/.conda/envs/inhyeok/bin/x86_64-conda-linux-gnu-cc -c  -march=nocona -mtune=haswell -ftree-vectorize -fPIC -fstack-protector-strong -fno-plt -O2 -ffunction-sections -pipe -isystem /home/tjq4954/.conda/envs/inhyeok/include  -DNDEBUG -D_FORTIFY_SOURCE=2 -O2 -isystem /home/tjq4954/.conda/envs/inhyeok/include conftest.c >&5
conftest.c: In function 'main':
conftest.c:52:22: error: expected expression before ')' token
   52 | if (sizeof ((ssize_t)))
      |                      ^
configure:6437: $? = 1
configure: failed program was:
| /* confdefs.h */
| #define PACKAGE_NAME "HDF5"
| #define PACKAGE_TARNAME "hdf5"
| #define PACKAGE_VERSION "1.14.3"
| #define PACKAGE_STRING "HDF5 1.14.3"
| #define PACKAGE_BUGREPORT "help@hdfgroup.org"
| #define PACKAGE_URL ""
| #define PACKAGE "hdf5"
| #define VERSION "1.14.3"
| #define HAVE_STDIO_H 1
| #define HAVE_STDLIB_H 1
| #define HAVE_STRING_H 1
| #define HAVE_INTTYPES_H 1
| #define HAVE_STDINT_H 1
| #define HAVE_STRINGS_H 1
| #define HAVE_SYS_STAT_H 1
| #define HAVE_SYS_TYPES_H 1
| #define HAVE_UNISTD_H 1
| #define STDC_HEADERS 1
| /* end confdefs.h.  */
| #include <stddef.h>
| #ifdef HAVE_STDIO_H
| # include <stdio.h>
| #endif
| #ifdef HAVE_STDLIB_H
| # include <stdlib.h>
| #endif
| #ifdef HAVE_STRING_H
| # include <string.h>
| #endif
| #ifdef HAVE_INTTYPES_H
| # include <inttypes.h>
| #endif
| #ifdef HAVE_STDINT_H
| # include <stdint.h>
| #endif
| #ifdef HAVE_STRINGS_H
| # include <strings.h>
| #endif
| #ifdef HAVE_SYS_TYPES_H
| # include <sys/types.h>
| #endif
| #ifdef HAVE_SYS_STAT_H
| # include <sys/stat.h>
| #endif
| #ifdef HAVE_UNISTD_H
| # include <unistd.h>
| #endif
| int
| main (void)
| {
| if (sizeof ((ssize_t)))
| 	    return 0;
|   ;
|   return 0;
| }
configure:6437: result: yes
configure:6447: checking whether byte ordering is bigendian
configure:6463: /home/tjq4954/.conda/envs/inhyeok/bin/x86_64-conda-linux-gnu-cc -c  -march=nocona -mtune=haswell -ftree-vectorize -fPIC -fstack-protector-strong -fno-plt -O2 -ffunction-sections -pipe -isystem /home/tjq4954/.conda/envs/inhyeok/include  -DNDEBUG -D_FORTIFY_SOURCE=2 -O2 -isystem /home/tjq4954/.conda/envs/inhyeok/include conftest.c >&5
conftest.c:22:16: error: unknown type name 'not'
   22 |                not a universal capable compiler
      |                ^~~
conftest.c:22:22: error: expected '=', ',', ';', 'asm' or '__attribute__' before 'universal'
   22 |                not a universal capable compiler
      |                      ^~~~~~~~~
conftest.c:22:22: error: unknown type name 'universal'
configure:6463: $? = 1
configure: failed program was:
| /* confdefs.h */
| #define PACKAGE_NAME "HDF5"
| #define PACKAGE_TARNAME "hdf5"
| #define PACKAGE_VERSION "1.14.3"
| #define PACKAGE_STRING "HDF5 1.14.3"
| #define PACKAGE_BUGREPORT "help@hdfgroup.org"
| #define PACKAGE_URL ""
| #define PACKAGE "hdf5"
| #define VERSION "1.14.3"
| #define HAVE_STDIO_H 1
| #define HAVE_STDLIB_H 1
| #define HAVE_STRING_H 1
| #define HAVE_INTTYPES_H 1
| #define HAVE_STDINT_H 1
| #define HAVE_STRINGS_H 1
| #define HAVE_SYS_STAT_H 1
| #define HAVE_SYS_TYPES_H 1
| #define HAVE_UNISTD_H 1
| #define STDC_HEADERS 1
| /* end confdefs.h.  */
| #ifndef __APPLE_CC__
| 	       not a universal capable compiler
| 	     #endif
| 	     typedef int dummy;
| 
configure:6509: /home/tjq4954/.conda/envs/inhyeok/bin/x86_64-conda-linux-gnu-cc -c  -march=nocona -mtune=haswell -ftree-vectorize -fPIC -fstack-protector-strong -fno-plt -O2 -ffunction-sections -pipe -isystem /home/tjq4954/.conda/envs/inhyeok/include  -DNDEBUG -D_FORTIFY_SOURCE=2 -O2 -isystem /home/tjq4954/.conda/envs/inhyeok/include conftest.c >&5
configure:6509: $? = 0
configure:6528: /home/tjq4954/.conda/envs/inhyeok/bin/x86_64-conda-linux-gnu-cc -c  -march=nocona -mtune=haswell -ftree-vectorize -fPIC -fstack-protector-strong -fno-plt -O2 -ffunction-sections -pipe -isystem /home/tjq4954/.conda/envs/inhyeok/include  -DNDEBUG -D_FORTIFY_SOURCE=2 -O2 -isystem /home/tjq4954/.conda/envs/inhyeok/include conftest.c >&5
conftest.c: In function 'main':
conftest.c:28:18: error: unknown type name 'not'; did you mean 'ino_t'?
   28 |                  not big endian
      |                  ^~~
      |                  ino_t
conftest.c:28:26: error: expected '=', ',', ';', 'asm' or '__attribute__' before 'endian'
   28 |                  not big endian
      |                          ^~~~~~
configure:6528: $? = 1
configure: failed program was:
| /* confdefs.h */
| #define PACKAGE_NAME "HDF5"
| #define PACKAGE_TARNAME "hdf5"
| #define PACKAGE_VERSION "1.14.3"
| #define PACKAGE_STRING "HDF5 1.14.3"
| #define PACKAGE_BUGREPORT "help@hdfgroup.org"
| #define PACKAGE_URL ""
| #define PACKAGE "hdf5"
| #define VERSION "1.14.3"
| #define HAVE_STDIO_H 1
| #define HAVE_STDLIB_H 1
| #define HAVE_STRING_H 1
| #define HAVE_INTTYPES_H 1
| #define HAVE_STDINT_H 1
| #define HAVE_STRINGS_H 1
| #define HAVE_SYS_STAT_H 1
| #define HAVE_SYS_TYPES_H 1
| #define HAVE_UNISTD_H 1
| #define STDC_HEADERS 1
| /* end confdefs.h.  */
| #include <sys/types.h>
| 		#include <sys/param.h>
| 
| int
| main (void)
| {
| #if BYTE_ORDER != BIG_ENDIAN
| 		 not big endian
| 		#endif
| 
|   ;
|   return 0;
| }
configure:6662: result: no
configure:6684: checking size of char
configure:6690: /home/tjq4954/.conda/envs/inhyeok/bin/x86_64-conda-linux-gnu-cc -o conftest  -march=nocona -mtune=haswell -ftree-vectorize -fPIC -fstack-protector-strong -fno-plt -O2 -ffunction-sections -pipe -isystem /home/tjq4954/.conda/envs/inhyeok/include  -DNDEBUG -D_FORTIFY_SOURCE=2 -O2 -isystem /home/tjq4954/.conda/envs/inhyeok/include  -Wl,-O2 -Wl,--sort-common -Wl,--as-needed -Wl,-z,relro -Wl,-z,now -Wl,--disable-new-dtags -Wl,--gc-sections -Wl,--allow-shlib-undefined -Wl,-rpath,/home/tjq4954/.conda/envs/inhyeok/lib -Wl,-rpath-link,/home/tjq4954/.conda/envs/inhyeok/lib -L/home/tjq4954/.conda/envs/inhyeok/lib conftest.c  >&5
configure:6690: $? = 0
configure:6690: ./conftest
configure:6690: $? = 0
configure:6705: result: 1
configure:6717: checking size of short
configure:6723: /home/tjq4954/.conda/envs/inhyeok/bin/x86_64-conda-linux-gnu-cc -o conftest  -march=nocona -mtune=haswell -ftree-vectorize -fPIC -fstack-protector-strong -fno-plt -O2 -ffunction-sections -pipe -isystem /home/tjq4954/.conda/envs/inhyeok/include  -DNDEBUG -D_FORTIFY_SOURCE=2 -O2 -isystem /home/tjq4954/.conda/envs/inhyeok/include  -Wl,-O2 -Wl,--sort-common -Wl,--as-needed -Wl,-z,relro -Wl,-z,now -Wl,--disable-new-dtags -Wl,--gc-sections -Wl,--allow-shlib-undefined -Wl,-rpath,/home/tjq4954/.conda/envs/inhyeok/lib -Wl,-rpath-link,/home/tjq4954/.conda/envs/inhyeok/lib -L/home/tjq4954/.conda/envs/inhyeok/lib conftest.c  >&5
configure:6723: $? = 0
configure:6723: ./conftest
configure:6723: $? = 0
configure:6738: result: 2
configure:6750: checking size of int
configure:6756: /home/tjq4954/.conda/envs/inhyeok/bin/x86_64-conda-linux-gnu-cc -o conftest  -march=nocona -mtune=haswell -ftree-vectorize -fPIC -fstack-protector-strong -fno-plt -O2 -ffunction-sections -pipe -isystem /home/tjq4954/.conda/envs/inhyeok/include  -DNDEBUG -D_FORTIFY_SOURCE=2 -O2 -isystem /home/tjq4954/.conda/envs/inhyeok/include  -Wl,-O2 -Wl,--sort-common -Wl,--as-needed -Wl,-z,relro -Wl,-z,now -Wl,--disable-new-dtags -Wl,--gc-sections -Wl,--allow-shlib-undefined -Wl,-rpath,/home/tjq4954/.conda/envs/inhyeok/lib -Wl,-rpath-link,/home/tjq4954/.conda/envs/inhyeok/lib -L/home/tjq4954/.conda/envs/inhyeok/lib conftest.c  >&5
configure:6756: $? = 0
configure:6756: ./conftest
configure:6756: $? = 0
configure:6771: result: 4
configure:6783: checking size of unsigned
configure:6789: /home/tjq4954/.conda/envs/inhyeok/bin/x86_64-conda-linux-gnu-cc -o conftest  -march=nocona -mtune=haswell -ftree-vectorize -fPIC -fstack-protector-strong -fno-plt -O2 -ffunction-sections -pipe -isystem /home/tjq4954/.conda/envs/inhyeok/include  -DNDEBUG -D_FORTIFY_SOURCE=2 -O2 -isystem /home/tjq4954/.conda/envs/inhyeok/include  -Wl,-O2 -Wl,--sort-common -Wl,--as-needed -Wl,-z,relro -Wl,-z,now -Wl,--disable-new-dtags -Wl,--gc-sections -Wl,--allow-shlib-undefined -Wl,-rpath,/home/tjq4954/.conda/envs/inhyeok/lib -Wl,-rpath-link,/home/tjq4954/.conda/envs/inhyeok/lib -L/home/tjq4954/.conda/envs/inhyeok/lib conftest.c  >&5
configure:6789: $? = 0
configure:6789: ./conftest
configure:6789: $? = 0
configure:6804: result: 4
configure:6816: checking size of long
configure:6822: /home/tjq4954/.conda/envs/inhyeok/bin/x86_64-conda-linux-gnu-cc -o conftest  -march=nocona -mtune=haswell -ftree-vectorize -fPIC -fstack-protector-strong -fno-plt -O2 -ffunction-sections -pipe -isystem /home/tjq4954/.conda/envs/inhyeok/include  -DNDEBUG -D_FORTIFY_SOURCE=2 -O2 -isystem /home/tjq4954/.conda/envs/inhyeok/include  -Wl,-O2 -Wl,--sort-common -Wl,--as-needed -Wl,-z,relro -Wl,-z,now -Wl,--disable-new-dtags -Wl,--gc-sections -Wl,--allow-shlib-undefined -Wl,-rpath,/home/tjq4954/.conda/envs/inhyeok/lib -Wl,-rpath-link,/home/tjq4954/.conda/envs/inhyeok/lib -L/home/tjq4954/.conda/envs/inhyeok/lib conftest.c  >&5
configure:6822: $? = 0
configure:6822: ./conftest
configure:6822: $? = 0
configure:6837: result: 8
configure:6849: checking size of long long
configure:6855: /home/tjq4954/.conda/envs/inhyeok/bin/x86_64-conda-linux-gnu-cc -o conftest  -march=nocona -mtune=haswell -ftree-vectorize -fPIC -fstack-protector-strong -fno-plt -O2 -ffunction-sections -pipe -isystem /home/tjq4954/.conda/envs/inhyeok/include  -DNDEBUG -D_FORTIFY_SOURCE=2 -O2 -isystem /home/tjq4954/.conda/envs/inhyeok/include  -Wl,-O2 -Wl,--sort-common -Wl,--as-needed -Wl,-z,relro -Wl,-z,now -Wl,--disable-new-dtags -Wl,--gc-sections -Wl,--allow-shlib-undefined -Wl,-rpath,/home/tjq4954/.conda/envs/inhyeok/lib -Wl,-rpath-link,/home/tjq4954/.conda/envs/inhyeok/lib -L/home/tjq4954/.conda/envs/inhyeok/lib conftest.c  >&5
configure:6855: $? = 0
configure:6855: ./conftest
configure:6855: $? = 0
configure:6870: result: 8
configure:6882: checking size of float
configure:6888: /home/tjq4954/.conda/envs/inhyeok/bin/x86_64-conda-linux-gnu-cc -o conftest  -march=nocona -mtune=haswell -ftree-vectorize -fPIC -fstack-protector-strong -fno-plt -O2 -ffunction-sections -pipe -isystem /home/tjq4954/.conda/envs/inhyeok/include  -DNDEBUG -D_FORTIFY_SOURCE=2 -O2 -isystem /home/tjq4954/.conda/envs/inhyeok/include  -Wl,-O2 -Wl,--sort-common -Wl,--as-needed -Wl,-z,relro -Wl,-z,now -Wl,--disable-new-dtags -Wl,--gc-sections -Wl,--allow-shlib-undefined -Wl,-rpath,/home/tjq4954/.conda/envs/inhyeok/lib -Wl,-rpath-link,/home/tjq4954/.conda/envs/inhyeok/lib -L/home/tjq4954/.conda/envs/inhyeok/lib conftest.c  >&5
configure:6888: $? = 0
configure:6888: ./conftest
configure:6888: $? = 0
configure:6903: result: 4
configure:6915: checking size of double
configure:6921: /home/tjq4954/.conda/envs/inhyeok/bin/x86_64-conda-linux-gnu-cc -o conftest  -march=nocona -mtune=haswell -ftree-vectorize -fPIC -fstack-protector-strong -fno-plt -O2 -ffunction-sections -pipe -isystem /home/tjq4954/.conda/envs/inhyeok/include  -DNDEBUG -D_FORTIFY_SOURCE=2 -O2 -isystem /home/tjq4954/.conda/envs/inhyeok/include  -Wl,-O2 -Wl,--sort-common -Wl,--as-needed -Wl,-z,relro -Wl,-z,now -Wl,--disable-new-dtags -Wl,--gc-sections -Wl,--allow-shlib-undefined -Wl,-rpath,/home/tjq4954/.conda/envs/inhyeok/lib -Wl,-rpath-link,/home/tjq4954/.conda/envs/inhyeok/lib -L/home/tjq4954/.conda/envs/inhyeok/lib conftest.c  >&5
configure:6921: $? = 0
configure:6921: ./conftest
configure:6921: $? = 0
configure:6936: result: 8
configure:6948: checking size of long double
configure:6954: /home/tjq4954/.conda/envs/inhyeok/bin/x86_64-conda-linux-gnu-cc -o conftest  -march=nocona -mtune=haswell -ftree-vectorize -fPIC -fstack-protector-strong -fno-plt -O2 -ffunction-sections -pipe -isystem /home/tjq4954/.conda/envs/inhyeok/include  -DNDEBUG -D_FORTIFY_SOURCE=2 -O2 -isystem /home/tjq4954/.conda/envs/inhyeok/include  -Wl,-O2 -Wl,--sort-common -Wl,--as-needed -Wl,-z,relro -Wl,-z,now -Wl,--disable-new-dtags -Wl,--gc-sections -Wl,--allow-shlib-undefined -Wl,-rpath,/home/tjq4954/.conda/envs/inhyeok/lib -Wl,-rpath-link,/home/tjq4954/.conda/envs/inhyeok/lib -L/home/tjq4954/.conda/envs/inhyeok/lib conftest.c  >&5
configure:6954: $? = 0
configure:6954: ./conftest
configure:6954: $? = 0
configure:6969: result: 16
configure:6989: checking if Fortran interface enabled
configure:6998: result: no
configure:9325: checking for C++ compiler version
configure:9334: /home/tjq4954/.conda/envs/inhyeok/bin/x86_64-conda-linux-gnu-c++ --version >&5
x86_64-conda-linux-gnu-c++ (conda-forge gcc 13.2.0-3) 13.2.0
Copyright (C) 2023 Free Software Foundation, Inc.
This is free software; see the source for copying conditions.  There is NO
warranty; not even for MERCHANTABILITY or FITNESS FOR A PARTICULAR PURPOSE.

configure:9345: $? = 0
configure:9334: /home/tjq4954/.conda/envs/inhyeok/bin/x86_64-conda-linux-gnu-c++ -v >&5
Reading specs from /home/tjq4954/.conda/envs/inhyeok/bin/../lib/gcc/x86_64-conda-linux-gnu/13.2.0/specs
could not find specs file conda.specs
COLLECT_GCC=/home/tjq4954/.conda/envs/inhyeok/bin/x86_64-conda-linux-gnu-c++
COLLECT_LTO_WRAPPER=/home/tjq4954/.conda/envs/inhyeok/bin/../libexec/gcc/x86_64-conda-linux-gnu/13.2.0/lto-wrapper
Target: x86_64-conda-linux-gnu
Configured with: ../configure --prefix=/home/conda/feedstock_root/build_artifacts/gcc_compilers_1699751170916/_h_env_placehold_placehold_placehold_placehold_placehold_placehold_placehold_placehold_placehold_placehold_placehold_placehold_placehold_placehold_placehold_placehold_placehold_placeho --with-slibdir=/home/conda/feedstock_root/build_artifacts/gcc_compilers_1699751170916/_h_env_placehold_placehold_placehold_placehold_placehold_placehold_placehold_placehold_placehold_placehold_placehold_placehold_placehold_placehold_placehold_placehold_placehold_placeho/lib --libdir=/home/conda/feedstock_root/build_artifacts/gcc_compilers_1699751170916/_h_env_placehold_placehold_placehold_placehold_placehold_placehold_placehold_placehold_placehold_placehold_placehold_placehold_placehold_placehold_placehold_placehold_placehold_placeho/lib --mandir=/home/conda/feedstock_root/build_artifacts/gcc_compilers_1699751170916/_h_env_placehold_placehold_placehold_placehold_placehold_placehold_placehold_placehold_placehold_placehold_placehold_placehold_placehold_placehold_placehold_placehold_placehold_placeho/man --build=x86_64-conda-linux-gnu --host=x86_64-conda-linux-gnu --target=x86_64-conda-linux-gnu --enable-default-pie --enable-languages=c,c++,fortran,objc,obj-c++ --enable-__cxa_atexit --disable-libmudflap --enable-libgomp --disable-libssp --enable-libquadmath --enable-libquadmath-support --enable-libsanitizer --enable-lto --enable-threads=posix --enable-target-optspace --enable-plugin --enable-gold --disable-nls --disable-bootstrap --disable-multilib --enable-long-long --with-sysroot=/home/conda/feedstock_root/build_artifacts/gcc_compilers_1699751170916/_h_env_placehold_placehold_placehold_placehold_placehold_placehold_placehold_placehold_placehold_placehold_placehold_placehold_placehold_placehold_placehold_placehold_placehold_placeho/x86_64-conda-linux-gnu/sysroot --with-build-sysroot=/home/conda/feedstock_root/build_artifacts/gcc_compilers_1699751170916/_build_env/x86_64-conda-linux-gnu/sysroot --with-gxx-include-dir=/home/conda/feedstock_root/build_artifacts/gcc_compilers_1699751170916/_h_env_placehold_placehold_placehold_placehold_placehold_placehold_placehold_placehold_placehold_placehold_placehold_placehold_placehold_placehold_placehold_placehold_placehold_placeho/x86_64-conda-linux-gnu/include/c++/13.2.0 --with-pkgversion='conda-forge gcc 13.2.0-3' --with-bugurl=https://github.com/conda-forge/ctng-compilers-feedstock/issues/new/choose
Thread model: posix
Supported LTO compression algorithms: zlib
gcc version 13.2.0 (conda-forge gcc 13.2.0-3) 
configure:9345: $? = 0
configure:9334: /home/tjq4954/.conda/envs/inhyeok/bin/x86_64-conda-linux-gnu-c++ -V >&5
x86_64-conda-linux-gnu-c++: error: unrecognized command-line option '-V'
x86_64-conda-linux-gnu-c++: fatal error: no input files
compilation terminated.
configure:9345: $? = 1
configure:9334: /home/tjq4954/.conda/envs/inhyeok/bin/x86_64-conda-linux-gnu-c++ -qversion >&5
x86_64-conda-linux-gnu-c++: error: unrecognized command-line option '-qversion'; did you mean '--version'?
x86_64-conda-linux-gnu-c++: fatal error: no input files
compilation terminated.
configure:9345: $? = 1
configure:9349: checking whether the compiler supports GNU C++
configure:9377: /home/tjq4954/.conda/envs/inhyeok/bin/x86_64-conda-linux-gnu-c++ -c  -fvisibility-inlines-hidden -fmessage-length=0 -march=nocona -mtune=haswell -ftree-vectorize -fPIC -fstack-protector-strong -fno-plt -O2 -ffunction-sections -pipe -isystem /home/tjq4954/.conda/envs/inhyeok/include  -DNDEBUG -D_FORTIFY_SOURCE=2 -O2 -isystem /home/tjq4954/.conda/envs/inhyeok/include conftest.cpp >&5
configure:9377: $? = 0
configure:9387: result: yes
configure:9398: checking whether /home/tjq4954/.conda/envs/inhyeok/bin/x86_64-conda-linux-gnu-c++ accepts -g
configure:9427: /home/tjq4954/.conda/envs/inhyeok/bin/x86_64-conda-linux-gnu-c++ -c -g  -DNDEBUG -D_FORTIFY_SOURCE=2 -O2 -isystem /home/tjq4954/.conda/envs/inhyeok/include conftest.cpp >&5
configure:9427: $? = 0
configure:9487: result: yes
configure:9507: checking for /home/tjq4954/.conda/envs/inhyeok/bin/x86_64-conda-linux-gnu-c++ option to enable C++11 features
configure:9522: /home/tjq4954/.conda/envs/inhyeok/bin/x86_64-conda-linux-gnu-c++  -c  -fvisibility-inlines-hidden -fmessage-length=0 -march=nocona -mtune=haswell -ftree-vectorize -fPIC -fstack-protector-strong -fno-plt -O2 -ffunction-sections -pipe -isystem /home/tjq4954/.conda/envs/inhyeok/include  -DNDEBUG -D_FORTIFY_SOURCE=2 -O2 -isystem /home/tjq4954/.conda/envs/inhyeok/include conftest.cpp >&5
conftest.cpp: In function 'int main(int, char**)':
conftest.cpp:196:25: warning: empty parentheses were disambiguated as a function declaration [-Wvexing-parse]
  196 |   cxx11test::delegate d2();
      |                         ^~
conftest.cpp:196:25: note: remove parentheses to default-initialize a variable
  196 |   cxx11test::delegate d2();
      |                         ^~
      |                         --
conftest.cpp:196:25: note: or replace parentheses with braces to value-initialize a variable
configure:9522: $? = 0
configure:9540: result: none needed
configure:9606: checking dependency style of /home/tjq4954/.conda/envs/inhyeok/bin/x86_64-conda-linux-gnu-c++
configure:9718: result: gcc3
configure:9738: checking how to run the C++ preprocessor
configure:9760: /home/tjq4954/.conda/envs/inhyeok/bin/x86_64-conda-linux-gnu-c++ -E  -DNDEBUG -D_FORTIFY_SOURCE=2 -O2 -isystem /home/tjq4954/.conda/envs/inhyeok/include conftest.cpp
configure:9760: $? = 0
configure:9775: /home/tjq4954/.conda/envs/inhyeok/bin/x86_64-conda-linux-gnu-c++ -E  -DNDEBUG -D_FORTIFY_SOURCE=2 -O2 -isystem /home/tjq4954/.conda/envs/inhyeok/include conftest.cpp
conftest.cpp:30:10: fatal error: ac_nonexistent.h: No such file or directory
   30 | #include <ac_nonexistent.h>
      |          ^~~~~~~~~~~~~~~~~~
compilation terminated.
configure:9775: $? = 1
configure: failed program was:
| /* confdefs.h */
| #define PACKAGE_NAME "HDF5"
| #define PACKAGE_TARNAME "hdf5"
| #define PACKAGE_VERSION "1.14.3"
| #define PACKAGE_STRING "HDF5 1.14.3"
| #define PACKAGE_BUGREPORT "help@hdfgroup.org"
| #define PACKAGE_URL ""
| #define PACKAGE "hdf5"
| #define VERSION "1.14.3"
| #define HAVE_STDIO_H 1
| #define HAVE_STDLIB_H 1
| #define HAVE_STRING_H 1
| #define HAVE_INTTYPES_H 1
| #define HAVE_STDINT_H 1
| #define HAVE_STRINGS_H 1
| #define HAVE_SYS_STAT_H 1
| #define HAVE_SYS_TYPES_H 1
| #define HAVE_UNISTD_H 1
| #define STDC_HEADERS 1
| #define SIZEOF_CHAR 1
| #define SIZEOF_SHORT 2
| #define SIZEOF_INT 4
| #define SIZEOF_UNSIGNED 4
| #define SIZEOF_LONG 8
| #define SIZEOF_LONG_LONG 8
| #define SIZEOF_FLOAT 4
| #define SIZEOF_DOUBLE 8
| #define SIZEOF_LONG_DOUBLE 16
| /* end confdefs.h.  */
| #include <ac_nonexistent.h>
configure:9802: result: /home/tjq4954/.conda/envs/inhyeok/bin/x86_64-conda-linux-gnu-c++ -E
configure:9816: /home/tjq4954/.conda/envs/inhyeok/bin/x86_64-conda-linux-gnu-c++ -E  -DNDEBUG -D_FORTIFY_SOURCE=2 -O2 -isystem /home/tjq4954/.conda/envs/inhyeok/include conftest.cpp
configure:9816: $? = 0
configure:9831: /home/tjq4954/.conda/envs/inhyeok/bin/x86_64-conda-linux-gnu-c++ -E  -DNDEBUG -D_FORTIFY_SOURCE=2 -O2 -isystem /home/tjq4954/.conda/envs/inhyeok/include conftest.cpp
conftest.cpp:30:10: fatal error: ac_nonexistent.h: No such file or directory
   30 | #include <ac_nonexistent.h>
      |          ^~~~~~~~~~~~~~~~~~
compilation terminated.
configure:9831: $? = 1
configure: failed program was:
| /* confdefs.h */
| #define PACKAGE_NAME "HDF5"
| #define PACKAGE_TARNAME "hdf5"
| #define PACKAGE_VERSION "1.14.3"
| #define PACKAGE_STRING "HDF5 1.14.3"
| #define PACKAGE_BUGREPORT "help@hdfgroup.org"
| #define PACKAGE_URL ""
| #define PACKAGE "hdf5"
| #define VERSION "1.14.3"
| #define HAVE_STDIO_H 1
| #define HAVE_STDLIB_H 1
| #define HAVE_STRING_H 1
| #define HAVE_INTTYPES_H 1
| #define HAVE_STDINT_H 1
| #define HAVE_STRINGS_H 1
| #define HAVE_SYS_STAT_H 1
| #define HAVE_SYS_TYPES_H 1
| #define HAVE_UNISTD_H 1
| #define STDC_HEADERS 1
| #define SIZEOF_CHAR 1
| #define SIZEOF_SHORT 2
| #define SIZEOF_INT 4
| #define SIZEOF_UNSIGNED 4
| #define SIZEOF_LONG 8
| #define SIZEOF_LONG_LONG 8
| #define SIZEOF_FLOAT 4
| #define SIZEOF_DOUBLE 8
| #define SIZEOF_LONG_DOUBLE 16
| /* end confdefs.h.  */
| #include <ac_nonexistent.h>
configure:9862: checking if c++ interface enabled
configure:9871: result: no
configure:9933: checking if the high-level library is enabled
configure:9943: result: yes
configure:9958: checking whether to use new references with dimension scales
configure:9982: result: no
configure:10056: checking whether make sets $(MAKE)
configure:10079: result: yes
configure:10097: checking for tr
configure:10120: found /usr/bin/tr
configure:10132: result: /usr/bin/tr
configure:10151: checking if srcdir= and time commands work together
configure:10162: result: no
configure:10218: checking if Java JNI interface enabled
configure:11220: result: no
configure:11280: checking if building tests is disabled
configure:11290: result: yes
configure:11306: checking if HDF5 testing intensity level is set
configure:11318: result: 3
configure:11342: checking if building tools is enabled
configure:11352: result: yes
configure:11360: checking if the high-level GIF tools are enabled
configure:11373: result: no
configure:11389: checking if building doxygen is enabled
configure:11399: result: no
configure:11411: checking if doxygen warnings as errors is enabled
configure:11427: result: FAIL_ON_WARNINGS
configure:13641: checking how to print strings
configure:13668: result: printf
configure:13689: checking for a sed that does not truncate output
configure:13759: result: /usr/bin/sed
configure:13777: checking for grep that handles long lines and -e
configure:13841: result: /usr/bin/grep
configure:13846: checking for egrep
configure:13914: result: /usr/bin/grep -E
configure:13919: checking for fgrep
configure:13987: result: /usr/bin/grep -F
configure:14023: checking for ld used by /home/tjq4954/.conda/envs/inhyeok/bin/x86_64-conda-linux-gnu-cc
configure:14091: result: /home/tjq4954/.conda/envs/inhyeok/bin/x86_64-conda-linux-gnu-ld
configure:14098: checking if the linker (/home/tjq4954/.conda/envs/inhyeok/bin/x86_64-conda-linux-gnu-ld) is GNU ld
configure:14114: result: yes
configure:14126: checking for BSD- or MS-compatible name lister (nm)
configure:14181: result: /home/tjq4954/.conda/envs/inhyeok/bin/x86_64-conda-linux-gnu-nm
configure:14321: checking the name lister (/home/tjq4954/.conda/envs/inhyeok/bin/x86_64-conda-linux-gnu-nm) interface
configure:14329: /home/tjq4954/.conda/envs/inhyeok/bin/x86_64-conda-linux-gnu-cc -c  -march=nocona -mtune=haswell -ftree-vectorize -fPIC -fstack-protector-strong -fno-plt -O2 -ffunction-sections -pipe -isystem /home/tjq4954/.conda/envs/inhyeok/include  -DNDEBUG -D_FORTIFY_SOURCE=2 -O2 -isystem /home/tjq4954/.conda/envs/inhyeok/include conftest.c >&5
configure:14332: /home/tjq4954/.conda/envs/inhyeok/bin/x86_64-conda-linux-gnu-nm "conftest.o"
configure:14335: output
0000000000000000 B some_variable
configure:14342: result: BSD nm
configure:14345: checking whether ln -s works
configure:14349: result: yes
configure:14357: checking the maximum length of command line arguments
configure:14489: result: 3458764513820540925
configure:14537: checking how to convert x86_64-conda-linux-gnu file names to x86_64-conda-linux-gnu format
configure:14578: result: func_convert_file_noop
configure:14585: checking how to convert x86_64-conda-linux-gnu file names to toolchain format
configure:14606: result: func_convert_file_noop
configure:14613: checking for /home/tjq4954/.conda/envs/inhyeok/bin/x86_64-conda-linux-gnu-ld option to reload object files
configure:14621: result: -r
configure:14655: checking for x86_64-conda-linux-gnu-objdump
configure:14687: result: /home/tjq4954/.conda/envs/inhyeok/bin/x86_64-conda-linux-gnu-objdump
configure:14764: checking how to recognize dependent libraries
configure:14965: result: pass_all
configure:15010: checking for x86_64-conda-linux-gnu-dlltool
configure:15045: result: no
configure:15055: checking for dlltool
configure:15090: result: no
configure:15120: checking how to associate runtime and link libraries
configure:15148: result: printf %s\n
configure:15164: checking for x86_64-conda-linux-gnu-ar
configure:15196: result: /home/tjq4954/.conda/envs/inhyeok/bin/x86_64-conda-linux-gnu-ar
configure:15282: checking for archiver @FILE support
configure:15308: /home/tjq4954/.conda/envs/inhyeok/bin/x86_64-conda-linux-gnu-cc -c  -march=nocona -mtune=haswell -ftree-vectorize -fPIC -fstack-protector-strong -fno-plt -O2 -ffunction-sections -pipe -isystem /home/tjq4954/.conda/envs/inhyeok/include  -DNDEBUG -D_FORTIFY_SOURCE=2 -O2 -isystem /home/tjq4954/.conda/envs/inhyeok/include conftest.c >&5
configure:15308: $? = 0
configure:15312: /home/tjq4954/.conda/envs/inhyeok/bin/x86_64-conda-linux-gnu-ar cr libconftest.a @conftest.lst >&5
configure:15315: $? = 0
configure:15320: /home/tjq4954/.conda/envs/inhyeok/bin/x86_64-conda-linux-gnu-ar cr libconftest.a @conftest.lst >&5
/home/tjq4954/.conda/envs/inhyeok/bin/x86_64-conda-linux-gnu-ar: conftest.o: No such file or directory
configure:15323: $? = 1
configure:15335: result: @
configure:15353: checking for x86_64-conda-linux-gnu-strip
configure:15385: result: /home/tjq4954/.conda/envs/inhyeok/bin/x86_64-conda-linux-gnu-strip
configure:15462: checking for x86_64-conda-linux-gnu-ranlib
configure:15494: result: /home/tjq4954/.conda/envs/inhyeok/bin/x86_64-conda-linux-gnu-ranlib
configure:15641: checking command to parse /home/tjq4954/.conda/envs/inhyeok/bin/x86_64-conda-linux-gnu-nm output from /home/tjq4954/.conda/envs/inhyeok/bin/x86_64-conda-linux-gnu-cc object
configure:15795: /home/tjq4954/.conda/envs/inhyeok/bin/x86_64-conda-linux-gnu-cc -c  -march=nocona -mtune=haswell -ftree-vectorize -fPIC -fstack-protector-strong -fno-plt -O2 -ffunction-sections -pipe -isystem /home/tjq4954/.conda/envs/inhyeok/include  -DNDEBUG -D_FORTIFY_SOURCE=2 -O2 -isystem /home/tjq4954/.conda/envs/inhyeok/include conftest.c >&5
configure:15798: $? = 0
configure:15802: /home/tjq4954/.conda/envs/inhyeok/bin/x86_64-conda-linux-gnu-nm conftest.o \| sed -n -e 's/^.*[ ]\([ABCDGIRSTW][ABCDGIRSTW]*\)[ ][ ]*\([_A-Za-z][_A-Za-z0-9]*\)$/\1 \2 \2/p' | sed '/ __gnu_lto/d' \> conftest.nm
configure:15805: $? = 0
configure:15871: /home/tjq4954/.conda/envs/inhyeok/bin/x86_64-conda-linux-gnu-cc -o conftest  -march=nocona -mtune=haswell -ftree-vectorize -fPIC -fstack-protector-strong -fno-plt -O2 -ffunction-sections -pipe -isystem /home/tjq4954/.conda/envs/inhyeok/include  -DNDEBUG -D_FORTIFY_SOURCE=2 -O2 -isystem /home/tjq4954/.conda/envs/inhyeok/include  -Wl,-O2 -Wl,--sort-common -Wl,--as-needed -Wl,-z,relro -Wl,-z,now -Wl,--disable-new-dtags -Wl,--gc-sections -Wl,--allow-shlib-undefined -Wl,-rpath,/home/tjq4954/.conda/envs/inhyeok/lib -Wl,-rpath-link,/home/tjq4954/.conda/envs/inhyeok/lib -L/home/tjq4954/.conda/envs/inhyeok/lib conftest.c conftstm.o >&5
configure:15874: $? = 0
configure:15912: result: ok
configure:15959: checking for sysroot
configure:15990: result: no
configure:15997: checking for a working dd
configure:16041: result: /usr/bin/dd
configure:16045: checking how to truncate binary pipes
configure:16061: result: /usr/bin/dd bs=4096 count=1
configure:16198: /home/tjq4954/.conda/envs/inhyeok/bin/x86_64-conda-linux-gnu-cc -c  -march=nocona -mtune=haswell -ftree-vectorize -fPIC -fstack-protector-strong -fno-plt -O2 -ffunction-sections -pipe -isystem /home/tjq4954/.conda/envs/inhyeok/include  -DNDEBUG -D_FORTIFY_SOURCE=2 -O2 -isystem /home/tjq4954/.conda/envs/inhyeok/include conftest.c >&5
configure:16201: $? = 0
configure:16361: checking for x86_64-conda-linux-gnu-mt
configure:16396: result: no
configure:16406: checking for mt
configure:16441: result: no
configure:16461: checking if : is a manifest tool
configure:16468: : '-?'
configure:16476: result: no
configure:17210: checking for dlfcn.h
configure:17210: /home/tjq4954/.conda/envs/inhyeok/bin/x86_64-conda-linux-gnu-cc -c  -march=nocona -mtune=haswell -ftree-vectorize -fPIC -fstack-protector-strong -fno-plt -O2 -ffunction-sections -pipe -isystem /home/tjq4954/.conda/envs/inhyeok/include  -DNDEBUG -D_FORTIFY_SOURCE=2 -O2 -isystem /home/tjq4954/.conda/envs/inhyeok/include conftest.c >&5
configure:17210: $? = 0
configure:17210: result: yes
configure:17479: checking for objdir
configure:17495: result: .libs
configure:17759: checking if /home/tjq4954/.conda/envs/inhyeok/bin/x86_64-conda-linux-gnu-cc supports -fno-rtti -fno-exceptions
configure:17778: /home/tjq4954/.conda/envs/inhyeok/bin/x86_64-conda-linux-gnu-cc -c  -march=nocona -mtune=haswell -ftree-vectorize -fPIC -fstack-protector-strong -fno-plt -O2 -ffunction-sections -pipe -isystem /home/tjq4954/.conda/envs/inhyeok/include  -DNDEBUG -D_FORTIFY_SOURCE=2 -O2 -isystem /home/tjq4954/.conda/envs/inhyeok/include -fno-rtti -fno-exceptions conftest.c >&5
cc1: warning: command-line option '-fno-rtti' is valid for C++/D/ObjC++ but not for C
configure:17782: $? = 0
configure:17795: result: no
configure:18153: checking for /home/tjq4954/.conda/envs/inhyeok/bin/x86_64-conda-linux-gnu-cc option to produce PIC
configure:18161: result: -fPIC -DPIC
configure:18169: checking if /home/tjq4954/.conda/envs/inhyeok/bin/x86_64-conda-linux-gnu-cc PIC flag -fPIC -DPIC works
configure:18188: /home/tjq4954/.conda/envs/inhyeok/bin/x86_64-conda-linux-gnu-cc -c  -march=nocona -mtune=haswell -ftree-vectorize -fPIC -fstack-protector-strong -fno-plt -O2 -ffunction-sections -pipe -isystem /home/tjq4954/.conda/envs/inhyeok/include  -DNDEBUG -D_FORTIFY_SOURCE=2 -O2 -isystem /home/tjq4954/.conda/envs/inhyeok/include -fPIC -DPIC -DPIC conftest.c >&5
configure:18192: $? = 0
configure:18205: result: yes
configure:18234: checking if /home/tjq4954/.conda/envs/inhyeok/bin/x86_64-conda-linux-gnu-cc static flag -static works
configure:18263: result: yes
configure:18278: checking if /home/tjq4954/.conda/envs/inhyeok/bin/x86_64-conda-linux-gnu-cc supports -c -o file.o
configure:18300: /home/tjq4954/.conda/envs/inhyeok/bin/x86_64-conda-linux-gnu-cc -c  -march=nocona -mtune=haswell -ftree-vectorize -fPIC -fstack-protector-strong -fno-plt -O2 -ffunction-sections -pipe -isystem /home/tjq4954/.conda/envs/inhyeok/include  -DNDEBUG -D_FORTIFY_SOURCE=2 -O2 -isystem /home/tjq4954/.conda/envs/inhyeok/include -o out/conftest2.o conftest.c >&5
configure:18304: $? = 0
configure:18326: result: yes
configure:18334: checking if /home/tjq4954/.conda/envs/inhyeok/bin/x86_64-conda-linux-gnu-cc supports -c -o file.o
configure:18382: result: yes
configure:18415: checking whether the /home/tjq4954/.conda/envs/inhyeok/bin/x86_64-conda-linux-gnu-cc linker (/home/tjq4954/.conda/envs/inhyeok/bin/x86_64-conda-linux-gnu-ld) supports shared libraries
configure:19697: result: yes
configure:19734: checking whether -lc should be explicitly linked in
configure:19743: /home/tjq4954/.conda/envs/inhyeok/bin/x86_64-conda-linux-gnu-cc -c  -march=nocona -mtune=haswell -ftree-vectorize -fPIC -fstack-protector-strong -fno-plt -O2 -ffunction-sections -pipe -isystem /home/tjq4954/.conda/envs/inhyeok/include  -DNDEBUG -D_FORTIFY_SOURCE=2 -O2 -isystem /home/tjq4954/.conda/envs/inhyeok/include conftest.c >&5
configure:19746: $? = 0
configure:19761: /home/tjq4954/.conda/envs/inhyeok/bin/x86_64-conda-linux-gnu-cc -shared  -fPIC -DPIC conftest.o  -v -Wl,-soname -Wl,conftest -o conftest 2\>\&1 \| /usr/bin/grep  -lc  \>/dev/null 2\>\&1
configure:19764: $? = 0
configure:19778: result: no
configure:19938: checking dynamic linker characteristics
configure:20528: /home/tjq4954/.conda/envs/inhyeok/bin/x86_64-conda-linux-gnu-cc -o conftest  -march=nocona -mtune=haswell -ftree-vectorize -fPIC -fstack-protector-strong -fno-plt -O2 -ffunction-sections -pipe -isystem /home/tjq4954/.conda/envs/inhyeok/include  -DNDEBUG -D_FORTIFY_SOURCE=2 -O2 -isystem /home/tjq4954/.conda/envs/inhyeok/include  -Wl,-O2 -Wl,--sort-common -Wl,--as-needed -Wl,-z,relro -Wl,-z,now -Wl,--disable-new-dtags -Wl,--gc-sections -Wl,--allow-shlib-undefined -Wl,-rpath,/home/tjq4954/.conda/envs/inhyeok/lib -Wl,-rpath-link,/home/tjq4954/.conda/envs/inhyeok/lib -L/home/tjq4954/.conda/envs/inhyeok/lib -Wl,-rpath -Wl,/foo conftest.c  >&5
configure:20528: $? = 0
configure:20767: result: GNU/Linux ld.so
configure:20889: checking how to hardcode library paths into programs
configure:20914: result: immediate
configure:21024: checking for shl_load
configure:21024: /home/tjq4954/.conda/envs/inhyeok/bin/x86_64-conda-linux-gnu-cc -o conftest  -march=nocona -mtune=haswell -ftree-vectorize -fPIC -fstack-protector-strong -fno-plt -O2 -ffunction-sections -pipe -isystem /home/tjq4954/.conda/envs/inhyeok/include  -DNDEBUG -D_FORTIFY_SOURCE=2 -O2 -isystem /home/tjq4954/.conda/envs/inhyeok/include  -Wl,-O2 -Wl,--sort-common -Wl,--as-needed -Wl,-z,relro -Wl,-z,now -Wl,--disable-new-dtags -Wl,--gc-sections -Wl,--allow-shlib-undefined -Wl,-rpath,/home/tjq4954/.conda/envs/inhyeok/lib -Wl,-rpath-link,/home/tjq4954/.conda/envs/inhyeok/lib -L/home/tjq4954/.conda/envs/inhyeok/lib conftest.c  >&5
/home/tjq4954/.conda/envs/inhyeok/bin/../lib/gcc/x86_64-conda-linux-gnu/13.2.0/../../../../x86_64-conda-linux-gnu/bin/ld: /tmp/ccDxaLgy.o: in function `main':
conftest.c:(.text.startup.main+0x8): undefined reference to `shl_load'
collect2: error: ld returned 1 exit status
configure:21024: $? = 1
configure: failed program was:
| /* confdefs.h */
| #define PACKAGE_NAME "HDF5"
| #define PACKAGE_TARNAME "hdf5"
| #define PACKAGE_VERSION "1.14.3"
| #define PACKAGE_STRING "HDF5 1.14.3"
| #define PACKAGE_BUGREPORT "help@hdfgroup.org"
| #define PACKAGE_URL ""
| #define PACKAGE "hdf5"
| #define VERSION "1.14.3"
| #define HAVE_STDIO_H 1
| #define HAVE_STDLIB_H 1
| #define HAVE_STRING_H 1
| #define HAVE_INTTYPES_H 1
| #define HAVE_STDINT_H 1
| #define HAVE_STRINGS_H 1
| #define HAVE_SYS_STAT_H 1
| #define HAVE_SYS_TYPES_H 1
| #define HAVE_UNISTD_H 1
| #define STDC_HEADERS 1
| #define SIZEOF_CHAR 1
| #define SIZEOF_SHORT 2
| #define SIZEOF_INT 4
| #define SIZEOF_UNSIGNED 4
| #define SIZEOF_LONG 8
| #define SIZEOF_LONG_LONG 8
| #define SIZEOF_FLOAT 4
| #define SIZEOF_DOUBLE 8
| #define SIZEOF_LONG_DOUBLE 16
| #define INCLUDE_HL 1
| #define TEST_EXPRESS_LEVEL_DEFAULT 3
| #define HAVE_DLFCN_H 1
| #define LT_OBJDIR ".libs/"
| /* end confdefs.h.  */
| /* Define shl_load to an innocuous variant, in case <limits.h> declares shl_load.
|    For example, HP-UX 11i <limits.h> declares gettimeofday.  */
| #define shl_load innocuous_shl_load
| 
| /* System header to define __stub macros and hopefully few prototypes,
|    which can conflict with char shl_load (); below.  */
| 
| #include <limits.h>
| #undef shl_load
| 
| /* Override any GCC internal prototype to avoid an error.
|    Use char because int might match the return type of a GCC
|    builtin and then its argument prototype would still apply.  */
| #ifdef __cplusplus
| extern "C"
| #endif
| char shl_load ();
| /* The GNU C library defines this for functions which it implements
|     to always fail with ENOSYS.  Some functions are actually named
|     something starting with __ and the normal name is an alias.  */
| #if defined __stub_shl_load || defined __stub___shl_load
| choke me
| #endif
| 
| #ifdef FC_DUMMY_MAIN
| #ifndef FC_DUMMY_MAIN_EQ_F77
| #  ifdef __cplusplus
|      extern "C"
| #  endif
|    int FC_DUMMY_MAIN() { return 1; }
| #endif
| #endif
| int
| main (void)
| {
| return shl_load ();
|   ;
|   return 0;
| }
configure:21024: result: no
configure:21029: checking for shl_load in -ldld
configure:21060: /home/tjq4954/.conda/envs/inhyeok/bin/x86_64-conda-linux-gnu-cc -o conftest  -march=nocona -mtune=haswell -ftree-vectorize -fPIC -fstack-protector-strong -fno-plt -O2 -ffunction-sections -pipe -isystem /home/tjq4954/.conda/envs/inhyeok/include  -DNDEBUG -D_FORTIFY_SOURCE=2 -O2 -isystem /home/tjq4954/.conda/envs/inhyeok/include  -Wl,-O2 -Wl,--sort-common -Wl,--as-needed -Wl,-z,relro -Wl,-z,now -Wl,--disable-new-dtags -Wl,--gc-sections -Wl,--allow-shlib-undefined -Wl,-rpath,/home/tjq4954/.conda/envs/inhyeok/lib -Wl,-rpath-link,/home/tjq4954/.conda/envs/inhyeok/lib -L/home/tjq4954/.conda/envs/inhyeok/lib conftest.c -ldld   >&5
/home/tjq4954/.conda/envs/inhyeok/bin/../lib/gcc/x86_64-conda-linux-gnu/13.2.0/../../../../x86_64-conda-linux-gnu/bin/ld: cannot find -ldld: No such file or directory
collect2: error: ld returned 1 exit status
configure:21060: $? = 1
configure: failed program was:
| /* confdefs.h */
| #define PACKAGE_NAME "HDF5"
| #define PACKAGE_TARNAME "hdf5"
| #define PACKAGE_VERSION "1.14.3"
| #define PACKAGE_STRING "HDF5 1.14.3"
| #define PACKAGE_BUGREPORT "help@hdfgroup.org"
| #define PACKAGE_URL ""
| #define PACKAGE "hdf5"
| #define VERSION "1.14.3"
| #define HAVE_STDIO_H 1
| #define HAVE_STDLIB_H 1
| #define HAVE_STRING_H 1
| #define HAVE_INTTYPES_H 1
| #define HAVE_STDINT_H 1
| #define HAVE_STRINGS_H 1
| #define HAVE_SYS_STAT_H 1
| #define HAVE_SYS_TYPES_H 1
| #define HAVE_UNISTD_H 1
| #define STDC_HEADERS 1
| #define SIZEOF_CHAR 1
| #define SIZEOF_SHORT 2
| #define SIZEOF_INT 4
| #define SIZEOF_UNSIGNED 4
| #define SIZEOF_LONG 8
| #define SIZEOF_LONG_LONG 8
| #define SIZEOF_FLOAT 4
| #define SIZEOF_DOUBLE 8
| #define SIZEOF_LONG_DOUBLE 16
| #define INCLUDE_HL 1
| #define TEST_EXPRESS_LEVEL_DEFAULT 3
| #define HAVE_DLFCN_H 1
| #define LT_OBJDIR ".libs/"
| /* end confdefs.h.  */
| 
| /* Override any GCC internal prototype to avoid an error.
|    Use char because int might match the return type of a GCC
|    builtin and then its argument prototype would still apply.  */
| char shl_load ();
| #ifdef FC_DUMMY_MAIN
| #ifndef FC_DUMMY_MAIN_EQ_F77
| #  ifdef __cplusplus
|      extern "C"
| #  endif
|    int FC_DUMMY_MAIN() { return 1; }
| #endif
| #endif
| int
| main (void)
| {
| return shl_load ();
|   ;
|   return 0;
| }
configure:21070: result: no
configure:21076: checking for dlopen
configure:21076: /home/tjq4954/.conda/envs/inhyeok/bin/x86_64-conda-linux-gnu-cc -o conftest  -march=nocona -mtune=haswell -ftree-vectorize -fPIC -fstack-protector-strong -fno-plt -O2 -ffunction-sections -pipe -isystem /home/tjq4954/.conda/envs/inhyeok/include  -DNDEBUG -D_FORTIFY_SOURCE=2 -O2 -isystem /home/tjq4954/.conda/envs/inhyeok/include  -Wl,-O2 -Wl,--sort-common -Wl,--as-needed -Wl,-z,relro -Wl,-z,now -Wl,--disable-new-dtags -Wl,--gc-sections -Wl,--allow-shlib-undefined -Wl,-rpath,/home/tjq4954/.conda/envs/inhyeok/lib -Wl,-rpath-link,/home/tjq4954/.conda/envs/inhyeok/lib -L/home/tjq4954/.conda/envs/inhyeok/lib conftest.c  >&5
/home/tjq4954/.conda/envs/inhyeok/bin/../lib/gcc/x86_64-conda-linux-gnu/13.2.0/../../../../x86_64-conda-linux-gnu/bin/ld: /tmp/ccaJLoNQ.o: in function `main':
conftest.c:(.text.startup.main+0x8): undefined reference to `dlopen'
collect2: error: ld returned 1 exit status
configure:21076: $? = 1
configure: failed program was:
| /* confdefs.h */
| #define PACKAGE_NAME "HDF5"
| #define PACKAGE_TARNAME "hdf5"
| #define PACKAGE_VERSION "1.14.3"
| #define PACKAGE_STRING "HDF5 1.14.3"
| #define PACKAGE_BUGREPORT "help@hdfgroup.org"
| #define PACKAGE_URL ""
| #define PACKAGE "hdf5"
| #define VERSION "1.14.3"
| #define HAVE_STDIO_H 1
| #define HAVE_STDLIB_H 1
| #define HAVE_STRING_H 1
| #define HAVE_INTTYPES_H 1
| #define HAVE_STDINT_H 1
| #define HAVE_STRINGS_H 1
| #define HAVE_SYS_STAT_H 1
| #define HAVE_SYS_TYPES_H 1
| #define HAVE_UNISTD_H 1
| #define STDC_HEADERS 1
| #define SIZEOF_CHAR 1
| #define SIZEOF_SHORT 2
| #define SIZEOF_INT 4
| #define SIZEOF_UNSIGNED 4
| #define SIZEOF_LONG 8
| #define SIZEOF_LONG_LONG 8
| #define SIZEOF_FLOAT 4
| #define SIZEOF_DOUBLE 8
| #define SIZEOF_LONG_DOUBLE 16
| #define INCLUDE_HL 1
| #define TEST_EXPRESS_LEVEL_DEFAULT 3
| #define HAVE_DLFCN_H 1
| #define LT_OBJDIR ".libs/"
| /* end confdefs.h.  */
| /* Define dlopen to an innocuous variant, in case <limits.h> declares dlopen.
|    For example, HP-UX 11i <limits.h> declares gettimeofday.  */
| #define dlopen innocuous_dlopen
| 
| /* System header to define __stub macros and hopefully few prototypes,
|    which can conflict with char dlopen (); below.  */
| 
| #include <limits.h>
| #undef dlopen
| 
| /* Override any GCC internal prototype to avoid an error.
|    Use char because int might match the return type of a GCC
|    builtin and then its argument prototype would still apply.  */
| #ifdef __cplusplus
| extern "C"
| #endif
| char dlopen ();
| /* The GNU C library defines this for functions which it implements
|     to always fail with ENOSYS.  Some functions are actually named
|     something starting with __ and the normal name is an alias.  */
| #if defined __stub_dlopen || defined __stub___dlopen
| choke me
| #endif
| 
| #ifdef FC_DUMMY_MAIN
| #ifndef FC_DUMMY_MAIN_EQ_F77
| #  ifdef __cplusplus
|      extern "C"
| #  endif
|    int FC_DUMMY_MAIN() { return 1; }
| #endif
| #endif
| int
| main (void)
| {
| return dlopen ();
|   ;
|   return 0;
| }
configure:21076: result: no
configure:21081: checking for dlopen in -ldl
configure:21112: /home/tjq4954/.conda/envs/inhyeok/bin/x86_64-conda-linux-gnu-cc -o conftest  -march=nocona -mtune=haswell -ftree-vectorize -fPIC -fstack-protector-strong -fno-plt -O2 -ffunction-sections -pipe -isystem /home/tjq4954/.conda/envs/inhyeok/include  -DNDEBUG -D_FORTIFY_SOURCE=2 -O2 -isystem /home/tjq4954/.conda/envs/inhyeok/include  -Wl,-O2 -Wl,--sort-common -Wl,--as-needed -Wl,-z,relro -Wl,-z,now -Wl,--disable-new-dtags -Wl,--gc-sections -Wl,--allow-shlib-undefined -Wl,-rpath,/home/tjq4954/.conda/envs/inhyeok/lib -Wl,-rpath-link,/home/tjq4954/.conda/envs/inhyeok/lib -L/home/tjq4954/.conda/envs/inhyeok/lib conftest.c -ldl   >&5
configure:21112: $? = 0
configure:21122: result: yes
configure:21258: checking whether a program can dlopen itself
configure:21339: /home/tjq4954/.conda/envs/inhyeok/bin/x86_64-conda-linux-gnu-cc -o conftest  -march=nocona -mtune=haswell -ftree-vectorize -fPIC -fstack-protector-strong -fno-plt -O2 -ffunction-sections -pipe -isystem /home/tjq4954/.conda/envs/inhyeok/include  -DNDEBUG -D_FORTIFY_SOURCE=2 -O2 -isystem /home/tjq4954/.conda/envs/inhyeok/include -DHAVE_DLFCN_H  -Wl,-O2 -Wl,--sort-common -Wl,--as-needed -Wl,-z,relro -Wl,-z,now -Wl,--disable-new-dtags -Wl,--gc-sections -Wl,--allow-shlib-undefined -Wl,-rpath,/home/tjq4954/.conda/envs/inhyeok/lib -Wl,-rpath-link,/home/tjq4954/.conda/envs/inhyeok/lib -L/home/tjq4954/.conda/envs/inhyeok/lib -Wl,--export-dynamic conftest.c -ldl  >&5
configure:21342: $? = 0
configure:21360: result: yes
configure:21365: checking whether a statically linked program can dlopen itself
configure:21446: /home/tjq4954/.conda/envs/inhyeok/bin/x86_64-conda-linux-gnu-cc -o conftest  -march=nocona -mtune=haswell -ftree-vectorize -fPIC -fstack-protector-strong -fno-plt -O2 -ffunction-sections -pipe -isystem /home/tjq4954/.conda/envs/inhyeok/include  -DNDEBUG -D_FORTIFY_SOURCE=2 -O2 -isystem /home/tjq4954/.conda/envs/inhyeok/include -DHAVE_DLFCN_H  -Wl,-O2 -Wl,--sort-common -Wl,--as-needed -Wl,-z,relro -Wl,-z,now -Wl,--disable-new-dtags -Wl,--gc-sections -Wl,--allow-shlib-undefined -Wl,-rpath,/home/tjq4954/.conda/envs/inhyeok/lib -Wl,-rpath-link,/home/tjq4954/.conda/envs/inhyeok/lib -L/home/tjq4954/.conda/envs/inhyeok/lib -Wl,--export-dynamic -static conftest.c -ldl  >&5
/home/tjq4954/.conda/envs/inhyeok/bin/../lib/gcc/x86_64-conda-linux-gnu/13.2.0/../../../../x86_64-conda-linux-gnu/bin/ld: /tmp/ccrlukjj.o: in function `main':
conftest.c:(.text.startup.main+0xa): warning: Using 'dlopen' in statically linked applications requires at runtime the shared libraries from the glibc version used for linking
configure:21449: $? = 0
/software/R/4.2.3/lib64/R/lib/: cannot read file data: Is a directory
configure:21467: result: no
configure:21506: checking whether stripping libraries is possible
configure:21511: result: yes
configure:21546: checking if libtool supports shared libraries
configure:21548: result: yes
configure:21551: checking whether to build shared libraries
configure:21576: result: yes
configure:21579: checking whether to build static libraries
configure:21583: result: yes
configure:28074: checking if we should install only statically linked executables
configure:28082: result: no
configure:28121: checking if -Wl,-rpath should be used to link shared libs in nondefault directories
configure:28140: result: yes
configure:28153: checking for ceil in -lm
configure:28184: /home/tjq4954/.conda/envs/inhyeok/bin/x86_64-conda-linux-gnu-cc -o conftest  -march=nocona -mtune=haswell -ftree-vectorize -fPIC -fstack-protector-strong -fno-plt -O2 -ffunction-sections -pipe -isystem /home/tjq4954/.conda/envs/inhyeok/include  -DNDEBUG -D_FORTIFY_SOURCE=2 -O2 -isystem /home/tjq4954/.conda/envs/inhyeok/include  -Wl,-O2 -Wl,--sort-common -Wl,--as-needed -Wl,-z,relro -Wl,-z,now -Wl,--disable-new-dtags -Wl,--gc-sections -Wl,--allow-shlib-undefined -Wl,-rpath,/home/tjq4954/.conda/envs/inhyeok/lib -Wl,-rpath-link,/home/tjq4954/.conda/envs/inhyeok/lib -L/home/tjq4954/.conda/envs/inhyeok/lib conftest.c -lm   >&5
conftest.c:38:6: warning: conflicting types for built-in function 'ceil'; expected 'double(double)' [-Wbuiltin-declaration-mismatch]
   38 | char ceil ();
      |      ^~~~
conftest.c:1:1: note: 'ceil' is declared in header '<math.h>'
    1 | /* confdefs.h */
configure:28184: $? = 0
configure:28194: result: yes
configure:28204: checking for dlopen in -ldl
configure:28245: result: yes
configure:28261: checking for dirent.h
configure:28261: /home/tjq4954/.conda/envs/inhyeok/bin/x86_64-conda-linux-gnu-cc -c  -march=nocona -mtune=haswell -ftree-vectorize -fPIC -fstack-protector-strong -fno-plt -O2 -ffunction-sections -pipe -isystem /home/tjq4954/.conda/envs/inhyeok/include  -DNDEBUG -D_FORTIFY_SOURCE=2 -O2 -isystem /home/tjq4954/.conda/envs/inhyeok/include conftest.c >&5
configure:28261: $? = 0
configure:28261: result: yes
configure:28267: checking for features.h
configure:28267: /home/tjq4954/.conda/envs/inhyeok/bin/x86_64-conda-linux-gnu-cc -c  -march=nocona -mtune=haswell -ftree-vectorize -fPIC -fstack-protector-strong -fno-plt -O2 -ffunction-sections -pipe -isystem /home/tjq4954/.conda/envs/inhyeok/include  -DNDEBUG -D_FORTIFY_SOURCE=2 -O2 -isystem /home/tjq4954/.conda/envs/inhyeok/include conftest.c >&5
configure:28267: $? = 0
configure:28267: result: yes
configure:28273: checking for pwd.h
configure:28273: /home/tjq4954/.conda/envs/inhyeok/bin/x86_64-conda-linux-gnu-cc -c  -march=nocona -mtune=haswell -ftree-vectorize -fPIC -fstack-protector-strong -fno-plt -O2 -ffunction-sections -pipe -isystem /home/tjq4954/.conda/envs/inhyeok/include  -DNDEBUG -D_FORTIFY_SOURCE=2 -O2 -isystem /home/tjq4954/.conda/envs/inhyeok/include conftest.c >&5
configure:28273: $? = 0
configure:28273: result: yes
configure:28279: checking for unistd.h
configure:28279: result: yes
configure:28286: checking for sys/file.h
configure:28286: /home/tjq4954/.conda/envs/inhyeok/bin/x86_64-conda-linux-gnu-cc -c  -march=nocona -mtune=haswell -ftree-vectorize -fPIC -fstack-protector-strong -fno-plt -O2 -ffunction-sections -pipe -isystem /home/tjq4954/.conda/envs/inhyeok/include  -DNDEBUG -D_FORTIFY_SOURCE=2 -O2 -isystem /home/tjq4954/.conda/envs/inhyeok/include conftest.c >&5
configure:28286: $? = 0
configure:28286: result: yes
configure:28292: checking for sys/ioctl.h
configure:28292: /home/tjq4954/.conda/envs/inhyeok/bin/x86_64-conda-linux-gnu-cc -c  -march=nocona -mtune=haswell -ftree-vectorize -fPIC -fstack-protector-strong -fno-plt -O2 -ffunction-sections -pipe -isystem /home/tjq4954/.conda/envs/inhyeok/include  -DNDEBUG -D_FORTIFY_SOURCE=2 -O2 -isystem /home/tjq4954/.conda/envs/inhyeok/include conftest.c >&5
configure:28292: $? = 0
configure:28292: result: yes
configure:28298: checking for sys/resource.h
configure:28298: /home/tjq4954/.conda/envs/inhyeok/bin/x86_64-conda-linux-gnu-cc -c  -march=nocona -mtune=haswell -ftree-vectorize -fPIC -fstack-protector-strong -fno-plt -O2 -ffunction-sections -pipe -isystem /home/tjq4954/.conda/envs/inhyeok/include  -DNDEBUG -D_FORTIFY_SOURCE=2 -O2 -isystem /home/tjq4954/.conda/envs/inhyeok/include conftest.c >&5
configure:28298: $? = 0
configure:28298: result: yes
configure:28305: checking for sys/stat.h
configure:28305: result: yes
configure:28311: checking for sys/time.h
configure:28311: /home/tjq4954/.conda/envs/inhyeok/bin/x86_64-conda-linux-gnu-cc -c  -march=nocona -mtune=haswell -ftree-vectorize -fPIC -fstack-protector-strong -fno-plt -O2 -ffunction-sections -pipe -isystem /home/tjq4954/.conda/envs/inhyeok/include  -DNDEBUG -D_FORTIFY_SOURCE=2 -O2 -isystem /home/tjq4954/.conda/envs/inhyeok/include conftest.c >&5
configure:28311: $? = 0
configure:28311: result: yes
configure:28317: checking for sys/types.h
configure:28317: result: yes
configure:28396: checking for arpa/inet.h
configure:28396: /home/tjq4954/.conda/envs/inhyeok/bin/x86_64-conda-linux-gnu-cc -c  -march=nocona -mtune=haswell -ftree-vectorize -fPIC -fstack-protector-strong -fno-plt -O2 -ffunction-sections -pipe -isystem /home/tjq4954/.conda/envs/inhyeok/include  -DNDEBUG -D_FORTIFY_SOURCE=2 -O2 -isystem /home/tjq4954/.conda/envs/inhyeok/include conftest.c >&5
configure:28396: $? = 0
configure:28396: result: yes
configure:28402: checking for netdb.h
configure:28402: /home/tjq4954/.conda/envs/inhyeok/bin/x86_64-conda-linux-gnu-cc -c  -march=nocona -mtune=haswell -ftree-vectorize -fPIC -fstack-protector-strong -fno-plt -O2 -ffunction-sections -pipe -isystem /home/tjq4954/.conda/envs/inhyeok/include  -DNDEBUG -D_FORTIFY_SOURCE=2 -O2 -isystem /home/tjq4954/.conda/envs/inhyeok/include conftest.c >&5
configure:28402: $? = 0
configure:28402: result: yes
configure:28408: checking for netinet/in.h
configure:28408: /home/tjq4954/.conda/envs/inhyeok/bin/x86_64-conda-linux-gnu-cc -c  -march=nocona -mtune=haswell -ftree-vectorize -fPIC -fstack-protector-strong -fno-plt -O2 -ffunction-sections -pipe -isystem /home/tjq4954/.conda/envs/inhyeok/include  -DNDEBUG -D_FORTIFY_SOURCE=2 -O2 -isystem /home/tjq4954/.conda/envs/inhyeok/include conftest.c >&5
configure:28408: $? = 0
configure:28408: result: yes
configure:28414: checking for sys/socket.h
configure:28414: /home/tjq4954/.conda/envs/inhyeok/bin/x86_64-conda-linux-gnu-cc -c  -march=nocona -mtune=haswell -ftree-vectorize -fPIC -fstack-protector-strong -fno-plt -O2 -ffunction-sections -pipe -isystem /home/tjq4954/.conda/envs/inhyeok/include  -DNDEBUG -D_FORTIFY_SOURCE=2 -O2 -isystem /home/tjq4954/.conda/envs/inhyeok/include conftest.c >&5
configure:28414: $? = 0
configure:28414: result: yes
configure:28429: checking if libtool needs -no-undefined flag to build shared libraries
configure:28440: result: no
configure:28455: checking for _FILE_OFFSET_BITS value needed for large files
configure:28489: /home/tjq4954/.conda/envs/inhyeok/bin/x86_64-conda-linux-gnu-cc -c  -march=nocona -mtune=haswell -ftree-vectorize -fPIC -fstack-protector-strong -fno-plt -O2 -ffunction-sections -pipe -isystem /home/tjq4954/.conda/envs/inhyeok/include  -DNDEBUG -D_FORTIFY_SOURCE=2 -O2 -isystem /home/tjq4954/.conda/envs/inhyeok/include conftest.c >&5
configure:28489: $? = 0
configure:28531: result: no
configure:28775: checking size of int8_t
configure:28781: /home/tjq4954/.conda/envs/inhyeok/bin/x86_64-conda-linux-gnu-cc -o conftest  -std=c99  -Wall -Wcast-qual -Wconversion -Wextra -Wfloat-equal -Wformat=2 -Winit-self -Winvalid-pch -Wmissing-include-dirs -Wshadow -Wundef -Wwrite-strings -pedantic -Wno-c++-compat -Wlarger-than=2560 -Wlogical-op -Wframe-larger-than=16384 -Wpacked-bitfield-compat -Wsync-nand -Wno-unsuffixed-float-constants -Wdouble-promotion -Wtrampolines -Wstack-usage=8192 -Wmaybe-uninitialized -Wdate-time -Warray-bounds=2 -Wc99-c11-compat -Wduplicated-cond -Whsa -Wnormalized -Wnull-dereference -Wunused-const-variable -Walloca -Walloc-zero -Wduplicated-branches -Wformat-overflow=2 -Wformat-truncation=1 -Wattribute-alias -Wcast-align=strict -Wshift-overflow=2 -Wattribute-alias=2 -Wmissing-profile -Wc11-c2x-compat -fstdarg-opt   -march=nocona -mtune=haswell -ftree-vectorize -fPIC -fstack-protector-strong -fno-plt -O2 -ffunction-sections -pipe -isystem /home/tjq4954/.conda/envs/inhyeok/include -D_GNU_SOURCE -D_POSIX_C_SOURCE=200809L     -DNDEBUG -D_FORTIFY_SOURCE=2 -O2 -isystem /home/tjq4954/.conda/envs/inhyeok/include  -Wl,-O2 -Wl,--sort-common -Wl,--as-needed -Wl,-z,relro -Wl,-z,now -Wl,--disable-new-dtags -Wl,--gc-sections -Wl,--allow-shlib-undefined -Wl,-rpath,/home/tjq4954/.conda/envs/inhyeok/lib -Wl,-rpath-link,/home/tjq4954/.conda/envs/inhyeok/lib -L/home/tjq4954/.conda/envs/inhyeok/lib conftest.c -ldl -lm  >&5
configure:28781: $? = 0
configure:28781: ./conftest
configure:28781: $? = 0
configure:28796: result: 1
configure:28808: checking size of uint8_t
configure:28814: /home/tjq4954/.conda/envs/inhyeok/bin/x86_64-conda-linux-gnu-cc -o conftest  -std=c99  -Wall -Wcast-qual -Wconversion -Wextra -Wfloat-equal -Wformat=2 -Winit-self -Winvalid-pch -Wmissing-include-dirs -Wshadow -Wundef -Wwrite-strings -pedantic -Wno-c++-compat -Wlarger-than=2560 -Wlogical-op -Wframe-larger-than=16384 -Wpacked-bitfield-compat -Wsync-nand -Wno-unsuffixed-float-constants -Wdouble-promotion -Wtrampolines -Wstack-usage=8192 -Wmaybe-uninitialized -Wdate-time -Warray-bounds=2 -Wc99-c11-compat -Wduplicated-cond -Whsa -Wnormalized -Wnull-dereference -Wunused-const-variable -Walloca -Walloc-zero -Wduplicated-branches -Wformat-overflow=2 -Wformat-truncation=1 -Wattribute-alias -Wcast-align=strict -Wshift-overflow=2 -Wattribute-alias=2 -Wmissing-profile -Wc11-c2x-compat -fstdarg-opt   -march=nocona -mtune=haswell -ftree-vectorize -fPIC -fstack-protector-strong -fno-plt -O2 -ffunction-sections -pipe -isystem /home/tjq4954/.conda/envs/inhyeok/include -D_GNU_SOURCE -D_POSIX_C_SOURCE=200809L     -DNDEBUG -D_FORTIFY_SOURCE=2 -O2 -isystem /home/tjq4954/.conda/envs/inhyeok/include  -Wl,-O2 -Wl,--sort-common -Wl,--as-needed -Wl,-z,relro -Wl,-z,now -Wl,--disable-new-dtags -Wl,--gc-sections -Wl,--allow-shlib-undefined -Wl,-rpath,/home/tjq4954/.conda/envs/inhyeok/lib -Wl,-rpath-link,/home/tjq4954/.conda/envs/inhyeok/lib -L/home/tjq4954/.conda/envs/inhyeok/lib conftest.c -ldl -lm  >&5
configure:28814: $? = 0
configure:28814: ./conftest
configure:28814: $? = 0
configure:28829: result: 1
configure:28841: checking size of int_least8_t
configure:28847: /home/tjq4954/.conda/envs/inhyeok/bin/x86_64-conda-linux-gnu-cc -o conftest  -std=c99  -Wall -Wcast-qual -Wconversion -Wextra -Wfloat-equal -Wformat=2 -Winit-self -Winvalid-pch -Wmissing-include-dirs -Wshadow -Wundef -Wwrite-strings -pedantic -Wno-c++-compat -Wlarger-than=2560 -Wlogical-op -Wframe-larger-than=16384 -Wpacked-bitfield-compat -Wsync-nand -Wno-unsuffixed-float-constants -Wdouble-promotion -Wtrampolines -Wstack-usage=8192 -Wmaybe-uninitialized -Wdate-time -Warray-bounds=2 -Wc99-c11-compat -Wduplicated-cond -Whsa -Wnormalized -Wnull-dereference -Wunused-const-variable -Walloca -Walloc-zero -Wduplicated-branches -Wformat-overflow=2 -Wformat-truncation=1 -Wattribute-alias -Wcast-align=strict -Wshift-overflow=2 -Wattribute-alias=2 -Wmissing-profile -Wc11-c2x-compat -fstdarg-opt   -march=nocona -mtune=haswell -ftree-vectorize -fPIC -fstack-protector-strong -fno-plt -O2 -ffunction-sections -pipe -isystem /home/tjq4954/.conda/envs/inhyeok/include -D_GNU_SOURCE -D_POSIX_C_SOURCE=200809L     -DNDEBUG -D_FORTIFY_SOURCE=2 -O2 -isystem /home/tjq4954/.conda/envs/inhyeok/include  -Wl,-O2 -Wl,--sort-common -Wl,--as-needed -Wl,-z,relro -Wl,-z,now -Wl,--disable-new-dtags -Wl,--gc-sections -Wl,--allow-shlib-undefined -Wl,-rpath,/home/tjq4954/.conda/envs/inhyeok/lib -Wl,-rpath-link,/home/tjq4954/.conda/envs/inhyeok/lib -L/home/tjq4954/.conda/envs/inhyeok/lib conftest.c -ldl -lm  >&5
configure:28847: $? = 0
configure:28847: ./conftest
configure:28847: $? = 0
configure:28862: result: 1
configure:28874: checking size of uint_least8_t
configure:28880: /home/tjq4954/.conda/envs/inhyeok/bin/x86_64-conda-linux-gnu-cc -o conftest  -std=c99  -Wall -Wcast-qual -Wconversion -Wextra -Wfloat-equal -Wformat=2 -Winit-self -Winvalid-pch -Wmissing-include-dirs -Wshadow -Wundef -Wwrite-strings -pedantic -Wno-c++-compat -Wlarger-than=2560 -Wlogical-op -Wframe-larger-than=16384 -Wpacked-bitfield-compat -Wsync-nand -Wno-unsuffixed-float-constants -Wdouble-promotion -Wtrampolines -Wstack-usage=8192 -Wmaybe-uninitialized -Wdate-time -Warray-bounds=2 -Wc99-c11-compat -Wduplicated-cond -Whsa -Wnormalized -Wnull-dereference -Wunused-const-variable -Walloca -Walloc-zero -Wduplicated-branches -Wformat-overflow=2 -Wformat-truncation=1 -Wattribute-alias -Wcast-align=strict -Wshift-overflow=2 -Wattribute-alias=2 -Wmissing-profile -Wc11-c2x-compat -fstdarg-opt   -march=nocona -mtune=haswell -ftree-vectorize -fPIC -fstack-protector-strong -fno-plt -O2 -ffunction-sections -pipe -isystem /home/tjq4954/.conda/envs/inhyeok/include -D_GNU_SOURCE -D_POSIX_C_SOURCE=200809L     -DNDEBUG -D_FORTIFY_SOURCE=2 -O2 -isystem /home/tjq4954/.conda/envs/inhyeok/include  -Wl,-O2 -Wl,--sort-common -Wl,--as-needed -Wl,-z,relro -Wl,-z,now -Wl,--disable-new-dtags -Wl,--gc-sections -Wl,--allow-shlib-undefined -Wl,-rpath,/home/tjq4954/.conda/envs/inhyeok/lib -Wl,-rpath-link,/home/tjq4954/.conda/envs/inhyeok/lib -L/home/tjq4954/.conda/envs/inhyeok/lib conftest.c -ldl -lm  >&5
configure:28880: $? = 0
configure:28880: ./conftest
configure:28880: $? = 0
configure:28895: result: 1
configure:28907: checking size of int_fast8_t
configure:28913: /home/tjq4954/.conda/envs/inhyeok/bin/x86_64-conda-linux-gnu-cc -o conftest  -std=c99  -Wall -Wcast-qual -Wconversion -Wextra -Wfloat-equal -Wformat=2 -Winit-self -Winvalid-pch -Wmissing-include-dirs -Wshadow -Wundef -Wwrite-strings -pedantic -Wno-c++-compat -Wlarger-than=2560 -Wlogical-op -Wframe-larger-than=16384 -Wpacked-bitfield-compat -Wsync-nand -Wno-unsuffixed-float-constants -Wdouble-promotion -Wtrampolines -Wstack-usage=8192 -Wmaybe-uninitialized -Wdate-time -Warray-bounds=2 -Wc99-c11-compat -Wduplicated-cond -Whsa -Wnormalized -Wnull-dereference -Wunused-const-variable -Walloca -Walloc-zero -Wduplicated-branches -Wformat-overflow=2 -Wformat-truncation=1 -Wattribute-alias -Wcast-align=strict -Wshift-overflow=2 -Wattribute-alias=2 -Wmissing-profile -Wc11-c2x-compat -fstdarg-opt   -march=nocona -mtune=haswell -ftree-vectorize -fPIC -fstack-protector-strong -fno-plt -O2 -ffunction-sections -pipe -isystem /home/tjq4954/.conda/envs/inhyeok/include -D_GNU_SOURCE -D_POSIX_C_SOURCE=200809L     -DNDEBUG -D_FORTIFY_SOURCE=2 -O2 -isystem /home/tjq4954/.conda/envs/inhyeok/include  -Wl,-O2 -Wl,--sort-common -Wl,--as-needed -Wl,-z,relro -Wl,-z,now -Wl,--disable-new-dtags -Wl,--gc-sections -Wl,--allow-shlib-undefined -Wl,-rpath,/home/tjq4954/.conda/envs/inhyeok/lib -Wl,-rpath-link,/home/tjq4954/.conda/envs/inhyeok/lib -L/home/tjq4954/.conda/envs/inhyeok/lib conftest.c -ldl -lm  >&5
configure:28913: $? = 0
configure:28913: ./conftest
configure:28913: $? = 0
configure:28928: result: 1
configure:28940: checking size of uint_fast8_t
configure:28946: /home/tjq4954/.conda/envs/inhyeok/bin/x86_64-conda-linux-gnu-cc -o conftest  -std=c99  -Wall -Wcast-qual -Wconversion -Wextra -Wfloat-equal -Wformat=2 -Winit-self -Winvalid-pch -Wmissing-include-dirs -Wshadow -Wundef -Wwrite-strings -pedantic -Wno-c++-compat -Wlarger-than=2560 -Wlogical-op -Wframe-larger-than=16384 -Wpacked-bitfield-compat -Wsync-nand -Wno-unsuffixed-float-constants -Wdouble-promotion -Wtrampolines -Wstack-usage=8192 -Wmaybe-uninitialized -Wdate-time -Warray-bounds=2 -Wc99-c11-compat -Wduplicated-cond -Whsa -Wnormalized -Wnull-dereference -Wunused-const-variable -Walloca -Walloc-zero -Wduplicated-branches -Wformat-overflow=2 -Wformat-truncation=1 -Wattribute-alias -Wcast-align=strict -Wshift-overflow=2 -Wattribute-alias=2 -Wmissing-profile -Wc11-c2x-compat -fstdarg-opt   -march=nocona -mtune=haswell -ftree-vectorize -fPIC -fstack-protector-strong -fno-plt -O2 -ffunction-sections -pipe -isystem /home/tjq4954/.conda/envs/inhyeok/include -D_GNU_SOURCE -D_POSIX_C_SOURCE=200809L     -DNDEBUG -D_FORTIFY_SOURCE=2 -O2 -isystem /home/tjq4954/.conda/envs/inhyeok/include  -Wl,-O2 -Wl,--sort-common -Wl,--as-needed -Wl,-z,relro -Wl,-z,now -Wl,--disable-new-dtags -Wl,--gc-sections -Wl,--allow-shlib-undefined -Wl,-rpath,/home/tjq4954/.conda/envs/inhyeok/lib -Wl,-rpath-link,/home/tjq4954/.conda/envs/inhyeok/lib -L/home/tjq4954/.conda/envs/inhyeok/lib conftest.c -ldl -lm  >&5
configure:28946: $? = 0
configure:28946: ./conftest
configure:28946: $? = 0
configure:28961: result: 1
configure:28974: checking size of int16_t
configure:28980: /home/tjq4954/.conda/envs/inhyeok/bin/x86_64-conda-linux-gnu-cc -o conftest  -std=c99  -Wall -Wcast-qual -Wconversion -Wextra -Wfloat-equal -Wformat=2 -Winit-self -Winvalid-pch -Wmissing-include-dirs -Wshadow -Wundef -Wwrite-strings -pedantic -Wno-c++-compat -Wlarger-than=2560 -Wlogical-op -Wframe-larger-than=16384 -Wpacked-bitfield-compat -Wsync-nand -Wno-unsuffixed-float-constants -Wdouble-promotion -Wtrampolines -Wstack-usage=8192 -Wmaybe-uninitialized -Wdate-time -Warray-bounds=2 -Wc99-c11-compat -Wduplicated-cond -Whsa -Wnormalized -Wnull-dereference -Wunused-const-variable -Walloca -Walloc-zero -Wduplicated-branches -Wformat-overflow=2 -Wformat-truncation=1 -Wattribute-alias -Wcast-align=strict -Wshift-overflow=2 -Wattribute-alias=2 -Wmissing-profile -Wc11-c2x-compat -fstdarg-opt   -march=nocona -mtune=haswell -ftree-vectorize -fPIC -fstack-protector-strong -fno-plt -O2 -ffunction-sections -pipe -isystem /home/tjq4954/.conda/envs/inhyeok/include -D_GNU_SOURCE -D_POSIX_C_SOURCE=200809L     -DNDEBUG -D_FORTIFY_SOURCE=2 -O2 -isystem /home/tjq4954/.conda/envs/inhyeok/include  -Wl,-O2 -Wl,--sort-common -Wl,--as-needed -Wl,-z,relro -Wl,-z,now -Wl,--disable-new-dtags -Wl,--gc-sections -Wl,--allow-shlib-undefined -Wl,-rpath,/home/tjq4954/.conda/envs/inhyeok/lib -Wl,-rpath-link,/home/tjq4954/.conda/envs/inhyeok/lib -L/home/tjq4954/.conda/envs/inhyeok/lib conftest.c -ldl -lm  >&5
configure:28980: $? = 0
configure:28980: ./conftest
configure:28980: $? = 0
configure:28995: result: 2
configure:29007: checking size of uint16_t
configure:29013: /home/tjq4954/.conda/envs/inhyeok/bin/x86_64-conda-linux-gnu-cc -o conftest  -std=c99  -Wall -Wcast-qual -Wconversion -Wextra -Wfloat-equal -Wformat=2 -Winit-self -Winvalid-pch -Wmissing-include-dirs -Wshadow -Wundef -Wwrite-strings -pedantic -Wno-c++-compat -Wlarger-than=2560 -Wlogical-op -Wframe-larger-than=16384 -Wpacked-bitfield-compat -Wsync-nand -Wno-unsuffixed-float-constants -Wdouble-promotion -Wtrampolines -Wstack-usage=8192 -Wmaybe-uninitialized -Wdate-time -Warray-bounds=2 -Wc99-c11-compat -Wduplicated-cond -Whsa -Wnormalized -Wnull-dereference -Wunused-const-variable -Walloca -Walloc-zero -Wduplicated-branches -Wformat-overflow=2 -Wformat-truncation=1 -Wattribute-alias -Wcast-align=strict -Wshift-overflow=2 -Wattribute-alias=2 -Wmissing-profile -Wc11-c2x-compat -fstdarg-opt   -march=nocona -mtune=haswell -ftree-vectorize -fPIC -fstack-protector-strong -fno-plt -O2 -ffunction-sections -pipe -isystem /home/tjq4954/.conda/envs/inhyeok/include -D_GNU_SOURCE -D_POSIX_C_SOURCE=200809L     -DNDEBUG -D_FORTIFY_SOURCE=2 -O2 -isystem /home/tjq4954/.conda/envs/inhyeok/include  -Wl,-O2 -Wl,--sort-common -Wl,--as-needed -Wl,-z,relro -Wl,-z,now -Wl,--disable-new-dtags -Wl,--gc-sections -Wl,--allow-shlib-undefined -Wl,-rpath,/home/tjq4954/.conda/envs/inhyeok/lib -Wl,-rpath-link,/home/tjq4954/.conda/envs/inhyeok/lib -L/home/tjq4954/.conda/envs/inhyeok/lib conftest.c -ldl -lm  >&5
configure:29013: $? = 0
configure:29013: ./conftest
configure:29013: $? = 0
configure:29028: result: 2
configure:29040: checking size of int_least16_t
configure:29046: /home/tjq4954/.conda/envs/inhyeok/bin/x86_64-conda-linux-gnu-cc -o conftest  -std=c99  -Wall -Wcast-qual -Wconversion -Wextra -Wfloat-equal -Wformat=2 -Winit-self -Winvalid-pch -Wmissing-include-dirs -Wshadow -Wundef -Wwrite-strings -pedantic -Wno-c++-compat -Wlarger-than=2560 -Wlogical-op -Wframe-larger-than=16384 -Wpacked-bitfield-compat -Wsync-nand -Wno-unsuffixed-float-constants -Wdouble-promotion -Wtrampolines -Wstack-usage=8192 -Wmaybe-uninitialized -Wdate-time -Warray-bounds=2 -Wc99-c11-compat -Wduplicated-cond -Whsa -Wnormalized -Wnull-dereference -Wunused-const-variable -Walloca -Walloc-zero -Wduplicated-branches -Wformat-overflow=2 -Wformat-truncation=1 -Wattribute-alias -Wcast-align=strict -Wshift-overflow=2 -Wattribute-alias=2 -Wmissing-profile -Wc11-c2x-compat -fstdarg-opt   -march=nocona -mtune=haswell -ftree-vectorize -fPIC -fstack-protector-strong -fno-plt -O2 -ffunction-sections -pipe -isystem /home/tjq4954/.conda/envs/inhyeok/include -D_GNU_SOURCE -D_POSIX_C_SOURCE=200809L     -DNDEBUG -D_FORTIFY_SOURCE=2 -O2 -isystem /home/tjq4954/.conda/envs/inhyeok/include  -Wl,-O2 -Wl,--sort-common -Wl,--as-needed -Wl,-z,relro -Wl,-z,now -Wl,--disable-new-dtags -Wl,--gc-sections -Wl,--allow-shlib-undefined -Wl,-rpath,/home/tjq4954/.conda/envs/inhyeok/lib -Wl,-rpath-link,/home/tjq4954/.conda/envs/inhyeok/lib -L/home/tjq4954/.conda/envs/inhyeok/lib conftest.c -ldl -lm  >&5
configure:29046: $? = 0
configure:29046: ./conftest
configure:29046: $? = 0
configure:29061: result: 2
configure:29073: checking size of uint_least16_t
configure:29079: /home/tjq4954/.conda/envs/inhyeok/bin/x86_64-conda-linux-gnu-cc -o conftest  -std=c99  -Wall -Wcast-qual -Wconversion -Wextra -Wfloat-equal -Wformat=2 -Winit-self -Winvalid-pch -Wmissing-include-dirs -Wshadow -Wundef -Wwrite-strings -pedantic -Wno-c++-compat -Wlarger-than=2560 -Wlogical-op -Wframe-larger-than=16384 -Wpacked-bitfield-compat -Wsync-nand -Wno-unsuffixed-float-constants -Wdouble-promotion -Wtrampolines -Wstack-usage=8192 -Wmaybe-uninitialized -Wdate-time -Warray-bounds=2 -Wc99-c11-compat -Wduplicated-cond -Whsa -Wnormalized -Wnull-dereference -Wunused-const-variable -Walloca -Walloc-zero -Wduplicated-branches -Wformat-overflow=2 -Wformat-truncation=1 -Wattribute-alias -Wcast-align=strict -Wshift-overflow=2 -Wattribute-alias=2 -Wmissing-profile -Wc11-c2x-compat -fstdarg-opt   -march=nocona -mtune=haswell -ftree-vectorize -fPIC -fstack-protector-strong -fno-plt -O2 -ffunction-sections -pipe -isystem /home/tjq4954/.conda/envs/inhyeok/include -D_GNU_SOURCE -D_POSIX_C_SOURCE=200809L     -DNDEBUG -D_FORTIFY_SOURCE=2 -O2 -isystem /home/tjq4954/.conda/envs/inhyeok/include  -Wl,-O2 -Wl,--sort-common -Wl,--as-needed -Wl,-z,relro -Wl,-z,now -Wl,--disable-new-dtags -Wl,--gc-sections -Wl,--allow-shlib-undefined -Wl,-rpath,/home/tjq4954/.conda/envs/inhyeok/lib -Wl,-rpath-link,/home/tjq4954/.conda/envs/inhyeok/lib -L/home/tjq4954/.conda/envs/inhyeok/lib conftest.c -ldl -lm  >&5
configure:29079: $? = 0
configure:29079: ./conftest
configure:29079: $? = 0
configure:29094: result: 2
configure:29106: checking size of int_fast16_t
configure:29112: /home/tjq4954/.conda/envs/inhyeok/bin/x86_64-conda-linux-gnu-cc -o conftest  -std=c99  -Wall -Wcast-qual -Wconversion -Wextra -Wfloat-equal -Wformat=2 -Winit-self -Winvalid-pch -Wmissing-include-dirs -Wshadow -Wundef -Wwrite-strings -pedantic -Wno-c++-compat -Wlarger-than=2560 -Wlogical-op -Wframe-larger-than=16384 -Wpacked-bitfield-compat -Wsync-nand -Wno-unsuffixed-float-constants -Wdouble-promotion -Wtrampolines -Wstack-usage=8192 -Wmaybe-uninitialized -Wdate-time -Warray-bounds=2 -Wc99-c11-compat -Wduplicated-cond -Whsa -Wnormalized -Wnull-dereference -Wunused-const-variable -Walloca -Walloc-zero -Wduplicated-branches -Wformat-overflow=2 -Wformat-truncation=1 -Wattribute-alias -Wcast-align=strict -Wshift-overflow=2 -Wattribute-alias=2 -Wmissing-profile -Wc11-c2x-compat -fstdarg-opt   -march=nocona -mtune=haswell -ftree-vectorize -fPIC -fstack-protector-strong -fno-plt -O2 -ffunction-sections -pipe -isystem /home/tjq4954/.conda/envs/inhyeok/include -D_GNU_SOURCE -D_POSIX_C_SOURCE=200809L     -DNDEBUG -D_FORTIFY_SOURCE=2 -O2 -isystem /home/tjq4954/.conda/envs/inhyeok/include  -Wl,-O2 -Wl,--sort-common -Wl,--as-needed -Wl,-z,relro -Wl,-z,now -Wl,--disable-new-dtags -Wl,--gc-sections -Wl,--allow-shlib-undefined -Wl,-rpath,/home/tjq4954/.conda/envs/inhyeok/lib -Wl,-rpath-link,/home/tjq4954/.conda/envs/inhyeok/lib -L/home/tjq4954/.conda/envs/inhyeok/lib conftest.c -ldl -lm  >&5
configure:29112: $? = 0
configure:29112: ./conftest
configure:29112: $? = 0
configure:29127: result: 8
configure:29139: checking size of uint_fast16_t
configure:29145: /home/tjq4954/.conda/envs/inhyeok/bin/x86_64-conda-linux-gnu-cc -o conftest  -std=c99  -Wall -Wcast-qual -Wconversion -Wextra -Wfloat-equal -Wformat=2 -Winit-self -Winvalid-pch -Wmissing-include-dirs -Wshadow -Wundef -Wwrite-strings -pedantic -Wno-c++-compat -Wlarger-than=2560 -Wlogical-op -Wframe-larger-than=16384 -Wpacked-bitfield-compat -Wsync-nand -Wno-unsuffixed-float-constants -Wdouble-promotion -Wtrampolines -Wstack-usage=8192 -Wmaybe-uninitialized -Wdate-time -Warray-bounds=2 -Wc99-c11-compat -Wduplicated-cond -Whsa -Wnormalized -Wnull-dereference -Wunused-const-variable -Walloca -Walloc-zero -Wduplicated-branches -Wformat-overflow=2 -Wformat-truncation=1 -Wattribute-alias -Wcast-align=strict -Wshift-overflow=2 -Wattribute-alias=2 -Wmissing-profile -Wc11-c2x-compat -fstdarg-opt   -march=nocona -mtune=haswell -ftree-vectorize -fPIC -fstack-protector-strong -fno-plt -O2 -ffunction-sections -pipe -isystem /home/tjq4954/.conda/envs/inhyeok/include -D_GNU_SOURCE -D_POSIX_C_SOURCE=200809L     -DNDEBUG -D_FORTIFY_SOURCE=2 -O2 -isystem /home/tjq4954/.conda/envs/inhyeok/include  -Wl,-O2 -Wl,--sort-common -Wl,--as-needed -Wl,-z,relro -Wl,-z,now -Wl,--disable-new-dtags -Wl,--gc-sections -Wl,--allow-shlib-undefined -Wl,-rpath,/home/tjq4954/.conda/envs/inhyeok/lib -Wl,-rpath-link,/home/tjq4954/.conda/envs/inhyeok/lib -L/home/tjq4954/.conda/envs/inhyeok/lib conftest.c -ldl -lm  >&5
configure:29145: $? = 0
configure:29145: ./conftest
configure:29145: $? = 0
configure:29160: result: 8
configure:29173: checking size of int32_t
configure:29179: /home/tjq4954/.conda/envs/inhyeok/bin/x86_64-conda-linux-gnu-cc -o conftest  -std=c99  -Wall -Wcast-qual -Wconversion -Wextra -Wfloat-equal -Wformat=2 -Winit-self -Winvalid-pch -Wmissing-include-dirs -Wshadow -Wundef -Wwrite-strings -pedantic -Wno-c++-compat -Wlarger-than=2560 -Wlogical-op -Wframe-larger-than=16384 -Wpacked-bitfield-compat -Wsync-nand -Wno-unsuffixed-float-constants -Wdouble-promotion -Wtrampolines -Wstack-usage=8192 -Wmaybe-uninitialized -Wdate-time -Warray-bounds=2 -Wc99-c11-compat -Wduplicated-cond -Whsa -Wnormalized -Wnull-dereference -Wunused-const-variable -Walloca -Walloc-zero -Wduplicated-branches -Wformat-overflow=2 -Wformat-truncation=1 -Wattribute-alias -Wcast-align=strict -Wshift-overflow=2 -Wattribute-alias=2 -Wmissing-profile -Wc11-c2x-compat -fstdarg-opt   -march=nocona -mtune=haswell -ftree-vectorize -fPIC -fstack-protector-strong -fno-plt -O2 -ffunction-sections -pipe -isystem /home/tjq4954/.conda/envs/inhyeok/include -D_GNU_SOURCE -D_POSIX_C_SOURCE=200809L     -DNDEBUG -D_FORTIFY_SOURCE=2 -O2 -isystem /home/tjq4954/.conda/envs/inhyeok/include  -Wl,-O2 -Wl,--sort-common -Wl,--as-needed -Wl,-z,relro -Wl,-z,now -Wl,--disable-new-dtags -Wl,--gc-sections -Wl,--allow-shlib-undefined -Wl,-rpath,/home/tjq4954/.conda/envs/inhyeok/lib -Wl,-rpath-link,/home/tjq4954/.conda/envs/inhyeok/lib -L/home/tjq4954/.conda/envs/inhyeok/lib conftest.c -ldl -lm  >&5
configure:29179: $? = 0
configure:29179: ./conftest
configure:29179: $? = 0
configure:29194: result: 4
configure:29206: checking size of uint32_t
configure:29212: /home/tjq4954/.conda/envs/inhyeok/bin/x86_64-conda-linux-gnu-cc -o conftest  -std=c99  -Wall -Wcast-qual -Wconversion -Wextra -Wfloat-equal -Wformat=2 -Winit-self -Winvalid-pch -Wmissing-include-dirs -Wshadow -Wundef -Wwrite-strings -pedantic -Wno-c++-compat -Wlarger-than=2560 -Wlogical-op -Wframe-larger-than=16384 -Wpacked-bitfield-compat -Wsync-nand -Wno-unsuffixed-float-constants -Wdouble-promotion -Wtrampolines -Wstack-usage=8192 -Wmaybe-uninitialized -Wdate-time -Warray-bounds=2 -Wc99-c11-compat -Wduplicated-cond -Whsa -Wnormalized -Wnull-dereference -Wunused-const-variable -Walloca -Walloc-zero -Wduplicated-branches -Wformat-overflow=2 -Wformat-truncation=1 -Wattribute-alias -Wcast-align=strict -Wshift-overflow=2 -Wattribute-alias=2 -Wmissing-profile -Wc11-c2x-compat -fstdarg-opt   -march=nocona -mtune=haswell -ftree-vectorize -fPIC -fstack-protector-strong -fno-plt -O2 -ffunction-sections -pipe -isystem /home/tjq4954/.conda/envs/inhyeok/include -D_GNU_SOURCE -D_POSIX_C_SOURCE=200809L     -DNDEBUG -D_FORTIFY_SOURCE=2 -O2 -isystem /home/tjq4954/.conda/envs/inhyeok/include  -Wl,-O2 -Wl,--sort-common -Wl,--as-needed -Wl,-z,relro -Wl,-z,now -Wl,--disable-new-dtags -Wl,--gc-sections -Wl,--allow-shlib-undefined -Wl,-rpath,/home/tjq4954/.conda/envs/inhyeok/lib -Wl,-rpath-link,/home/tjq4954/.conda/envs/inhyeok/lib -L/home/tjq4954/.conda/envs/inhyeok/lib conftest.c -ldl -lm  >&5
configure:29212: $? = 0
configure:29212: ./conftest
configure:29212: $? = 0
configure:29227: result: 4
configure:29239: checking size of int_least32_t
configure:29245: /home/tjq4954/.conda/envs/inhyeok/bin/x86_64-conda-linux-gnu-cc -o conftest  -std=c99  -Wall -Wcast-qual -Wconversion -Wextra -Wfloat-equal -Wformat=2 -Winit-self -Winvalid-pch -Wmissing-include-dirs -Wshadow -Wundef -Wwrite-strings -pedantic -Wno-c++-compat -Wlarger-than=2560 -Wlogical-op -Wframe-larger-than=16384 -Wpacked-bitfield-compat -Wsync-nand -Wno-unsuffixed-float-constants -Wdouble-promotion -Wtrampolines -Wstack-usage=8192 -Wmaybe-uninitialized -Wdate-time -Warray-bounds=2 -Wc99-c11-compat -Wduplicated-cond -Whsa -Wnormalized -Wnull-dereference -Wunused-const-variable -Walloca -Walloc-zero -Wduplicated-branches -Wformat-overflow=2 -Wformat-truncation=1 -Wattribute-alias -Wcast-align=strict -Wshift-overflow=2 -Wattribute-alias=2 -Wmissing-profile -Wc11-c2x-compat -fstdarg-opt   -march=nocona -mtune=haswell -ftree-vectorize -fPIC -fstack-protector-strong -fno-plt -O2 -ffunction-sections -pipe -isystem /home/tjq4954/.conda/envs/inhyeok/include -D_GNU_SOURCE -D_POSIX_C_SOURCE=200809L     -DNDEBUG -D_FORTIFY_SOURCE=2 -O2 -isystem /home/tjq4954/.conda/envs/inhyeok/include  -Wl,-O2 -Wl,--sort-common -Wl,--as-needed -Wl,-z,relro -Wl,-z,now -Wl,--disable-new-dtags -Wl,--gc-sections -Wl,--allow-shlib-undefined -Wl,-rpath,/home/tjq4954/.conda/envs/inhyeok/lib -Wl,-rpath-link,/home/tjq4954/.conda/envs/inhyeok/lib -L/home/tjq4954/.conda/envs/inhyeok/lib conftest.c -ldl -lm  >&5
configure:29245: $? = 0
configure:29245: ./conftest
configure:29245: $? = 0
configure:29260: result: 4
configure:29272: checking size of uint_least32_t
configure:29278: /home/tjq4954/.conda/envs/inhyeok/bin/x86_64-conda-linux-gnu-cc -o conftest  -std=c99  -Wall -Wcast-qual -Wconversion -Wextra -Wfloat-equal -Wformat=2 -Winit-self -Winvalid-pch -Wmissing-include-dirs -Wshadow -Wundef -Wwrite-strings -pedantic -Wno-c++-compat -Wlarger-than=2560 -Wlogical-op -Wframe-larger-than=16384 -Wpacked-bitfield-compat -Wsync-nand -Wno-unsuffixed-float-constants -Wdouble-promotion -Wtrampolines -Wstack-usage=8192 -Wmaybe-uninitialized -Wdate-time -Warray-bounds=2 -Wc99-c11-compat -Wduplicated-cond -Whsa -Wnormalized -Wnull-dereference -Wunused-const-variable -Walloca -Walloc-zero -Wduplicated-branches -Wformat-overflow=2 -Wformat-truncation=1 -Wattribute-alias -Wcast-align=strict -Wshift-overflow=2 -Wattribute-alias=2 -Wmissing-profile -Wc11-c2x-compat -fstdarg-opt   -march=nocona -mtune=haswell -ftree-vectorize -fPIC -fstack-protector-strong -fno-plt -O2 -ffunction-sections -pipe -isystem /home/tjq4954/.conda/envs/inhyeok/include -D_GNU_SOURCE -D_POSIX_C_SOURCE=200809L     -DNDEBUG -D_FORTIFY_SOURCE=2 -O2 -isystem /home/tjq4954/.conda/envs/inhyeok/include  -Wl,-O2 -Wl,--sort-common -Wl,--as-needed -Wl,-z,relro -Wl,-z,now -Wl,--disable-new-dtags -Wl,--gc-sections -Wl,--allow-shlib-undefined -Wl,-rpath,/home/tjq4954/.conda/envs/inhyeok/lib -Wl,-rpath-link,/home/tjq4954/.conda/envs/inhyeok/lib -L/home/tjq4954/.conda/envs/inhyeok/lib conftest.c -ldl -lm  >&5
configure:29278: $? = 0
configure:29278: ./conftest
configure:29278: $? = 0
configure:29293: result: 4
configure:29305: checking size of int_fast32_t
configure:29311: /home/tjq4954/.conda/envs/inhyeok/bin/x86_64-conda-linux-gnu-cc -o conftest  -std=c99  -Wall -Wcast-qual -Wconversion -Wextra -Wfloat-equal -Wformat=2 -Winit-self -Winvalid-pch -Wmissing-include-dirs -Wshadow -Wundef -Wwrite-strings -pedantic -Wno-c++-compat -Wlarger-than=2560 -Wlogical-op -Wframe-larger-than=16384 -Wpacked-bitfield-compat -Wsync-nand -Wno-unsuffixed-float-constants -Wdouble-promotion -Wtrampolines -Wstack-usage=8192 -Wmaybe-uninitialized -Wdate-time -Warray-bounds=2 -Wc99-c11-compat -Wduplicated-cond -Whsa -Wnormalized -Wnull-dereference -Wunused-const-variable -Walloca -Walloc-zero -Wduplicated-branches -Wformat-overflow=2 -Wformat-truncation=1 -Wattribute-alias -Wcast-align=strict -Wshift-overflow=2 -Wattribute-alias=2 -Wmissing-profile -Wc11-c2x-compat -fstdarg-opt   -march=nocona -mtune=haswell -ftree-vectorize -fPIC -fstack-protector-strong -fno-plt -O2 -ffunction-sections -pipe -isystem /home/tjq4954/.conda/envs/inhyeok/include -D_GNU_SOURCE -D_POSIX_C_SOURCE=200809L     -DNDEBUG -D_FORTIFY_SOURCE=2 -O2 -isystem /home/tjq4954/.conda/envs/inhyeok/include  -Wl,-O2 -Wl,--sort-common -Wl,--as-needed -Wl,-z,relro -Wl,-z,now -Wl,--disable-new-dtags -Wl,--gc-sections -Wl,--allow-shlib-undefined -Wl,-rpath,/home/tjq4954/.conda/envs/inhyeok/lib -Wl,-rpath-link,/home/tjq4954/.conda/envs/inhyeok/lib -L/home/tjq4954/.conda/envs/inhyeok/lib conftest.c -ldl -lm  >&5
configure:29311: $? = 0
configure:29311: ./conftest
configure:29311: $? = 0
configure:29326: result: 8
configure:29338: checking size of uint_fast32_t
configure:29344: /home/tjq4954/.conda/envs/inhyeok/bin/x86_64-conda-linux-gnu-cc -o conftest  -std=c99  -Wall -Wcast-qual -Wconversion -Wextra -Wfloat-equal -Wformat=2 -Winit-self -Winvalid-pch -Wmissing-include-dirs -Wshadow -Wundef -Wwrite-strings -pedantic -Wno-c++-compat -Wlarger-than=2560 -Wlogical-op -Wframe-larger-than=16384 -Wpacked-bitfield-compat -Wsync-nand -Wno-unsuffixed-float-constants -Wdouble-promotion -Wtrampolines -Wstack-usage=8192 -Wmaybe-uninitialized -Wdate-time -Warray-bounds=2 -Wc99-c11-compat -Wduplicated-cond -Whsa -Wnormalized -Wnull-dereference -Wunused-const-variable -Walloca -Walloc-zero -Wduplicated-branches -Wformat-overflow=2 -Wformat-truncation=1 -Wattribute-alias -Wcast-align=strict -Wshift-overflow=2 -Wattribute-alias=2 -Wmissing-profile -Wc11-c2x-compat -fstdarg-opt   -march=nocona -mtune=haswell -ftree-vectorize -fPIC -fstack-protector-strong -fno-plt -O2 -ffunction-sections -pipe -isystem /home/tjq4954/.conda/envs/inhyeok/include -D_GNU_SOURCE -D_POSIX_C_SOURCE=200809L     -DNDEBUG -D_FORTIFY_SOURCE=2 -O2 -isystem /home/tjq4954/.conda/envs/inhyeok/include  -Wl,-O2 -Wl,--sort-common -Wl,--as-needed -Wl,-z,relro -Wl,-z,now -Wl,--disable-new-dtags -Wl,--gc-sections -Wl,--allow-shlib-undefined -Wl,-rpath,/home/tjq4954/.conda/envs/inhyeok/lib -Wl,-rpath-link,/home/tjq4954/.conda/envs/inhyeok/lib -L/home/tjq4954/.conda/envs/inhyeok/lib conftest.c -ldl -lm  >&5
configure:29344: $? = 0
configure:29344: ./conftest
configure:29344: $? = 0
configure:29359: result: 8
configure:29372: checking size of int64_t
configure:29378: /home/tjq4954/.conda/envs/inhyeok/bin/x86_64-conda-linux-gnu-cc -o conftest  -std=c99  -Wall -Wcast-qual -Wconversion -Wextra -Wfloat-equal -Wformat=2 -Winit-self -Winvalid-pch -Wmissing-include-dirs -Wshadow -Wundef -Wwrite-strings -pedantic -Wno-c++-compat -Wlarger-than=2560 -Wlogical-op -Wframe-larger-than=16384 -Wpacked-bitfield-compat -Wsync-nand -Wno-unsuffixed-float-constants -Wdouble-promotion -Wtrampolines -Wstack-usage=8192 -Wmaybe-uninitialized -Wdate-time -Warray-bounds=2 -Wc99-c11-compat -Wduplicated-cond -Whsa -Wnormalized -Wnull-dereference -Wunused-const-variable -Walloca -Walloc-zero -Wduplicated-branches -Wformat-overflow=2 -Wformat-truncation=1 -Wattribute-alias -Wcast-align=strict -Wshift-overflow=2 -Wattribute-alias=2 -Wmissing-profile -Wc11-c2x-compat -fstdarg-opt   -march=nocona -mtune=haswell -ftree-vectorize -fPIC -fstack-protector-strong -fno-plt -O2 -ffunction-sections -pipe -isystem /home/tjq4954/.conda/envs/inhyeok/include -D_GNU_SOURCE -D_POSIX_C_SOURCE=200809L     -DNDEBUG -D_FORTIFY_SOURCE=2 -O2 -isystem /home/tjq4954/.conda/envs/inhyeok/include  -Wl,-O2 -Wl,--sort-common -Wl,--as-needed -Wl,-z,relro -Wl,-z,now -Wl,--disable-new-dtags -Wl,--gc-sections -Wl,--allow-shlib-undefined -Wl,-rpath,/home/tjq4954/.conda/envs/inhyeok/lib -Wl,-rpath-link,/home/tjq4954/.conda/envs/inhyeok/lib -L/home/tjq4954/.conda/envs/inhyeok/lib conftest.c -ldl -lm  >&5
configure:29378: $? = 0
configure:29378: ./conftest
configure:29378: $? = 0
configure:29393: result: 8
configure:29405: checking size of uint64_t
configure:29411: /home/tjq4954/.conda/envs/inhyeok/bin/x86_64-conda-linux-gnu-cc -o conftest  -std=c99  -Wall -Wcast-qual -Wconversion -Wextra -Wfloat-equal -Wformat=2 -Winit-self -Winvalid-pch -Wmissing-include-dirs -Wshadow -Wundef -Wwrite-strings -pedantic -Wno-c++-compat -Wlarger-than=2560 -Wlogical-op -Wframe-larger-than=16384 -Wpacked-bitfield-compat -Wsync-nand -Wno-unsuffixed-float-constants -Wdouble-promotion -Wtrampolines -Wstack-usage=8192 -Wmaybe-uninitialized -Wdate-time -Warray-bounds=2 -Wc99-c11-compat -Wduplicated-cond -Whsa -Wnormalized -Wnull-dereference -Wunused-const-variable -Walloca -Walloc-zero -Wduplicated-branches -Wformat-overflow=2 -Wformat-truncation=1 -Wattribute-alias -Wcast-align=strict -Wshift-overflow=2 -Wattribute-alias=2 -Wmissing-profile -Wc11-c2x-compat -fstdarg-opt   -march=nocona -mtune=haswell -ftree-vectorize -fPIC -fstack-protector-strong -fno-plt -O2 -ffunction-sections -pipe -isystem /home/tjq4954/.conda/envs/inhyeok/include -D_GNU_SOURCE -D_POSIX_C_SOURCE=200809L     -DNDEBUG -D_FORTIFY_SOURCE=2 -O2 -isystem /home/tjq4954/.conda/envs/inhyeok/include  -Wl,-O2 -Wl,--sort-common -Wl,--as-needed -Wl,-z,relro -Wl,-z,now -Wl,--disable-new-dtags -Wl,--gc-sections -Wl,--allow-shlib-undefined -Wl,-rpath,/home/tjq4954/.conda/envs/inhyeok/lib -Wl,-rpath-link,/home/tjq4954/.conda/envs/inhyeok/lib -L/home/tjq4954/.conda/envs/inhyeok/lib conftest.c -ldl -lm  >&5
configure:29411: $? = 0
configure:29411: ./conftest
configure:29411: $? = 0
configure:29426: result: 8
configure:29438: checking size of int_least64_t
configure:29444: /home/tjq4954/.conda/envs/inhyeok/bin/x86_64-conda-linux-gnu-cc -o conftest  -std=c99  -Wall -Wcast-qual -Wconversion -Wextra -Wfloat-equal -Wformat=2 -Winit-self -Winvalid-pch -Wmissing-include-dirs -Wshadow -Wundef -Wwrite-strings -pedantic -Wno-c++-compat -Wlarger-than=2560 -Wlogical-op -Wframe-larger-than=16384 -Wpacked-bitfield-compat -Wsync-nand -Wno-unsuffixed-float-constants -Wdouble-promotion -Wtrampolines -Wstack-usage=8192 -Wmaybe-uninitialized -Wdate-time -Warray-bounds=2 -Wc99-c11-compat -Wduplicated-cond -Whsa -Wnormalized -Wnull-dereference -Wunused-const-variable -Walloca -Walloc-zero -Wduplicated-branches -Wformat-overflow=2 -Wformat-truncation=1 -Wattribute-alias -Wcast-align=strict -Wshift-overflow=2 -Wattribute-alias=2 -Wmissing-profile -Wc11-c2x-compat -fstdarg-opt   -march=nocona -mtune=haswell -ftree-vectorize -fPIC -fstack-protector-strong -fno-plt -O2 -ffunction-sections -pipe -isystem /home/tjq4954/.conda/envs/inhyeok/include -D_GNU_SOURCE -D_POSIX_C_SOURCE=200809L     -DNDEBUG -D_FORTIFY_SOURCE=2 -O2 -isystem /home/tjq4954/.conda/envs/inhyeok/include  -Wl,-O2 -Wl,--sort-common -Wl,--as-needed -Wl,-z,relro -Wl,-z,now -Wl,--disable-new-dtags -Wl,--gc-sections -Wl,--allow-shlib-undefined -Wl,-rpath,/home/tjq4954/.conda/envs/inhyeok/lib -Wl,-rpath-link,/home/tjq4954/.conda/envs/inhyeok/lib -L/home/tjq4954/.conda/envs/inhyeok/lib conftest.c -ldl -lm  >&5
configure:29444: $? = 0
configure:29444: ./conftest
configure:29444: $? = 0
configure:29459: result: 8
configure:29471: checking size of uint_least64_t
configure:29477: /home/tjq4954/.conda/envs/inhyeok/bin/x86_64-conda-linux-gnu-cc -o conftest  -std=c99  -Wall -Wcast-qual -Wconversion -Wextra -Wfloat-equal -Wformat=2 -Winit-self -Winvalid-pch -Wmissing-include-dirs -Wshadow -Wundef -Wwrite-strings -pedantic -Wno-c++-compat -Wlarger-than=2560 -Wlogical-op -Wframe-larger-than=16384 -Wpacked-bitfield-compat -Wsync-nand -Wno-unsuffixed-float-constants -Wdouble-promotion -Wtrampolines -Wstack-usage=8192 -Wmaybe-uninitialized -Wdate-time -Warray-bounds=2 -Wc99-c11-compat -Wduplicated-cond -Whsa -Wnormalized -Wnull-dereference -Wunused-const-variable -Walloca -Walloc-zero -Wduplicated-branches -Wformat-overflow=2 -Wformat-truncation=1 -Wattribute-alias -Wcast-align=strict -Wshift-overflow=2 -Wattribute-alias=2 -Wmissing-profile -Wc11-c2x-compat -fstdarg-opt   -march=nocona -mtune=haswell -ftree-vectorize -fPIC -fstack-protector-strong -fno-plt -O2 -ffunction-sections -pipe -isystem /home/tjq4954/.conda/envs/inhyeok/include -D_GNU_SOURCE -D_POSIX_C_SOURCE=200809L     -DNDEBUG -D_FORTIFY_SOURCE=2 -O2 -isystem /home/tjq4954/.conda/envs/inhyeok/include  -Wl,-O2 -Wl,--sort-common -Wl,--as-needed -Wl,-z,relro -Wl,-z,now -Wl,--disable-new-dtags -Wl,--gc-sections -Wl,--allow-shlib-undefined -Wl,-rpath,/home/tjq4954/.conda/envs/inhyeok/lib -Wl,-rpath-link,/home/tjq4954/.conda/envs/inhyeok/lib -L/home/tjq4954/.conda/envs/inhyeok/lib conftest.c -ldl -lm  >&5
configure:29477: $? = 0
configure:29477: ./conftest
configure:29477: $? = 0
configure:29492: result: 8
configure:29504: checking size of int_fast64_t
configure:29510: /home/tjq4954/.conda/envs/inhyeok/bin/x86_64-conda-linux-gnu-cc -o conftest  -std=c99  -Wall -Wcast-qual -Wconversion -Wextra -Wfloat-equal -Wformat=2 -Winit-self -Winvalid-pch -Wmissing-include-dirs -Wshadow -Wundef -Wwrite-strings -pedantic -Wno-c++-compat -Wlarger-than=2560 -Wlogical-op -Wframe-larger-than=16384 -Wpacked-bitfield-compat -Wsync-nand -Wno-unsuffixed-float-constants -Wdouble-promotion -Wtrampolines -Wstack-usage=8192 -Wmaybe-uninitialized -Wdate-time -Warray-bounds=2 -Wc99-c11-compat -Wduplicated-cond -Whsa -Wnormalized -Wnull-dereference -Wunused-const-variable -Walloca -Walloc-zero -Wduplicated-branches -Wformat-overflow=2 -Wformat-truncation=1 -Wattribute-alias -Wcast-align=strict -Wshift-overflow=2 -Wattribute-alias=2 -Wmissing-profile -Wc11-c2x-compat -fstdarg-opt   -march=nocona -mtune=haswell -ftree-vectorize -fPIC -fstack-protector-strong -fno-plt -O2 -ffunction-sections -pipe -isystem /home/tjq4954/.conda/envs/inhyeok/include -D_GNU_SOURCE -D_POSIX_C_SOURCE=200809L     -DNDEBUG -D_FORTIFY_SOURCE=2 -O2 -isystem /home/tjq4954/.conda/envs/inhyeok/include  -Wl,-O2 -Wl,--sort-common -Wl,--as-needed -Wl,-z,relro -Wl,-z,now -Wl,--disable-new-dtags -Wl,--gc-sections -Wl,--allow-shlib-undefined -Wl,-rpath,/home/tjq4954/.conda/envs/inhyeok/lib -Wl,-rpath-link,/home/tjq4954/.conda/envs/inhyeok/lib -L/home/tjq4954/.conda/envs/inhyeok/lib conftest.c -ldl -lm  >&5
configure:29510: $? = 0
configure:29510: ./conftest
configure:29510: $? = 0
configure:29525: result: 8
configure:29537: checking size of uint_fast64_t
configure:29543: /home/tjq4954/.conda/envs/inhyeok/bin/x86_64-conda-linux-gnu-cc -o conftest  -std=c99  -Wall -Wcast-qual -Wconversion -Wextra -Wfloat-equal -Wformat=2 -Winit-self -Winvalid-pch -Wmissing-include-dirs -Wshadow -Wundef -Wwrite-strings -pedantic -Wno-c++-compat -Wlarger-than=2560 -Wlogical-op -Wframe-larger-than=16384 -Wpacked-bitfield-compat -Wsync-nand -Wno-unsuffixed-float-constants -Wdouble-promotion -Wtrampolines -Wstack-usage=8192 -Wmaybe-uninitialized -Wdate-time -Warray-bounds=2 -Wc99-c11-compat -Wduplicated-cond -Whsa -Wnormalized -Wnull-dereference -Wunused-const-variable -Walloca -Walloc-zero -Wduplicated-branches -Wformat-overflow=2 -Wformat-truncation=1 -Wattribute-alias -Wcast-align=strict -Wshift-overflow=2 -Wattribute-alias=2 -Wmissing-profile -Wc11-c2x-compat -fstdarg-opt   -march=nocona -mtune=haswell -ftree-vectorize -fPIC -fstack-protector-strong -fno-plt -O2 -ffunction-sections -pipe -isystem /home/tjq4954/.conda/envs/inhyeok/include -D_GNU_SOURCE -D_POSIX_C_SOURCE=200809L     -DNDEBUG -D_FORTIFY_SOURCE=2 -O2 -isystem /home/tjq4954/.conda/envs/inhyeok/include  -Wl,-O2 -Wl,--sort-common -Wl,--as-needed -Wl,-z,relro -Wl,-z,now -Wl,--disable-new-dtags -Wl,--gc-sections -Wl,--allow-shlib-undefined -Wl,-rpath,/home/tjq4954/.conda/envs/inhyeok/lib -Wl,-rpath-link,/home/tjq4954/.conda/envs/inhyeok/lib -L/home/tjq4954/.conda/envs/inhyeok/lib conftest.c -ldl -lm  >&5
configure:29543: $? = 0
configure:29543: ./conftest
configure:29543: $? = 0
configure:29558: result: 8
configure:29571: checking size of bool
configure:29577: /home/tjq4954/.conda/envs/inhyeok/bin/x86_64-conda-linux-gnu-cc -o conftest  -std=c99  -Wall -Wcast-qual -Wconversion -Wextra -Wfloat-equal -Wformat=2 -Winit-self -Winvalid-pch -Wmissing-include-dirs -Wshadow -Wundef -Wwrite-strings -pedantic -Wno-c++-compat -Wlarger-than=2560 -Wlogical-op -Wframe-larger-than=16384 -Wpacked-bitfield-compat -Wsync-nand -Wno-unsuffixed-float-constants -Wdouble-promotion -Wtrampolines -Wstack-usage=8192 -Wmaybe-uninitialized -Wdate-time -Warray-bounds=2 -Wc99-c11-compat -Wduplicated-cond -Whsa -Wnormalized -Wnull-dereference -Wunused-const-variable -Walloca -Walloc-zero -Wduplicated-branches -Wformat-overflow=2 -Wformat-truncation=1 -Wattribute-alias -Wcast-align=strict -Wshift-overflow=2 -Wattribute-alias=2 -Wmissing-profile -Wc11-c2x-compat -fstdarg-opt   -march=nocona -mtune=haswell -ftree-vectorize -fPIC -fstack-protector-strong -fno-plt -O2 -ffunction-sections -pipe -isystem /home/tjq4954/.conda/envs/inhyeok/include -D_GNU_SOURCE -D_POSIX_C_SOURCE=200809L     -DNDEBUG -D_FORTIFY_SOURCE=2 -O2 -isystem /home/tjq4954/.conda/envs/inhyeok/include  -Wl,-O2 -Wl,--sort-common -Wl,--as-needed -Wl,-z,relro -Wl,-z,now -Wl,--disable-new-dtags -Wl,--gc-sections -Wl,--allow-shlib-undefined -Wl,-rpath,/home/tjq4954/.conda/envs/inhyeok/lib -Wl,-rpath-link,/home/tjq4954/.conda/envs/inhyeok/lib -L/home/tjq4954/.conda/envs/inhyeok/lib conftest.c -ldl -lm  >&5
configure:29577: $? = 0
configure:29577: ./conftest
configure:29577: $? = 0
configure:29593: result: 1
configure:29605: checking size of off_t
configure:29611: /home/tjq4954/.conda/envs/inhyeok/bin/x86_64-conda-linux-gnu-cc -o conftest  -std=c99  -Wall -Wcast-qual -Wconversion -Wextra -Wfloat-equal -Wformat=2 -Winit-self -Winvalid-pch -Wmissing-include-dirs -Wshadow -Wundef -Wwrite-strings -pedantic -Wno-c++-compat -Wlarger-than=2560 -Wlogical-op -Wframe-larger-than=16384 -Wpacked-bitfield-compat -Wsync-nand -Wno-unsuffixed-float-constants -Wdouble-promotion -Wtrampolines -Wstack-usage=8192 -Wmaybe-uninitialized -Wdate-time -Warray-bounds=2 -Wc99-c11-compat -Wduplicated-cond -Whsa -Wnormalized -Wnull-dereference -Wunused-const-variable -Walloca -Walloc-zero -Wduplicated-branches -Wformat-overflow=2 -Wformat-truncation=1 -Wattribute-alias -Wcast-align=strict -Wshift-overflow=2 -Wattribute-alias=2 -Wmissing-profile -Wc11-c2x-compat -fstdarg-opt   -march=nocona -mtune=haswell -ftree-vectorize -fPIC -fstack-protector-strong -fno-plt -O2 -ffunction-sections -pipe -isystem /home/tjq4954/.conda/envs/inhyeok/include -D_GNU_SOURCE -D_POSIX_C_SOURCE=200809L     -DNDEBUG -D_FORTIFY_SOURCE=2 -O2 -isystem /home/tjq4954/.conda/envs/inhyeok/include  -Wl,-O2 -Wl,--sort-common -Wl,--as-needed -Wl,-z,relro -Wl,-z,now -Wl,--disable-new-dtags -Wl,--gc-sections -Wl,--allow-shlib-undefined -Wl,-rpath,/home/tjq4954/.conda/envs/inhyeok/lib -Wl,-rpath-link,/home/tjq4954/.conda/envs/inhyeok/lib -L/home/tjq4954/.conda/envs/inhyeok/lib conftest.c -ldl -lm  >&5
configure:29611: $? = 0
configure:29611: ./conftest
configure:29611: $? = 0
configure:29626: result: 8
configure:29638: checking size of ptrdiff_t
configure:29644: /home/tjq4954/.conda/envs/inhyeok/bin/x86_64-conda-linux-gnu-cc -o conftest  -std=c99  -Wall -Wcast-qual -Wconversion -Wextra -Wfloat-equal -Wformat=2 -Winit-self -Winvalid-pch -Wmissing-include-dirs -Wshadow -Wundef -Wwrite-strings -pedantic -Wno-c++-compat -Wlarger-than=2560 -Wlogical-op -Wframe-larger-than=16384 -Wpacked-bitfield-compat -Wsync-nand -Wno-unsuffixed-float-constants -Wdouble-promotion -Wtrampolines -Wstack-usage=8192 -Wmaybe-uninitialized -Wdate-time -Warray-bounds=2 -Wc99-c11-compat -Wduplicated-cond -Whsa -Wnormalized -Wnull-dereference -Wunused-const-variable -Walloca -Walloc-zero -Wduplicated-branches -Wformat-overflow=2 -Wformat-truncation=1 -Wattribute-alias -Wcast-align=strict -Wshift-overflow=2 -Wattribute-alias=2 -Wmissing-profile -Wc11-c2x-compat -fstdarg-opt   -march=nocona -mtune=haswell -ftree-vectorize -fPIC -fstack-protector-strong -fno-plt -O2 -ffunction-sections -pipe -isystem /home/tjq4954/.conda/envs/inhyeok/include -D_GNU_SOURCE -D_POSIX_C_SOURCE=200809L     -DNDEBUG -D_FORTIFY_SOURCE=2 -O2 -isystem /home/tjq4954/.conda/envs/inhyeok/include  -Wl,-O2 -Wl,--sort-common -Wl,--as-needed -Wl,-z,relro -Wl,-z,now -Wl,--disable-new-dtags -Wl,--gc-sections -Wl,--allow-shlib-undefined -Wl,-rpath,/home/tjq4954/.conda/envs/inhyeok/lib -Wl,-rpath-link,/home/tjq4954/.conda/envs/inhyeok/lib -L/home/tjq4954/.conda/envs/inhyeok/lib conftest.c -ldl -lm  >&5
configure:29644: $? = 0
configure:29644: ./conftest
configure:29644: $? = 0
configure:29659: result: 8
configure:29671: checking size of size_t
configure:29677: /home/tjq4954/.conda/envs/inhyeok/bin/x86_64-conda-linux-gnu-cc -o conftest  -std=c99  -Wall -Wcast-qual -Wconversion -Wextra -Wfloat-equal -Wformat=2 -Winit-self -Winvalid-pch -Wmissing-include-dirs -Wshadow -Wundef -Wwrite-strings -pedantic -Wno-c++-compat -Wlarger-than=2560 -Wlogical-op -Wframe-larger-than=16384 -Wpacked-bitfield-compat -Wsync-nand -Wno-unsuffixed-float-constants -Wdouble-promotion -Wtrampolines -Wstack-usage=8192 -Wmaybe-uninitialized -Wdate-time -Warray-bounds=2 -Wc99-c11-compat -Wduplicated-cond -Whsa -Wnormalized -Wnull-dereference -Wunused-const-variable -Walloca -Walloc-zero -Wduplicated-branches -Wformat-overflow=2 -Wformat-truncation=1 -Wattribute-alias -Wcast-align=strict -Wshift-overflow=2 -Wattribute-alias=2 -Wmissing-profile -Wc11-c2x-compat -fstdarg-opt   -march=nocona -mtune=haswell -ftree-vectorize -fPIC -fstack-protector-strong -fno-plt -O2 -ffunction-sections -pipe -isystem /home/tjq4954/.conda/envs/inhyeok/include -D_GNU_SOURCE -D_POSIX_C_SOURCE=200809L     -DNDEBUG -D_FORTIFY_SOURCE=2 -O2 -isystem /home/tjq4954/.conda/envs/inhyeok/include  -Wl,-O2 -Wl,--sort-common -Wl,--as-needed -Wl,-z,relro -Wl,-z,now -Wl,--disable-new-dtags -Wl,--gc-sections -Wl,--allow-shlib-undefined -Wl,-rpath,/home/tjq4954/.conda/envs/inhyeok/lib -Wl,-rpath-link,/home/tjq4954/.conda/envs/inhyeok/lib -L/home/tjq4954/.conda/envs/inhyeok/lib conftest.c -ldl -lm  >&5
configure:29677: $? = 0
configure:29677: ./conftest
configure:29677: $? = 0
configure:29692: result: 8
configure:29704: checking size of ssize_t
configure:29710: /home/tjq4954/.conda/envs/inhyeok/bin/x86_64-conda-linux-gnu-cc -o conftest  -std=c99  -Wall -Wcast-qual -Wconversion -Wextra -Wfloat-equal -Wformat=2 -Winit-self -Winvalid-pch -Wmissing-include-dirs -Wshadow -Wundef -Wwrite-strings -pedantic -Wno-c++-compat -Wlarger-than=2560 -Wlogical-op -Wframe-larger-than=16384 -Wpacked-bitfield-compat -Wsync-nand -Wno-unsuffixed-float-constants -Wdouble-promotion -Wtrampolines -Wstack-usage=8192 -Wmaybe-uninitialized -Wdate-time -Warray-bounds=2 -Wc99-c11-compat -Wduplicated-cond -Whsa -Wnormalized -Wnull-dereference -Wunused-const-variable -Walloca -Walloc-zero -Wduplicated-branches -Wformat-overflow=2 -Wformat-truncation=1 -Wattribute-alias -Wcast-align=strict -Wshift-overflow=2 -Wattribute-alias=2 -Wmissing-profile -Wc11-c2x-compat -fstdarg-opt   -march=nocona -mtune=haswell -ftree-vectorize -fPIC -fstack-protector-strong -fno-plt -O2 -ffunction-sections -pipe -isystem /home/tjq4954/.conda/envs/inhyeok/include -D_GNU_SOURCE -D_POSIX_C_SOURCE=200809L     -DNDEBUG -D_FORTIFY_SOURCE=2 -O2 -isystem /home/tjq4954/.conda/envs/inhyeok/include  -Wl,-O2 -Wl,--sort-common -Wl,--as-needed -Wl,-z,relro -Wl,-z,now -Wl,--disable-new-dtags -Wl,--gc-sections -Wl,--allow-shlib-undefined -Wl,-rpath,/home/tjq4954/.conda/envs/inhyeok/lib -Wl,-rpath-link,/home/tjq4954/.conda/envs/inhyeok/lib -L/home/tjq4954/.conda/envs/inhyeok/lib conftest.c -ldl -lm  >&5
configure:29710: $? = 0
configure:29710: ./conftest
configure:29710: $? = 0
configure:29725: result: 8
configure:29737: checking size of time_t
configure:29743: /home/tjq4954/.conda/envs/inhyeok/bin/x86_64-conda-linux-gnu-cc -o conftest  -std=c99  -Wall -Wcast-qual -Wconversion -Wextra -Wfloat-equal -Wformat=2 -Winit-self -Winvalid-pch -Wmissing-include-dirs -Wshadow -Wundef -Wwrite-strings -pedantic -Wno-c++-compat -Wlarger-than=2560 -Wlogical-op -Wframe-larger-than=16384 -Wpacked-bitfield-compat -Wsync-nand -Wno-unsuffixed-float-constants -Wdouble-promotion -Wtrampolines -Wstack-usage=8192 -Wmaybe-uninitialized -Wdate-time -Warray-bounds=2 -Wc99-c11-compat -Wduplicated-cond -Whsa -Wnormalized -Wnull-dereference -Wunused-const-variable -Walloca -Walloc-zero -Wduplicated-branches -Wformat-overflow=2 -Wformat-truncation=1 -Wattribute-alias -Wcast-align=strict -Wshift-overflow=2 -Wattribute-alias=2 -Wmissing-profile -Wc11-c2x-compat -fstdarg-opt   -march=nocona -mtune=haswell -ftree-vectorize -fPIC -fstack-protector-strong -fno-plt -O2 -ffunction-sections -pipe -isystem /home/tjq4954/.conda/envs/inhyeok/include -D_GNU_SOURCE -D_POSIX_C_SOURCE=200809L     -DNDEBUG -D_FORTIFY_SOURCE=2 -O2 -isystem /home/tjq4954/.conda/envs/inhyeok/include  -Wl,-O2 -Wl,--sort-common -Wl,--as-needed -Wl,-z,relro -Wl,-z,now -Wl,--disable-new-dtags -Wl,--gc-sections -Wl,--allow-shlib-undefined -Wl,-rpath,/home/tjq4954/.conda/envs/inhyeok/lib -Wl,-rpath-link,/home/tjq4954/.conda/envs/inhyeok/lib -L/home/tjq4954/.conda/envs/inhyeok/lib conftest.c -ldl -lm  >&5
configure:29743: $? = 0
configure:29743: ./conftest
configure:29743: $? = 0
configure:29759: result: 8
configure:29858: checking if dev_t is scalar
configure:29883: /home/tjq4954/.conda/envs/inhyeok/bin/x86_64-conda-linux-gnu-cc -c  -std=c99  -Wall -Wcast-qual -Wconversion -Wextra -Wfloat-equal -Wformat=2 -Winit-self -Winvalid-pch -Wmissing-include-dirs -Wshadow -Wundef -Wwrite-strings -pedantic -Wno-c++-compat -Wlarger-than=2560 -Wlogical-op -Wframe-larger-than=16384 -Wpacked-bitfield-compat -Wsync-nand -Wno-unsuffixed-float-constants -Wdouble-promotion -Wtrampolines -Wstack-usage=8192 -Wmaybe-uninitialized -Wdate-time -Warray-bounds=2 -Wc99-c11-compat -Wduplicated-cond -Whsa -Wnormalized -Wnull-dereference -Wunused-const-variable -Walloca -Walloc-zero -Wduplicated-branches -Wformat-overflow=2 -Wformat-truncation=1 -Wattribute-alias -Wcast-align=strict -Wshift-overflow=2 -Wattribute-alias=2 -Wmissing-profile -Wc11-c2x-compat -fstdarg-opt   -march=nocona -mtune=haswell -ftree-vectorize -fPIC -fstack-protector-strong -fno-plt -O2 -ffunction-sections -pipe -isystem /home/tjq4954/.conda/envs/inhyeok/include -D_GNU_SOURCE -D_POSIX_C_SOURCE=200809L     -DNDEBUG -D_FORTIFY_SOURCE=2 -O2 -isystem /home/tjq4954/.conda/envs/inhyeok/include conftest.c >&5
conftest.c: In function 'main':
conftest.c:96:17: warning: 'd1' is used uninitialized [-Wuninitialized]
   96 | dev_t d1, d2; if(d1==d2) return 0;
      |                 ^
conftest.c:96:7: note: 'd1' was declared here
   96 | dev_t d1, d2; if(d1==d2) return 0;
      |       ^~
conftest.c:96:17: warning: 'd2' is used uninitialized [-Wuninitialized]
   96 | dev_t d1, d2; if(d1==d2) return 0;
      |                 ^
conftest.c:96:11: note: 'd2' was declared here
   96 | dev_t d1, d2; if(d1==d2) return 0;
      |           ^~
configure:29883: $? = 0
configure:29888: result: yes
configure:29939: checking for zlib.h
configure:29939: /home/tjq4954/.conda/envs/inhyeok/bin/x86_64-conda-linux-gnu-cc -c  -std=c99  -Wall -Wcast-qual -Wconversion -Wextra -Wfloat-equal -Wformat=2 -Winit-self -Winvalid-pch -Wmissing-include-dirs -Wshadow -Wundef -Wwrite-strings -pedantic -Wno-c++-compat -Wlarger-than=2560 -Wlogical-op -Wframe-larger-than=16384 -Wpacked-bitfield-compat -Wsync-nand -Wno-unsuffixed-float-constants -Wdouble-promotion -Wtrampolines -Wstack-usage=8192 -Wmaybe-uninitialized -Wdate-time -Warray-bounds=2 -Wc99-c11-compat -Wduplicated-cond -Whsa -Wnormalized -Wnull-dereference -Wunused-const-variable -Walloca -Walloc-zero -Wduplicated-branches -Wformat-overflow=2 -Wformat-truncation=1 -Wattribute-alias -Wcast-align=strict -Wshift-overflow=2 -Wattribute-alias=2 -Wmissing-profile -Wc11-c2x-compat -fstdarg-opt   -march=nocona -mtune=haswell -ftree-vectorize -fPIC -fstack-protector-strong -fno-plt -O2 -ffunction-sections -pipe -isystem /home/tjq4954/.conda/envs/inhyeok/include -D_GNU_SOURCE -D_POSIX_C_SOURCE=200809L     -DNDEBUG -D_FORTIFY_SOURCE=2 -O2 -isystem /home/tjq4954/.conda/envs/inhyeok/include conftest.c >&5
configure:29939: $? = 0
configure:29939: result: yes
configure:29950: checking for compress2 in -lz
configure:29981: /home/tjq4954/.conda/envs/inhyeok/bin/x86_64-conda-linux-gnu-cc -o conftest  -std=c99  -Wall -Wcast-qual -Wconversion -Wextra -Wfloat-equal -Wformat=2 -Winit-self -Winvalid-pch -Wmissing-include-dirs -Wshadow -Wundef -Wwrite-strings -pedantic -Wno-c++-compat -Wlarger-than=2560 -Wlogical-op -Wframe-larger-than=16384 -Wpacked-bitfield-compat -Wsync-nand -Wno-unsuffixed-float-constants -Wdouble-promotion -Wtrampolines -Wstack-usage=8192 -Wmaybe-uninitialized -Wdate-time -Warray-bounds=2 -Wc99-c11-compat -Wduplicated-cond -Whsa -Wnormalized -Wnull-dereference -Wunused-const-variable -Walloca -Walloc-zero -Wduplicated-branches -Wformat-overflow=2 -Wformat-truncation=1 -Wattribute-alias -Wcast-align=strict -Wshift-overflow=2 -Wattribute-alias=2 -Wmissing-profile -Wc11-c2x-compat -fstdarg-opt   -march=nocona -mtune=haswell -ftree-vectorize -fPIC -fstack-protector-strong -fno-plt -O2 -ffunction-sections -pipe -isystem /home/tjq4954/.conda/envs/inhyeok/include -D_GNU_SOURCE -D_POSIX_C_SOURCE=200809L     -DNDEBUG -D_FORTIFY_SOURCE=2 -O2 -isystem /home/tjq4954/.conda/envs/inhyeok/include  -Wl,-O2 -Wl,--sort-common -Wl,--as-needed -Wl,-z,relro -Wl,-z,now -Wl,--disable-new-dtags -Wl,--gc-sections -Wl,--allow-shlib-undefined -Wl,-rpath,/home/tjq4954/.conda/envs/inhyeok/lib -Wl,-rpath-link,/home/tjq4954/.conda/envs/inhyeok/lib -L/home/tjq4954/.conda/envs/inhyeok/lib conftest.c -lz  -ldl -lm  >&5
configure:29981: $? = 0
configure:29991: result: yes
configure:30009: checking for compress2
configure:30009: /home/tjq4954/.conda/envs/inhyeok/bin/x86_64-conda-linux-gnu-cc -o conftest  -std=c99  -Wall -Wcast-qual -Wconversion -Wextra -Wfloat-equal -Wformat=2 -Winit-self -Winvalid-pch -Wmissing-include-dirs -Wshadow -Wundef -Wwrite-strings -pedantic -Wno-c++-compat -Wlarger-than=2560 -Wlogical-op -Wframe-larger-than=16384 -Wpacked-bitfield-compat -Wsync-nand -Wno-unsuffixed-float-constants -Wdouble-promotion -Wtrampolines -Wstack-usage=8192 -Wmaybe-uninitialized -Wdate-time -Warray-bounds=2 -Wc99-c11-compat -Wduplicated-cond -Whsa -Wnormalized -Wnull-dereference -Wunused-const-variable -Walloca -Walloc-zero -Wduplicated-branches -Wformat-overflow=2 -Wformat-truncation=1 -Wattribute-alias -Wcast-align=strict -Wshift-overflow=2 -Wattribute-alias=2 -Wmissing-profile -Wc11-c2x-compat -fstdarg-opt   -march=nocona -mtune=haswell -ftree-vectorize -fPIC -fstack-protector-strong -fno-plt -O2 -ffunction-sections -pipe -isystem /home/tjq4954/.conda/envs/inhyeok/include -D_GNU_SOURCE -D_POSIX_C_SOURCE=200809L     -DNDEBUG -D_FORTIFY_SOURCE=2 -O2 -isystem /home/tjq4954/.conda/envs/inhyeok/include  -Wl,-O2 -Wl,--sort-common -Wl,--as-needed -Wl,-z,relro -Wl,-z,now -Wl,--disable-new-dtags -Wl,--gc-sections -Wl,--allow-shlib-undefined -Wl,-rpath,/home/tjq4954/.conda/envs/inhyeok/lib -Wl,-rpath-link,/home/tjq4954/.conda/envs/inhyeok/lib -L/home/tjq4954/.conda/envs/inhyeok/lib conftest.c -lz -ldl -lm  >&5
configure:30009: $? = 0
configure:30009: result: yes
configure:30180: checking for szlib.h
configure:30180: /home/tjq4954/.conda/envs/inhyeok/bin/x86_64-conda-linux-gnu-cc -c  -std=c99  -Wall -Wcast-qual -Wconversion -Wextra -Wfloat-equal -Wformat=2 -Winit-self -Winvalid-pch -Wmissing-include-dirs -Wshadow -Wundef -Wwrite-strings -pedantic -Wno-c++-compat -Wlarger-than=2560 -Wlogical-op -Wframe-larger-than=16384 -Wpacked-bitfield-compat -Wsync-nand -Wno-unsuffixed-float-constants -Wdouble-promotion -Wtrampolines -Wstack-usage=8192 -Wmaybe-uninitialized -Wdate-time -Warray-bounds=2 -Wc99-c11-compat -Wduplicated-cond -Whsa -Wnormalized -Wnull-dereference -Wunused-const-variable -Walloca -Walloc-zero -Wduplicated-branches -Wformat-overflow=2 -Wformat-truncation=1 -Wattribute-alias -Wcast-align=strict -Wshift-overflow=2 -Wattribute-alias=2 -Wmissing-profile -Wc11-c2x-compat -fstdarg-opt   -march=nocona -mtune=haswell -ftree-vectorize -fPIC -fstack-protector-strong -fno-plt -O2 -ffunction-sections -pipe -isystem /home/tjq4954/.conda/envs/inhyeok/include -D_GNU_SOURCE -D_POSIX_C_SOURCE=200809L     -DNDEBUG -D_FORTIFY_SOURCE=2 -O2 -isystem /home/tjq4954/.conda/envs/inhyeok/include conftest.c >&5
conftest.c:112:10: fatal error: szlib.h: No such file or directory
  112 | #include <szlib.h>
      |          ^~~~~~~~~
compilation terminated.
configure:30180: $? = 1
configure: failed program was:
| /* confdefs.h */
| #define PACKAGE_NAME "HDF5"
| #define PACKAGE_TARNAME "hdf5"
| #define PACKAGE_VERSION "1.14.3"
| #define PACKAGE_STRING "HDF5 1.14.3"
| #define PACKAGE_BUGREPORT "help@hdfgroup.org"
| #define PACKAGE_URL ""
| #define PACKAGE "hdf5"
| #define VERSION "1.14.3"
| #define HAVE_STDIO_H 1
| #define HAVE_STDLIB_H 1
| #define HAVE_STRING_H 1
| #define HAVE_INTTYPES_H 1
| #define HAVE_STDINT_H 1
| #define HAVE_STRINGS_H 1
| #define HAVE_SYS_STAT_H 1
| #define HAVE_SYS_TYPES_H 1
| #define HAVE_UNISTD_H 1
| #define STDC_HEADERS 1
| #define SIZEOF_CHAR 1
| #define SIZEOF_SHORT 2
| #define SIZEOF_INT 4
| #define SIZEOF_UNSIGNED 4
| #define SIZEOF_LONG 8
| #define SIZEOF_LONG_LONG 8
| #define SIZEOF_FLOAT 4
| #define SIZEOF_DOUBLE 8
| #define SIZEOF_LONG_DOUBLE 16
| #define INCLUDE_HL 1
| #define TEST_EXPRESS_LEVEL_DEFAULT 3
| #define HAVE_DLFCN_H 1
| #define LT_OBJDIR ".libs/"
| #define HAVE_LIBM 1
| #define HAVE_LIBDL 1
| #define HAVE_DIRENT_H 1
| #define HAVE_FEATURES_H 1
| #define HAVE_PWD_H 1
| #define HAVE_UNISTD_H 1
| #define HAVE_SYS_FILE_H 1
| #define HAVE_SYS_IOCTL_H 1
| #define HAVE_SYS_RESOURCE_H 1
| #define HAVE_SYS_STAT_H 1
| #define HAVE_SYS_TIME_H 1
| #define HAVE_SYS_TYPES_H 1
| #define HAVE_ARPA_INET_H 1
| #define HAVE_NETDB_H 1
| #define HAVE_NETINET_IN_H 1
| #define HAVE_SYS_SOCKET_H 1
| #define SIZEOF_INT8_T 1
| #define SIZEOF_UINT8_T 1
| #define SIZEOF_INT_LEAST8_T 1
| #define SIZEOF_UINT_LEAST8_T 1
| #define SIZEOF_INT_FAST8_T 1
| #define SIZEOF_UINT_FAST8_T 1
| #define SIZEOF_INT16_T 2
| #define SIZEOF_UINT16_T 2
| #define SIZEOF_INT_LEAST16_T 2
| #define SIZEOF_UINT_LEAST16_T 2
| #define SIZEOF_INT_FAST16_T 8
| #define SIZEOF_UINT_FAST16_T 8
| #define SIZEOF_INT32_T 4
| #define SIZEOF_UINT32_T 4
| #define SIZEOF_INT_LEAST32_T 4
| #define SIZEOF_UINT_LEAST32_T 4
| #define SIZEOF_INT_FAST32_T 8
| #define SIZEOF_UINT_FAST32_T 8
| #define SIZEOF_INT64_T 8
| #define SIZEOF_UINT64_T 8
| #define SIZEOF_INT_LEAST64_T 8
| #define SIZEOF_UINT_LEAST64_T 8
| #define SIZEOF_INT_FAST64_T 8
| #define SIZEOF_UINT_FAST64_T 8
| #define SIZEOF_BOOL 1
| #define SIZEOF_OFF_T 8
| #define SIZEOF_PTRDIFF_T 8
| #define SIZEOF_SIZE_T 8
| #define SIZEOF_SSIZE_T 8
| #define SIZEOF_TIME_T 8
| #define DEV_T_IS_SCALAR 1
| #define HAVE_ZLIB_H 1
| #define HAVE_LIBZ 1
| #define HAVE_FILTER_DEFLATE 1
| /* end confdefs.h.  */
| #include <stddef.h>
| #ifdef HAVE_STDIO_H
| # include <stdio.h>
| #endif
| #ifdef HAVE_STDLIB_H
| # include <stdlib.h>
| #endif
| #ifdef HAVE_STRING_H
| # include <string.h>
| #endif
| #ifdef HAVE_INTTYPES_H
| # include <inttypes.h>
| #endif
| #ifdef HAVE_STDINT_H
| # include <stdint.h>
| #endif
| #ifdef HAVE_STRINGS_H
| # include <strings.h>
| #endif
| #ifdef HAVE_SYS_TYPES_H
| # include <sys/types.h>
| #endif
| #ifdef HAVE_SYS_STAT_H
| # include <sys/stat.h>
| #endif
| #ifdef HAVE_UNISTD_H
| # include <unistd.h>
| #endif
| #include <szlib.h>
configure:30180: result: no
configure:30563: checking for thread safe support
configure:30615: result: no
configure:30975: checking for /home/tjq4954/.conda/envs/inhyeok/bin/x86_64-conda-linux-gnu-cc options needed to detect all undeclared functions
configure:31005: /home/tjq4954/.conda/envs/inhyeok/bin/x86_64-conda-linux-gnu-cc -c  -std=c99  -Wall -Wcast-qual -Wconversion -Wextra -Wfloat-equal -Wformat=2 -Winit-self -Winvalid-pch -Wmissing-include-dirs -Wshadow -Wundef -Wwrite-strings -pedantic -Wno-c++-compat -Wlarger-than=2560 -Wlogical-op -Wframe-larger-than=16384 -Wpacked-bitfield-compat -Wsync-nand -Wno-unsuffixed-float-constants -Wdouble-promotion -Wtrampolines -Wstack-usage=8192 -Wmaybe-uninitialized -Wdate-time -Warray-bounds=2 -Wc99-c11-compat -Wduplicated-cond -Whsa -Wnormalized -Wnull-dereference -Wunused-const-variable -Walloca -Walloc-zero -Wduplicated-branches -Wformat-overflow=2 -Wformat-truncation=1 -Wattribute-alias -Wcast-align=strict -Wshift-overflow=2 -Wattribute-alias=2 -Wmissing-profile -Wc11-c2x-compat -fstdarg-opt   -march=nocona -mtune=haswell -ftree-vectorize -fPIC -fstack-protector-strong -fno-plt -O2 -ffunction-sections -pipe -isystem /home/tjq4954/.conda/envs/inhyeok/include  -D_GNU_SOURCE -D_POSIX_C_SOURCE=200809L     -DNDEBUG -D_FORTIFY_SOURCE=2 -O2 -isystem /home/tjq4954/.conda/envs/inhyeok/include conftest.c >&5
conftest.c: In function 'main':
conftest.c:96:8: error: 'strchr' undeclared (first use in this function)
   96 | (void) strchr;
      |        ^~~~~~
conftest.c:1:1: note: 'strchr' is defined in header '<string.h>'; did you forget to '#include <string.h>'?
    1 | /* confdefs.h */
conftest.c:96:8: note: each undeclared identifier is reported only once for each function it appears in
   96 | (void) strchr;
      |        ^~~~~~
configure:31005: $? = 1
configure: failed program was:
| /* confdefs.h */
| #define PACKAGE_NAME "HDF5"
| #define PACKAGE_TARNAME "hdf5"
| #define PACKAGE_VERSION "1.14.3"
| #define PACKAGE_STRING "HDF5 1.14.3"
| #define PACKAGE_BUGREPORT "help@hdfgroup.org"
| #define PACKAGE_URL ""
| #define PACKAGE "hdf5"
| #define VERSION "1.14.3"
| #define HAVE_STDIO_H 1
| #define HAVE_STDLIB_H 1
| #define HAVE_STRING_H 1
| #define HAVE_INTTYPES_H 1
| #define HAVE_STDINT_H 1
| #define HAVE_STRINGS_H 1
| #define HAVE_SYS_STAT_H 1
| #define HAVE_SYS_TYPES_H 1
| #define HAVE_UNISTD_H 1
| #define STDC_HEADERS 1
| #define SIZEOF_CHAR 1
| #define SIZEOF_SHORT 2
| #define SIZEOF_INT 4
| #define SIZEOF_UNSIGNED 4
| #define SIZEOF_LONG 8
| #define SIZEOF_LONG_LONG 8
| #define SIZEOF_FLOAT 4
| #define SIZEOF_DOUBLE 8
| #define SIZEOF_LONG_DOUBLE 16
| #define INCLUDE_HL 1
| #define TEST_EXPRESS_LEVEL_DEFAULT 3
| #define HAVE_DLFCN_H 1
| #define LT_OBJDIR ".libs/"
| #define HAVE_LIBM 1
| #define HAVE_LIBDL 1
| #define HAVE_DIRENT_H 1
| #define HAVE_FEATURES_H 1
| #define HAVE_PWD_H 1
| #define HAVE_UNISTD_H 1
| #define HAVE_SYS_FILE_H 1
| #define HAVE_SYS_IOCTL_H 1
| #define HAVE_SYS_RESOURCE_H 1
| #define HAVE_SYS_STAT_H 1
| #define HAVE_SYS_TIME_H 1
| #define HAVE_SYS_TYPES_H 1
| #define HAVE_ARPA_INET_H 1
| #define HAVE_NETDB_H 1
| #define HAVE_NETINET_IN_H 1
| #define HAVE_SYS_SOCKET_H 1
| #define SIZEOF_INT8_T 1
| #define SIZEOF_UINT8_T 1
| #define SIZEOF_INT_LEAST8_T 1
| #define SIZEOF_UINT_LEAST8_T 1
| #define SIZEOF_INT_FAST8_T 1
| #define SIZEOF_UINT_FAST8_T 1
| #define SIZEOF_INT16_T 2
| #define SIZEOF_UINT16_T 2
| #define SIZEOF_INT_LEAST16_T 2
| #define SIZEOF_UINT_LEAST16_T 2
| #define SIZEOF_INT_FAST16_T 8
| #define SIZEOF_UINT_FAST16_T 8
| #define SIZEOF_INT32_T 4
| #define SIZEOF_UINT32_T 4
| #define SIZEOF_INT_LEAST32_T 4
| #define SIZEOF_UINT_LEAST32_T 4
| #define SIZEOF_INT_FAST32_T 8
| #define SIZEOF_UINT_FAST32_T 8
| #define SIZEOF_INT64_T 8
| #define SIZEOF_UINT64_T 8
| #define SIZEOF_INT_LEAST64_T 8
| #define SIZEOF_UINT_LEAST64_T 8
| #define SIZEOF_INT_FAST64_T 8
| #define SIZEOF_UINT_FAST64_T 8
| #define SIZEOF_BOOL 1
| #define SIZEOF_OFF_T 8
| #define SIZEOF_PTRDIFF_T 8
| #define SIZEOF_SIZE_T 8
| #define SIZEOF_SSIZE_T 8
| #define SIZEOF_TIME_T 8
| #define DEV_T_IS_SCALAR 1
| #define HAVE_ZLIB_H 1
| #define HAVE_LIBZ 1
| #define HAVE_FILTER_DEFLATE 1
| /* end confdefs.h.  */
| 
| #ifdef FC_DUMMY_MAIN
| #ifndef FC_DUMMY_MAIN_EQ_F77
| #  ifdef __cplusplus
|      extern "C"
| #  endif
|    int FC_DUMMY_MAIN() { return 1; }
| #endif
| #endif
| int
| main (void)
| {
| (void) strchr;
|   ;
|   return 0;
| }
configure:31040: /home/tjq4954/.conda/envs/inhyeok/bin/x86_64-conda-linux-gnu-cc -c  -std=c99  -Wall -Wcast-qual -Wconversion -Wextra -Wfloat-equal -Wformat=2 -Winit-self -Winvalid-pch -Wmissing-include-dirs -Wshadow -Wundef -Wwrite-strings -pedantic -Wno-c++-compat -Wlarger-than=2560 -Wlogical-op -Wframe-larger-than=16384 -Wpacked-bitfield-compat -Wsync-nand -Wno-unsuffixed-float-constants -Wdouble-promotion -Wtrampolines -Wstack-usage=8192 -Wmaybe-uninitialized -Wdate-time -Warray-bounds=2 -Wc99-c11-compat -Wduplicated-cond -Whsa -Wnormalized -Wnull-dereference -Wunused-const-variable -Walloca -Walloc-zero -Wduplicated-branches -Wformat-overflow=2 -Wformat-truncation=1 -Wattribute-alias -Wcast-align=strict -Wshift-overflow=2 -Wattribute-alias=2 -Wmissing-profile -Wc11-c2x-compat -fstdarg-opt   -march=nocona -mtune=haswell -ftree-vectorize -fPIC -fstack-protector-strong -fno-plt -O2 -ffunction-sections -pipe -isystem /home/tjq4954/.conda/envs/inhyeok/include  -D_GNU_SOURCE -D_POSIX_C_SOURCE=200809L     -DNDEBUG -D_FORTIFY_SOURCE=2 -O2 -isystem /home/tjq4954/.conda/envs/inhyeok/include conftest.c >&5
configure:31040: $? = 0
configure:31057: result: none needed
configure:31071: checking whether CLOCK_MONOTONIC is declared
configure:31071: /home/tjq4954/.conda/envs/inhyeok/bin/x86_64-conda-linux-gnu-cc -c  -std=c99  -Wall -Wcast-qual -Wconversion -Wextra -Wfloat-equal -Wformat=2 -Winit-self -Winvalid-pch -Wmissing-include-dirs -Wshadow -Wundef -Wwrite-strings -pedantic -Wno-c++-compat -Wlarger-than=2560 -Wlogical-op -Wframe-larger-than=16384 -Wpacked-bitfield-compat -Wsync-nand -Wno-unsuffixed-float-constants -Wdouble-promotion -Wtrampolines -Wstack-usage=8192 -Wmaybe-uninitialized -Wdate-time -Warray-bounds=2 -Wc99-c11-compat -Wduplicated-cond -Whsa -Wnormalized -Wnull-dereference -Wunused-const-variable -Walloca -Walloc-zero -Wduplicated-branches -Wformat-overflow=2 -Wformat-truncation=1 -Wattribute-alias -Wcast-align=strict -Wshift-overflow=2 -Wattribute-alias=2 -Wmissing-profile -Wc11-c2x-compat -fstdarg-opt   -march=nocona -mtune=haswell -ftree-vectorize -fPIC -fstack-protector-strong -fno-plt -O2 -ffunction-sections -pipe -isystem /home/tjq4954/.conda/envs/inhyeok/include  -D_GNU_SOURCE -D_POSIX_C_SOURCE=200809L     -DNDEBUG -D_FORTIFY_SOURCE=2 -O2 -isystem /home/tjq4954/.conda/envs/inhyeok/include conftest.c >&5
configure:31071: $? = 0
configure:31071: result: yes
configure:31086: checking for tm_gmtoff in struct tm
configure:31110: /home/tjq4954/.conda/envs/inhyeok/bin/x86_64-conda-linux-gnu-cc -c  -std=c99  -Wall -Wcast-qual -Wconversion -Wextra -Wfloat-equal -Wformat=2 -Winit-self -Winvalid-pch -Wmissing-include-dirs -Wshadow -Wundef -Wwrite-strings -pedantic -Wno-c++-compat -Wlarger-than=2560 -Wlogical-op -Wframe-larger-than=16384 -Wpacked-bitfield-compat -Wsync-nand -Wno-unsuffixed-float-constants -Wdouble-promotion -Wtrampolines -Wstack-usage=8192 -Wmaybe-uninitialized -Wdate-time -Warray-bounds=2 -Wc99-c11-compat -Wduplicated-cond -Whsa -Wnormalized -Wnull-dereference -Wunused-const-variable -Walloca -Walloc-zero -Wduplicated-branches -Wformat-overflow=2 -Wformat-truncation=1 -Wattribute-alias -Wcast-align=strict -Wshift-overflow=2 -Wattribute-alias=2 -Wmissing-profile -Wc11-c2x-compat -fstdarg-opt   -march=nocona -mtune=haswell -ftree-vectorize -fPIC -fstack-protector-strong -fno-plt -O2 -ffunction-sections -pipe -isystem /home/tjq4954/.conda/envs/inhyeok/include -D_GNU_SOURCE -D_POSIX_C_SOURCE=200809L     -DNDEBUG -D_FORTIFY_SOURCE=2 -O2 -isystem /home/tjq4954/.conda/envs/inhyeok/include conftest.c >&5
conftest.c: In function 'main':
conftest.c:99:11: warning: variable 'tm' set but not used [-Wunused-but-set-variable]
   99 | struct tm tm; tm.tm_gmtoff=0;
      |           ^~
configure:31110: $? = 0
configure:31115: result: yes
configure:31124: checking for global timezone variable
configure:31154: /home/tjq4954/.conda/envs/inhyeok/bin/x86_64-conda-linux-gnu-cc -o conftest  -std=c99  -Wall -Wcast-qual -Wconversion -Wextra -Wfloat-equal -Wformat=2 -Winit-self -Winvalid-pch -Wmissing-include-dirs -Wshadow -Wundef -Wwrite-strings -pedantic -Wno-c++-compat -Wlarger-than=2560 -Wlogical-op -Wframe-larger-than=16384 -Wpacked-bitfield-compat -Wsync-nand -Wno-unsuffixed-float-constants -Wdouble-promotion -Wtrampolines -Wstack-usage=8192 -Wmaybe-uninitialized -Wdate-time -Warray-bounds=2 -Wc99-c11-compat -Wduplicated-cond -Whsa -Wnormalized -Wnull-dereference -Wunused-const-variable -Walloca -Walloc-zero -Wduplicated-branches -Wformat-overflow=2 -Wformat-truncation=1 -Wattribute-alias -Wcast-align=strict -Wshift-overflow=2 -Wattribute-alias=2 -Wmissing-profile -Wc11-c2x-compat -fstdarg-opt   -march=nocona -mtune=haswell -ftree-vectorize -fPIC -fstack-protector-strong -fno-plt -O2 -ffunction-sections -pipe -isystem /home/tjq4954/.conda/envs/inhyeok/include -D_GNU_SOURCE -D_POSIX_C_SOURCE=200809L     -DNDEBUG -D_FORTIFY_SOURCE=2 -O2 -isystem /home/tjq4954/.conda/envs/inhyeok/include  -Wl,-O2 -Wl,--sort-common -Wl,--as-needed -Wl,-z,relro -Wl,-z,now -Wl,--disable-new-dtags -Wl,--gc-sections -Wl,--allow-shlib-undefined -Wl,-rpath,/home/tjq4954/.conda/envs/inhyeok/lib -Wl,-rpath-link,/home/tjq4954/.conda/envs/inhyeok/lib -L/home/tjq4954/.conda/envs/inhyeok/lib conftest.c -lz -ldl -lm  >&5
configure:31154: $? = 0
configure:31159: result: yes
configure:31174: checking for st_blocks in struct stat
configure:31196: /home/tjq4954/.conda/envs/inhyeok/bin/x86_64-conda-linux-gnu-cc -c  -std=c99  -Wall -Wcast-qual -Wconversion -Wextra -Wfloat-equal -Wformat=2 -Winit-self -Winvalid-pch -Wmissing-include-dirs -Wshadow -Wundef -Wwrite-strings -pedantic -Wno-c++-compat -Wlarger-than=2560 -Wlogical-op -Wframe-larger-than=16384 -Wpacked-bitfield-compat -Wsync-nand -Wno-unsuffixed-float-constants -Wdouble-promotion -Wtrampolines -Wstack-usage=8192 -Wmaybe-uninitialized -Wdate-time -Warray-bounds=2 -Wc99-c11-compat -Wduplicated-cond -Whsa -Wnormalized -Wnull-dereference -Wunused-const-variable -Walloca -Walloc-zero -Wduplicated-branches -Wformat-overflow=2 -Wformat-truncation=1 -Wattribute-alias -Wcast-align=strict -Wshift-overflow=2 -Wattribute-alias=2 -Wmissing-profile -Wc11-c2x-compat -fstdarg-opt   -march=nocona -mtune=haswell -ftree-vectorize -fPIC -fstack-protector-strong -fno-plt -O2 -ffunction-sections -pipe -isystem /home/tjq4954/.conda/envs/inhyeok/include -D_GNU_SOURCE -D_POSIX_C_SOURCE=200809L     -DNDEBUG -D_FORTIFY_SOURCE=2 -O2 -isystem /home/tjq4954/.conda/envs/inhyeok/include conftest.c >&5
conftest.c: In function 'main':
conftest.c:99:13: warning: variable 'sb' set but not used [-Wunused-but-set-variable]
   99 | struct stat sb; sb.st_blocks=0;
      |             ^~
configure:31196: $? = 0
configure:31201: result: yes
configure:31212: checking for _getvideoconfig
configure:31212: /home/tjq4954/.conda/envs/inhyeok/bin/x86_64-conda-linux-gnu-cc -o conftest  -std=c99  -Wall -Wcast-qual -Wconversion -Wextra -Wfloat-equal -Wformat=2 -Winit-self -Winvalid-pch -Wmissing-include-dirs -Wshadow -Wundef -Wwrite-strings -pedantic -Wno-c++-compat -Wlarger-than=2560 -Wlogical-op -Wframe-larger-than=16384 -Wpacked-bitfield-compat -Wsync-nand -Wno-unsuffixed-float-constants -Wdouble-promotion -Wtrampolines -Wstack-usage=8192 -Wmaybe-uninitialized -Wdate-time -Warray-bounds=2 -Wc99-c11-compat -Wduplicated-cond -Whsa -Wnormalized -Wnull-dereference -Wunused-const-variable -Walloca -Walloc-zero -Wduplicated-branches -Wformat-overflow=2 -Wformat-truncation=1 -Wattribute-alias -Wcast-align=strict -Wshift-overflow=2 -Wattribute-alias=2 -Wmissing-profile -Wc11-c2x-compat -fstdarg-opt   -march=nocona -mtune=haswell -ftree-vectorize -fPIC -fstack-protector-strong -fno-plt -O2 -ffunction-sections -pipe -isystem /home/tjq4954/.conda/envs/inhyeok/include -D_GNU_SOURCE -D_POSIX_C_SOURCE=200809L     -DNDEBUG -D_FORTIFY_SOURCE=2 -O2 -isystem /home/tjq4954/.conda/envs/inhyeok/include  -Wl,-O2 -Wl,--sort-common -Wl,--as-needed -Wl,-z,relro -Wl,-z,now -Wl,--disable-new-dtags -Wl,--gc-sections -Wl,--allow-shlib-undefined -Wl,-rpath,/home/tjq4954/.conda/envs/inhyeok/lib -Wl,-rpath-link,/home/tjq4954/.conda/envs/inhyeok/lib -L/home/tjq4954/.conda/envs/inhyeok/lib conftest.c -lz -ldl -lm  >&5
/home/tjq4954/.conda/envs/inhyeok/bin/../lib/gcc/x86_64-conda-linux-gnu/13.2.0/../../../../x86_64-conda-linux-gnu/bin/ld: /tmp/cccPHdFF.o: in function `main':
conftest.c:(.text.startup.main+0x8): undefined reference to `_getvideoconfig'
collect2: error: ld returned 1 exit status
configure:31212: $? = 1
configure: failed program was:
| /* confdefs.h */
| #define PACKAGE_NAME "HDF5"
| #define PACKAGE_TARNAME "hdf5"
| #define PACKAGE_VERSION "1.14.3"
| #define PACKAGE_STRING "HDF5 1.14.3"
| #define PACKAGE_BUGREPORT "help@hdfgroup.org"
| #define PACKAGE_URL ""
| #define PACKAGE "hdf5"
| #define VERSION "1.14.3"
| #define HAVE_STDIO_H 1
| #define HAVE_STDLIB_H 1
| #define HAVE_STRING_H 1
| #define HAVE_INTTYPES_H 1
| #define HAVE_STDINT_H 1
| #define HAVE_STRINGS_H 1
| #define HAVE_SYS_STAT_H 1
| #define HAVE_SYS_TYPES_H 1
| #define HAVE_UNISTD_H 1
| #define STDC_HEADERS 1
| #define SIZEOF_CHAR 1
| #define SIZEOF_SHORT 2
| #define SIZEOF_INT 4
| #define SIZEOF_UNSIGNED 4
| #define SIZEOF_LONG 8
| #define SIZEOF_LONG_LONG 8
| #define SIZEOF_FLOAT 4
| #define SIZEOF_DOUBLE 8
| #define SIZEOF_LONG_DOUBLE 16
| #define INCLUDE_HL 1
| #define TEST_EXPRESS_LEVEL_DEFAULT 3
| #define HAVE_DLFCN_H 1
| #define LT_OBJDIR ".libs/"
| #define HAVE_LIBM 1
| #define HAVE_LIBDL 1
| #define HAVE_DIRENT_H 1
| #define HAVE_FEATURES_H 1
| #define HAVE_PWD_H 1
| #define HAVE_UNISTD_H 1
| #define HAVE_SYS_FILE_H 1
| #define HAVE_SYS_IOCTL_H 1
| #define HAVE_SYS_RESOURCE_H 1
| #define HAVE_SYS_STAT_H 1
| #define HAVE_SYS_TIME_H 1
| #define HAVE_SYS_TYPES_H 1
| #define HAVE_ARPA_INET_H 1
| #define HAVE_NETDB_H 1
| #define HAVE_NETINET_IN_H 1
| #define HAVE_SYS_SOCKET_H 1
| #define SIZEOF_INT8_T 1
| #define SIZEOF_UINT8_T 1
| #define SIZEOF_INT_LEAST8_T 1
| #define SIZEOF_UINT_LEAST8_T 1
| #define SIZEOF_INT_FAST8_T 1
| #define SIZEOF_UINT_FAST8_T 1
| #define SIZEOF_INT16_T 2
| #define SIZEOF_UINT16_T 2
| #define SIZEOF_INT_LEAST16_T 2
| #define SIZEOF_UINT_LEAST16_T 2
| #define SIZEOF_INT_FAST16_T 8
| #define SIZEOF_UINT_FAST16_T 8
| #define SIZEOF_INT32_T 4
| #define SIZEOF_UINT32_T 4
| #define SIZEOF_INT_LEAST32_T 4
| #define SIZEOF_UINT_LEAST32_T 4
| #define SIZEOF_INT_FAST32_T 8
| #define SIZEOF_UINT_FAST32_T 8
| #define SIZEOF_INT64_T 8
| #define SIZEOF_UINT64_T 8
| #define SIZEOF_INT_LEAST64_T 8
| #define SIZEOF_UINT_LEAST64_T 8
| #define SIZEOF_INT_FAST64_T 8
| #define SIZEOF_UINT_FAST64_T 8
| #define SIZEOF_BOOL 1
| #define SIZEOF_OFF_T 8
| #define SIZEOF_PTRDIFF_T 8
| #define SIZEOF_SIZE_T 8
| #define SIZEOF_SSIZE_T 8
| #define SIZEOF_TIME_T 8
| #define DEV_T_IS_SCALAR 1
| #define HAVE_ZLIB_H 1
| #define HAVE_LIBZ 1
| #define HAVE_FILTER_DEFLATE 1
| #define HAVE_TM_GMTOFF 1
| #define HAVE_TIMEZONE 1
| #define HAVE_STAT_ST_BLOCKS 1
| /* end confdefs.h.  */
| /* Define _getvideoconfig to an innocuous variant, in case <limits.h> declares _getvideoconfig.
|    For example, HP-UX 11i <limits.h> declares gettimeofday.  */
| #define _getvideoconfig innocuous__getvideoconfig
| 
| /* System header to define __stub macros and hopefully few prototypes,
|    which can conflict with char _getvideoconfig (); below.  */
| 
| #include <limits.h>
| #undef _getvideoconfig
| 
| /* Override any GCC internal prototype to avoid an error.
|    Use char because int might match the return type of a GCC
|    builtin and then its argument prototype would still apply.  */
| #ifdef __cplusplus
| extern "C"
| #endif
| char _getvideoconfig ();
| /* The GNU C library defines this for functions which it implements
|     to always fail with ENOSYS.  Some functions are actually named
|     something starting with __ and the normal name is an alias.  */
| #if defined __stub__getvideoconfig || defined __stub____getvideoconfig
| choke me
| #endif
| 
| #ifdef FC_DUMMY_MAIN
| #ifndef FC_DUMMY_MAIN_EQ_F77
| #  ifdef __cplusplus
|      extern "C"
| #  endif
|    int FC_DUMMY_MAIN() { return 1; }
| #endif
| #endif
| int
| main (void)
| {
| return _getvideoconfig ();
|   ;
|   return 0;
| }
configure:31212: result: no
configure:31218: checking for gettextinfo
configure:31218: /home/tjq4954/.conda/envs/inhyeok/bin/x86_64-conda-linux-gnu-cc -o conftest  -std=c99  -Wall -Wcast-qual -Wconversion -Wextra -Wfloat-equal -Wformat=2 -Winit-self -Winvalid-pch -Wmissing-include-dirs -Wshadow -Wundef -Wwrite-strings -pedantic -Wno-c++-compat -Wlarger-than=2560 -Wlogical-op -Wframe-larger-than=16384 -Wpacked-bitfield-compat -Wsync-nand -Wno-unsuffixed-float-constants -Wdouble-promotion -Wtrampolines -Wstack-usage=8192 -Wmaybe-uninitialized -Wdate-time -Warray-bounds=2 -Wc99-c11-compat -Wduplicated-cond -Whsa -Wnormalized -Wnull-dereference -Wunused-const-variable -Walloca -Walloc-zero -Wduplicated-branches -Wformat-overflow=2 -Wformat-truncation=1 -Wattribute-alias -Wcast-align=strict -Wshift-overflow=2 -Wattribute-alias=2 -Wmissing-profile -Wc11-c2x-compat -fstdarg-opt   -march=nocona -mtune=haswell -ftree-vectorize -fPIC -fstack-protector-strong -fno-plt -O2 -ffunction-sections -pipe -isystem /home/tjq4954/.conda/envs/inhyeok/include -D_GNU_SOURCE -D_POSIX_C_SOURCE=200809L     -DNDEBUG -D_FORTIFY_SOURCE=2 -O2 -isystem /home/tjq4954/.conda/envs/inhyeok/include  -Wl,-O2 -Wl,--sort-common -Wl,--as-needed -Wl,-z,relro -Wl,-z,now -Wl,--disable-new-dtags -Wl,--gc-sections -Wl,--allow-shlib-undefined -Wl,-rpath,/home/tjq4954/.conda/envs/inhyeok/lib -Wl,-rpath-link,/home/tjq4954/.conda/envs/inhyeok/lib -L/home/tjq4954/.conda/envs/inhyeok/lib conftest.c -lz -ldl -lm  >&5
/home/tjq4954/.conda/envs/inhyeok/bin/../lib/gcc/x86_64-conda-linux-gnu/13.2.0/../../../../x86_64-conda-linux-gnu/bin/ld: /tmp/cc8EqszH.o: in function `main':
conftest.c:(.text.startup.main+0x8): undefined reference to `gettextinfo'
collect2: error: ld returned 1 exit status
configure:31218: $? = 1
configure: failed program was:
| /* confdefs.h */
| #define PACKAGE_NAME "HDF5"
| #define PACKAGE_TARNAME "hdf5"
| #define PACKAGE_VERSION "1.14.3"
| #define PACKAGE_STRING "HDF5 1.14.3"
| #define PACKAGE_BUGREPORT "help@hdfgroup.org"
| #define PACKAGE_URL ""
| #define PACKAGE "hdf5"
| #define VERSION "1.14.3"
| #define HAVE_STDIO_H 1
| #define HAVE_STDLIB_H 1
| #define HAVE_STRING_H 1
| #define HAVE_INTTYPES_H 1
| #define HAVE_STDINT_H 1
| #define HAVE_STRINGS_H 1
| #define HAVE_SYS_STAT_H 1
| #define HAVE_SYS_TYPES_H 1
| #define HAVE_UNISTD_H 1
| #define STDC_HEADERS 1
| #define SIZEOF_CHAR 1
| #define SIZEOF_SHORT 2
| #define SIZEOF_INT 4
| #define SIZEOF_UNSIGNED 4
| #define SIZEOF_LONG 8
| #define SIZEOF_LONG_LONG 8
| #define SIZEOF_FLOAT 4
| #define SIZEOF_DOUBLE 8
| #define SIZEOF_LONG_DOUBLE 16
| #define INCLUDE_HL 1
| #define TEST_EXPRESS_LEVEL_DEFAULT 3
| #define HAVE_DLFCN_H 1
| #define LT_OBJDIR ".libs/"
| #define HAVE_LIBM 1
| #define HAVE_LIBDL 1
| #define HAVE_DIRENT_H 1
| #define HAVE_FEATURES_H 1
| #define HAVE_PWD_H 1
| #define HAVE_UNISTD_H 1
| #define HAVE_SYS_FILE_H 1
| #define HAVE_SYS_IOCTL_H 1
| #define HAVE_SYS_RESOURCE_H 1
| #define HAVE_SYS_STAT_H 1
| #define HAVE_SYS_TIME_H 1
| #define HAVE_SYS_TYPES_H 1
| #define HAVE_ARPA_INET_H 1
| #define HAVE_NETDB_H 1
| #define HAVE_NETINET_IN_H 1
| #define HAVE_SYS_SOCKET_H 1
| #define SIZEOF_INT8_T 1
| #define SIZEOF_UINT8_T 1
| #define SIZEOF_INT_LEAST8_T 1
| #define SIZEOF_UINT_LEAST8_T 1
| #define SIZEOF_INT_FAST8_T 1
| #define SIZEOF_UINT_FAST8_T 1
| #define SIZEOF_INT16_T 2
| #define SIZEOF_UINT16_T 2
| #define SIZEOF_INT_LEAST16_T 2
| #define SIZEOF_UINT_LEAST16_T 2
| #define SIZEOF_INT_FAST16_T 8
| #define SIZEOF_UINT_FAST16_T 8
| #define SIZEOF_INT32_T 4
| #define SIZEOF_UINT32_T 4
| #define SIZEOF_INT_LEAST32_T 4
| #define SIZEOF_UINT_LEAST32_T 4
| #define SIZEOF_INT_FAST32_T 8
| #define SIZEOF_UINT_FAST32_T 8
| #define SIZEOF_INT64_T 8
| #define SIZEOF_UINT64_T 8
| #define SIZEOF_INT_LEAST64_T 8
| #define SIZEOF_UINT_LEAST64_T 8
| #define SIZEOF_INT_FAST64_T 8
| #define SIZEOF_UINT_FAST64_T 8
| #define SIZEOF_BOOL 1
| #define SIZEOF_OFF_T 8
| #define SIZEOF_PTRDIFF_T 8
| #define SIZEOF_SIZE_T 8
| #define SIZEOF_SSIZE_T 8
| #define SIZEOF_TIME_T 8
| #define DEV_T_IS_SCALAR 1
| #define HAVE_ZLIB_H 1
| #define HAVE_LIBZ 1
| #define HAVE_FILTER_DEFLATE 1
| #define HAVE_TM_GMTOFF 1
| #define HAVE_TIMEZONE 1
| #define HAVE_STAT_ST_BLOCKS 1
| /* end confdefs.h.  */
| /* Define gettextinfo to an innocuous variant, in case <limits.h> declares gettextinfo.
|    For example, HP-UX 11i <limits.h> declares gettimeofday.  */
| #define gettextinfo innocuous_gettextinfo
| 
| /* System header to define __stub macros and hopefully few prototypes,
|    which can conflict with char gettextinfo (); below.  */
| 
| #include <limits.h>
| #undef gettextinfo
| 
| /* Override any GCC internal prototype to avoid an error.
|    Use char because int might match the return type of a GCC
|    builtin and then its argument prototype would still apply.  */
| #ifdef __cplusplus
| extern "C"
| #endif
| char gettextinfo ();
| /* The GNU C library defines this for functions which it implements
|     to always fail with ENOSYS.  Some functions are actually named
|     something starting with __ and the normal name is an alias.  */
| #if defined __stub_gettextinfo || defined __stub___gettextinfo
| choke me
| #endif
| 
| #ifdef FC_DUMMY_MAIN
| #ifndef FC_DUMMY_MAIN_EQ_F77
| #  ifdef __cplusplus
|      extern "C"
| #  endif
|    int FC_DUMMY_MAIN() { return 1; }
| #endif
| #endif
| int
| main (void)
| {
| return gettextinfo ();
|   ;
|   return 0;
| }
configure:31218: result: no
configure:31229: checking for GetConsoleScreenBufferInfo
configure:31229: /home/tjq4954/.conda/envs/inhyeok/bin/x86_64-conda-linux-gnu-cc -o conftest  -std=c99  -Wall -Wcast-qual -Wconversion -Wextra -Wfloat-equal -Wformat=2 -Winit-self -Winvalid-pch -Wmissing-include-dirs -Wshadow -Wundef -Wwrite-strings -pedantic -Wno-c++-compat -Wlarger-than=2560 -Wlogical-op -Wframe-larger-than=16384 -Wpacked-bitfield-compat -Wsync-nand -Wno-unsuffixed-float-constants -Wdouble-promotion -Wtrampolines -Wstack-usage=8192 -Wmaybe-uninitialized -Wdate-time -Warray-bounds=2 -Wc99-c11-compat -Wduplicated-cond -Whsa -Wnormalized -Wnull-dereference -Wunused-const-variable -Walloca -Walloc-zero -Wduplicated-branches -Wformat-overflow=2 -Wformat-truncation=1 -Wattribute-alias -Wcast-align=strict -Wshift-overflow=2 -Wattribute-alias=2 -Wmissing-profile -Wc11-c2x-compat -fstdarg-opt   -march=nocona -mtune=haswell -ftree-vectorize -fPIC -fstack-protector-strong -fno-plt -O2 -ffunction-sections -pipe -isystem /home/tjq4954/.conda/envs/inhyeok/include -D_GNU_SOURCE -D_POSIX_C_SOURCE=200809L     -DNDEBUG -D_FORTIFY_SOURCE=2 -O2 -isystem /home/tjq4954/.conda/envs/inhyeok/include  -Wl,-O2 -Wl,--sort-common -Wl,--as-needed -Wl,-z,relro -Wl,-z,now -Wl,--disable-new-dtags -Wl,--gc-sections -Wl,--allow-shlib-undefined -Wl,-rpath,/home/tjq4954/.conda/envs/inhyeok/lib -Wl,-rpath-link,/home/tjq4954/.conda/envs/inhyeok/lib -L/home/tjq4954/.conda/envs/inhyeok/lib conftest.c -lz -ldl -lm  >&5
/home/tjq4954/.conda/envs/inhyeok/bin/../lib/gcc/x86_64-conda-linux-gnu/13.2.0/../../../../x86_64-conda-linux-gnu/bin/ld: /tmp/ccuTnkNQ.o: in function `main':
conftest.c:(.text.startup.main+0x8): undefined reference to `GetConsoleScreenBufferInfo'
collect2: error: ld returned 1 exit status
configure:31229: $? = 1
configure: failed program was:
| /* confdefs.h */
| #define PACKAGE_NAME "HDF5"
| #define PACKAGE_TARNAME "hdf5"
| #define PACKAGE_VERSION "1.14.3"
| #define PACKAGE_STRING "HDF5 1.14.3"
| #define PACKAGE_BUGREPORT "help@hdfgroup.org"
| #define PACKAGE_URL ""
| #define PACKAGE "hdf5"
| #define VERSION "1.14.3"
| #define HAVE_STDIO_H 1
| #define HAVE_STDLIB_H 1
| #define HAVE_STRING_H 1
| #define HAVE_INTTYPES_H 1
| #define HAVE_STDINT_H 1
| #define HAVE_STRINGS_H 1
| #define HAVE_SYS_STAT_H 1
| #define HAVE_SYS_TYPES_H 1
| #define HAVE_UNISTD_H 1
| #define STDC_HEADERS 1
| #define SIZEOF_CHAR 1
| #define SIZEOF_SHORT 2
| #define SIZEOF_INT 4
| #define SIZEOF_UNSIGNED 4
| #define SIZEOF_LONG 8
| #define SIZEOF_LONG_LONG 8
| #define SIZEOF_FLOAT 4
| #define SIZEOF_DOUBLE 8
| #define SIZEOF_LONG_DOUBLE 16
| #define INCLUDE_HL 1
| #define TEST_EXPRESS_LEVEL_DEFAULT 3
| #define HAVE_DLFCN_H 1
| #define LT_OBJDIR ".libs/"
| #define HAVE_LIBM 1
| #define HAVE_LIBDL 1
| #define HAVE_DIRENT_H 1
| #define HAVE_FEATURES_H 1
| #define HAVE_PWD_H 1
| #define HAVE_UNISTD_H 1
| #define HAVE_SYS_FILE_H 1
| #define HAVE_SYS_IOCTL_H 1
| #define HAVE_SYS_RESOURCE_H 1
| #define HAVE_SYS_STAT_H 1
| #define HAVE_SYS_TIME_H 1
| #define HAVE_SYS_TYPES_H 1
| #define HAVE_ARPA_INET_H 1
| #define HAVE_NETDB_H 1
| #define HAVE_NETINET_IN_H 1
| #define HAVE_SYS_SOCKET_H 1
| #define SIZEOF_INT8_T 1
| #define SIZEOF_UINT8_T 1
| #define SIZEOF_INT_LEAST8_T 1
| #define SIZEOF_UINT_LEAST8_T 1
| #define SIZEOF_INT_FAST8_T 1
| #define SIZEOF_UINT_FAST8_T 1
| #define SIZEOF_INT16_T 2
| #define SIZEOF_UINT16_T 2
| #define SIZEOF_INT_LEAST16_T 2
| #define SIZEOF_UINT_LEAST16_T 2
| #define SIZEOF_INT_FAST16_T 8
| #define SIZEOF_UINT_FAST16_T 8
| #define SIZEOF_INT32_T 4
| #define SIZEOF_UINT32_T 4
| #define SIZEOF_INT_LEAST32_T 4
| #define SIZEOF_UINT_LEAST32_T 4
| #define SIZEOF_INT_FAST32_T 8
| #define SIZEOF_UINT_FAST32_T 8
| #define SIZEOF_INT64_T 8
| #define SIZEOF_UINT64_T 8
| #define SIZEOF_INT_LEAST64_T 8
| #define SIZEOF_UINT_LEAST64_T 8
| #define SIZEOF_INT_FAST64_T 8
| #define SIZEOF_UINT_FAST64_T 8
| #define SIZEOF_BOOL 1
| #define SIZEOF_OFF_T 8
| #define SIZEOF_PTRDIFF_T 8
| #define SIZEOF_SIZE_T 8
| #define SIZEOF_SSIZE_T 8
| #define SIZEOF_TIME_T 8
| #define DEV_T_IS_SCALAR 1
| #define HAVE_ZLIB_H 1
| #define HAVE_LIBZ 1
| #define HAVE_FILTER_DEFLATE 1
| #define HAVE_TM_GMTOFF 1
| #define HAVE_TIMEZONE 1
| #define HAVE_STAT_ST_BLOCKS 1
| /* end confdefs.h.  */
| /* Define GetConsoleScreenBufferInfo to an innocuous variant, in case <limits.h> declares GetConsoleScreenBufferInfo.
|    For example, HP-UX 11i <limits.h> declares gettimeofday.  */
| #define GetConsoleScreenBufferInfo innocuous_GetConsoleScreenBufferInfo
| 
| /* System header to define __stub macros and hopefully few prototypes,
|    which can conflict with char GetConsoleScreenBufferInfo (); below.  */
| 
| #include <limits.h>
| #undef GetConsoleScreenBufferInfo
| 
| /* Override any GCC internal prototype to avoid an error.
|    Use char because int might match the return type of a GCC
|    builtin and then its argument prototype would still apply.  */
| #ifdef __cplusplus
| extern "C"
| #endif
| char GetConsoleScreenBufferInfo ();
| /* The GNU C library defines this for functions which it implements
|     to always fail with ENOSYS.  Some functions are actually named
|     something starting with __ and the normal name is an alias.  */
| #if defined __stub_GetConsoleScreenBufferInfo || defined __stub___GetConsoleScreenBufferInfo
| choke me
| #endif
| 
| #ifdef FC_DUMMY_MAIN
| #ifndef FC_DUMMY_MAIN_EQ_F77
| #  ifdef __cplusplus
|      extern "C"
| #  endif
|    int FC_DUMMY_MAIN() { return 1; }
| #endif
| #endif
| int
| main (void)
| {
| return GetConsoleScreenBufferInfo ();
|   ;
|   return 0;
| }
configure:31229: result: no
configure:31238: checking for _scrsize
configure:31238: /home/tjq4954/.conda/envs/inhyeok/bin/x86_64-conda-linux-gnu-cc -o conftest  -std=c99  -Wall -Wcast-qual -Wconversion -Wextra -Wfloat-equal -Wformat=2 -Winit-self -Winvalid-pch -Wmissing-include-dirs -Wshadow -Wundef -Wwrite-strings -pedantic -Wno-c++-compat -Wlarger-than=2560 -Wlogical-op -Wframe-larger-than=16384 -Wpacked-bitfield-compat -Wsync-nand -Wno-unsuffixed-float-constants -Wdouble-promotion -Wtrampolines -Wstack-usage=8192 -Wmaybe-uninitialized -Wdate-time -Warray-bounds=2 -Wc99-c11-compat -Wduplicated-cond -Whsa -Wnormalized -Wnull-dereference -Wunused-const-variable -Walloca -Walloc-zero -Wduplicated-branches -Wformat-overflow=2 -Wformat-truncation=1 -Wattribute-alias -Wcast-align=strict -Wshift-overflow=2 -Wattribute-alias=2 -Wmissing-profile -Wc11-c2x-compat -fstdarg-opt   -march=nocona -mtune=haswell -ftree-vectorize -fPIC -fstack-protector-strong -fno-plt -O2 -ffunction-sections -pipe -isystem /home/tjq4954/.conda/envs/inhyeok/include -D_GNU_SOURCE -D_POSIX_C_SOURCE=200809L     -DNDEBUG -D_FORTIFY_SOURCE=2 -O2 -isystem /home/tjq4954/.conda/envs/inhyeok/include  -Wl,-O2 -Wl,--sort-common -Wl,--as-needed -Wl,-z,relro -Wl,-z,now -Wl,--disable-new-dtags -Wl,--gc-sections -Wl,--allow-shlib-undefined -Wl,-rpath,/home/tjq4954/.conda/envs/inhyeok/lib -Wl,-rpath-link,/home/tjq4954/.conda/envs/inhyeok/lib -L/home/tjq4954/.conda/envs/inhyeok/lib conftest.c -lz -ldl -lm  >&5
/home/tjq4954/.conda/envs/inhyeok/bin/../lib/gcc/x86_64-conda-linux-gnu/13.2.0/../../../../x86_64-conda-linux-gnu/bin/ld: /tmp/cc2DPBs3.o: in function `main':
conftest.c:(.text.startup.main+0x8): undefined reference to `_scrsize'
collect2: error: ld returned 1 exit status
configure:31238: $? = 1
configure: failed program was:
| /* confdefs.h */
| #define PACKAGE_NAME "HDF5"
| #define PACKAGE_TARNAME "hdf5"
| #define PACKAGE_VERSION "1.14.3"
| #define PACKAGE_STRING "HDF5 1.14.3"
| #define PACKAGE_BUGREPORT "help@hdfgroup.org"
| #define PACKAGE_URL ""
| #define PACKAGE "hdf5"
| #define VERSION "1.14.3"
| #define HAVE_STDIO_H 1
| #define HAVE_STDLIB_H 1
| #define HAVE_STRING_H 1
| #define HAVE_INTTYPES_H 1
| #define HAVE_STDINT_H 1
| #define HAVE_STRINGS_H 1
| #define HAVE_SYS_STAT_H 1
| #define HAVE_SYS_TYPES_H 1
| #define HAVE_UNISTD_H 1
| #define STDC_HEADERS 1
| #define SIZEOF_CHAR 1
| #define SIZEOF_SHORT 2
| #define SIZEOF_INT 4
| #define SIZEOF_UNSIGNED 4
| #define SIZEOF_LONG 8
| #define SIZEOF_LONG_LONG 8
| #define SIZEOF_FLOAT 4
| #define SIZEOF_DOUBLE 8
| #define SIZEOF_LONG_DOUBLE 16
| #define INCLUDE_HL 1
| #define TEST_EXPRESS_LEVEL_DEFAULT 3
| #define HAVE_DLFCN_H 1
| #define LT_OBJDIR ".libs/"
| #define HAVE_LIBM 1
| #define HAVE_LIBDL 1
| #define HAVE_DIRENT_H 1
| #define HAVE_FEATURES_H 1
| #define HAVE_PWD_H 1
| #define HAVE_UNISTD_H 1
| #define HAVE_SYS_FILE_H 1
| #define HAVE_SYS_IOCTL_H 1
| #define HAVE_SYS_RESOURCE_H 1
| #define HAVE_SYS_STAT_H 1
| #define HAVE_SYS_TIME_H 1
| #define HAVE_SYS_TYPES_H 1
| #define HAVE_ARPA_INET_H 1
| #define HAVE_NETDB_H 1
| #define HAVE_NETINET_IN_H 1
| #define HAVE_SYS_SOCKET_H 1
| #define SIZEOF_INT8_T 1
| #define SIZEOF_UINT8_T 1
| #define SIZEOF_INT_LEAST8_T 1
| #define SIZEOF_UINT_LEAST8_T 1
| #define SIZEOF_INT_FAST8_T 1
| #define SIZEOF_UINT_FAST8_T 1
| #define SIZEOF_INT16_T 2
| #define SIZEOF_UINT16_T 2
| #define SIZEOF_INT_LEAST16_T 2
| #define SIZEOF_UINT_LEAST16_T 2
| #define SIZEOF_INT_FAST16_T 8
| #define SIZEOF_UINT_FAST16_T 8
| #define SIZEOF_INT32_T 4
| #define SIZEOF_UINT32_T 4
| #define SIZEOF_INT_LEAST32_T 4
| #define SIZEOF_UINT_LEAST32_T 4
| #define SIZEOF_INT_FAST32_T 8
| #define SIZEOF_UINT_FAST32_T 8
| #define SIZEOF_INT64_T 8
| #define SIZEOF_UINT64_T 8
| #define SIZEOF_INT_LEAST64_T 8
| #define SIZEOF_UINT_LEAST64_T 8
| #define SIZEOF_INT_FAST64_T 8
| #define SIZEOF_UINT_FAST64_T 8
| #define SIZEOF_BOOL 1
| #define SIZEOF_OFF_T 8
| #define SIZEOF_PTRDIFF_T 8
| #define SIZEOF_SIZE_T 8
| #define SIZEOF_SSIZE_T 8
| #define SIZEOF_TIME_T 8
| #define DEV_T_IS_SCALAR 1
| #define HAVE_ZLIB_H 1
| #define HAVE_LIBZ 1
| #define HAVE_FILTER_DEFLATE 1
| #define HAVE_TM_GMTOFF 1
| #define HAVE_TIMEZONE 1
| #define HAVE_STAT_ST_BLOCKS 1
| /* end confdefs.h.  */
| /* Define _scrsize to an innocuous variant, in case <limits.h> declares _scrsize.
|    For example, HP-UX 11i <limits.h> declares gettimeofday.  */
| #define _scrsize innocuous__scrsize
| 
| /* System header to define __stub macros and hopefully few prototypes,
|    which can conflict with char _scrsize (); below.  */
| 
| #include <limits.h>
| #undef _scrsize
| 
| /* Override any GCC internal prototype to avoid an error.
|    Use char because int might match the return type of a GCC
|    builtin and then its argument prototype would still apply.  */
| #ifdef __cplusplus
| extern "C"
| #endif
| char _scrsize ();
| /* The GNU C library defines this for functions which it implements
|     to always fail with ENOSYS.  Some functions are actually named
|     something starting with __ and the normal name is an alias.  */
| #if defined __stub__scrsize || defined __stub____scrsize
| choke me
| #endif
| 
| #ifdef FC_DUMMY_MAIN
| #ifndef FC_DUMMY_MAIN_EQ_F77
| #  ifdef __cplusplus
|      extern "C"
| #  endif
|    int FC_DUMMY_MAIN() { return 1; }
| #endif
| #endif
| int
| main (void)
| {
| return _scrsize ();
|   ;
|   return 0;
| }
configure:31238: result: no
configure:31244: checking for ioctl
configure:31244: /home/tjq4954/.conda/envs/inhyeok/bin/x86_64-conda-linux-gnu-cc -o conftest  -std=c99  -Wall -Wcast-qual -Wconversion -Wextra -Wfloat-equal -Wformat=2 -Winit-self -Winvalid-pch -Wmissing-include-dirs -Wshadow -Wundef -Wwrite-strings -pedantic -Wno-c++-compat -Wlarger-than=2560 -Wlogical-op -Wframe-larger-than=16384 -Wpacked-bitfield-compat -Wsync-nand -Wno-unsuffixed-float-constants -Wdouble-promotion -Wtrampolines -Wstack-usage=8192 -Wmaybe-uninitialized -Wdate-time -Warray-bounds=2 -Wc99-c11-compat -Wduplicated-cond -Whsa -Wnormalized -Wnull-dereference -Wunused-const-variable -Walloca -Walloc-zero -Wduplicated-branches -Wformat-overflow=2 -Wformat-truncation=1 -Wattribute-alias -Wcast-align=strict -Wshift-overflow=2 -Wattribute-alias=2 -Wmissing-profile -Wc11-c2x-compat -fstdarg-opt   -march=nocona -mtune=haswell -ftree-vectorize -fPIC -fstack-protector-strong -fno-plt -O2 -ffunction-sections -pipe -isystem /home/tjq4954/.conda/envs/inhyeok/include -D_GNU_SOURCE -D_POSIX_C_SOURCE=200809L     -DNDEBUG -D_FORTIFY_SOURCE=2 -O2 -isystem /home/tjq4954/.conda/envs/inhyeok/include  -Wl,-O2 -Wl,--sort-common -Wl,--as-needed -Wl,-z,relro -Wl,-z,now -Wl,--disable-new-dtags -Wl,--gc-sections -Wl,--allow-shlib-undefined -Wl,-rpath,/home/tjq4954/.conda/envs/inhyeok/lib -Wl,-rpath-link,/home/tjq4954/.conda/envs/inhyeok/lib -L/home/tjq4954/.conda/envs/inhyeok/lib conftest.c -lz -ldl -lm  >&5
configure:31244: $? = 0
configure:31244: result: yes
configure:31252: checking for struct videoconfig
configure:31273: /home/tjq4954/.conda/envs/inhyeok/bin/x86_64-conda-linux-gnu-cc -c  -std=c99  -Wall -Wcast-qual -Wconversion -Wextra -Wfloat-equal -Wformat=2 -Winit-self -Winvalid-pch -Wmissing-include-dirs -Wshadow -Wundef -Wwrite-strings -pedantic -Wno-c++-compat -Wlarger-than=2560 -Wlogical-op -Wframe-larger-than=16384 -Wpacked-bitfield-compat -Wsync-nand -Wno-unsuffixed-float-constants -Wdouble-promotion -Wtrampolines -Wstack-usage=8192 -Wmaybe-uninitialized -Wdate-time -Warray-bounds=2 -Wc99-c11-compat -Wduplicated-cond -Whsa -Wnormalized -Wnull-dereference -Wunused-const-variable -Walloca -Walloc-zero -Wduplicated-branches -Wformat-overflow=2 -Wformat-truncation=1 -Wattribute-alias -Wcast-align=strict -Wshift-overflow=2 -Wattribute-alias=2 -Wmissing-profile -Wc11-c2x-compat -fstdarg-opt   -march=nocona -mtune=haswell -ftree-vectorize -fPIC -fstack-protector-strong -fno-plt -O2 -ffunction-sections -pipe -isystem /home/tjq4954/.conda/envs/inhyeok/include -D_GNU_SOURCE -D_POSIX_C_SOURCE=200809L     -DNDEBUG -D_FORTIFY_SOURCE=2 -O2 -isystem /home/tjq4954/.conda/envs/inhyeok/include conftest.c >&5
conftest.c: In function 'main':
conftest.c:100:20: error: storage size of 'w' isn't known
  100 | struct videoconfig w; w.numtextcols=0;
      |                    ^
conftest.c:100:20: warning: unused variable 'w' [-Wunused-variable]
configure:31273: $? = 1
configure: failed program was:
| /* confdefs.h */
| #define PACKAGE_NAME "HDF5"
| #define PACKAGE_TARNAME "hdf5"
| #define PACKAGE_VERSION "1.14.3"
| #define PACKAGE_STRING "HDF5 1.14.3"
| #define PACKAGE_BUGREPORT "help@hdfgroup.org"
| #define PACKAGE_URL ""
| #define PACKAGE "hdf5"
| #define VERSION "1.14.3"
| #define HAVE_STDIO_H 1
| #define HAVE_STDLIB_H 1
| #define HAVE_STRING_H 1
| #define HAVE_INTTYPES_H 1
| #define HAVE_STDINT_H 1
| #define HAVE_STRINGS_H 1
| #define HAVE_SYS_STAT_H 1
| #define HAVE_SYS_TYPES_H 1
| #define HAVE_UNISTD_H 1
| #define STDC_HEADERS 1
| #define SIZEOF_CHAR 1
| #define SIZEOF_SHORT 2
| #define SIZEOF_INT 4
| #define SIZEOF_UNSIGNED 4
| #define SIZEOF_LONG 8
| #define SIZEOF_LONG_LONG 8
| #define SIZEOF_FLOAT 4
| #define SIZEOF_DOUBLE 8
| #define SIZEOF_LONG_DOUBLE 16
| #define INCLUDE_HL 1
| #define TEST_EXPRESS_LEVEL_DEFAULT 3
| #define HAVE_DLFCN_H 1
| #define LT_OBJDIR ".libs/"
| #define HAVE_LIBM 1
| #define HAVE_LIBDL 1
| #define HAVE_DIRENT_H 1
| #define HAVE_FEATURES_H 1
| #define HAVE_PWD_H 1
| #define HAVE_UNISTD_H 1
| #define HAVE_SYS_FILE_H 1
| #define HAVE_SYS_IOCTL_H 1
| #define HAVE_SYS_RESOURCE_H 1
| #define HAVE_SYS_STAT_H 1
| #define HAVE_SYS_TIME_H 1
| #define HAVE_SYS_TYPES_H 1
| #define HAVE_ARPA_INET_H 1
| #define HAVE_NETDB_H 1
| #define HAVE_NETINET_IN_H 1
| #define HAVE_SYS_SOCKET_H 1
| #define SIZEOF_INT8_T 1
| #define SIZEOF_UINT8_T 1
| #define SIZEOF_INT_LEAST8_T 1
| #define SIZEOF_UINT_LEAST8_T 1
| #define SIZEOF_INT_FAST8_T 1
| #define SIZEOF_UINT_FAST8_T 1
| #define SIZEOF_INT16_T 2
| #define SIZEOF_UINT16_T 2
| #define SIZEOF_INT_LEAST16_T 2
| #define SIZEOF_UINT_LEAST16_T 2
| #define SIZEOF_INT_FAST16_T 8
| #define SIZEOF_UINT_FAST16_T 8
| #define SIZEOF_INT32_T 4
| #define SIZEOF_UINT32_T 4
| #define SIZEOF_INT_LEAST32_T 4
| #define SIZEOF_UINT_LEAST32_T 4
| #define SIZEOF_INT_FAST32_T 8
| #define SIZEOF_UINT_FAST32_T 8
| #define SIZEOF_INT64_T 8
| #define SIZEOF_UINT64_T 8
| #define SIZEOF_INT_LEAST64_T 8
| #define SIZEOF_UINT_LEAST64_T 8
| #define SIZEOF_INT_FAST64_T 8
| #define SIZEOF_UINT_FAST64_T 8
| #define SIZEOF_BOOL 1
| #define SIZEOF_OFF_T 8
| #define SIZEOF_PTRDIFF_T 8
| #define SIZEOF_SIZE_T 8
| #define SIZEOF_SSIZE_T 8
| #define SIZEOF_TIME_T 8
| #define DEV_T_IS_SCALAR 1
| #define HAVE_ZLIB_H 1
| #define HAVE_LIBZ 1
| #define HAVE_FILTER_DEFLATE 1
| #define HAVE_TM_GMTOFF 1
| #define HAVE_TIMEZONE 1
| #define HAVE_STAT_ST_BLOCKS 1
| #define HAVE_IOCTL 1
| /* end confdefs.h.  */
| 
| #ifdef FC_DUMMY_MAIN
| #ifndef FC_DUMMY_MAIN_EQ_F77
| #  ifdef __cplusplus
|      extern "C"
| #  endif
|    int FC_DUMMY_MAIN() { return 1; }
| #endif
| #endif
| int
| main (void)
| {
| struct videoconfig w; w.numtextcols=0;
|   ;
|   return 0;
| }
configure:31281: result: no
configure:31286: checking for struct text_info
configure:31307: /home/tjq4954/.conda/envs/inhyeok/bin/x86_64-conda-linux-gnu-cc -c  -std=c99  -Wall -Wcast-qual -Wconversion -Wextra -Wfloat-equal -Wformat=2 -Winit-self -Winvalid-pch -Wmissing-include-dirs -Wshadow -Wundef -Wwrite-strings -pedantic -Wno-c++-compat -Wlarger-than=2560 -Wlogical-op -Wframe-larger-than=16384 -Wpacked-bitfield-compat -Wsync-nand -Wno-unsuffixed-float-constants -Wdouble-promotion -Wtrampolines -Wstack-usage=8192 -Wmaybe-uninitialized -Wdate-time -Warray-bounds=2 -Wc99-c11-compat -Wduplicated-cond -Whsa -Wnormalized -Wnull-dereference -Wunused-const-variable -Walloca -Walloc-zero -Wduplicated-branches -Wformat-overflow=2 -Wformat-truncation=1 -Wattribute-alias -Wcast-align=strict -Wshift-overflow=2 -Wattribute-alias=2 -Wmissing-profile -Wc11-c2x-compat -fstdarg-opt   -march=nocona -mtune=haswell -ftree-vectorize -fPIC -fstack-protector-strong -fno-plt -O2 -ffunction-sections -pipe -isystem /home/tjq4954/.conda/envs/inhyeok/include -D_GNU_SOURCE -D_POSIX_C_SOURCE=200809L     -DNDEBUG -D_FORTIFY_SOURCE=2 -O2 -isystem /home/tjq4954/.conda/envs/inhyeok/include conftest.c >&5
conftest.c: In function 'main':
conftest.c:100:18: error: storage size of 'w' isn't known
  100 | struct text_info w; w.screenwidth=0;
      |                  ^
conftest.c:100:18: warning: unused variable 'w' [-Wunused-variable]
configure:31307: $? = 1
configure: failed program was:
| /* confdefs.h */
| #define PACKAGE_NAME "HDF5"
| #define PACKAGE_TARNAME "hdf5"
| #define PACKAGE_VERSION "1.14.3"
| #define PACKAGE_STRING "HDF5 1.14.3"
| #define PACKAGE_BUGREPORT "help@hdfgroup.org"
| #define PACKAGE_URL ""
| #define PACKAGE "hdf5"
| #define VERSION "1.14.3"
| #define HAVE_STDIO_H 1
| #define HAVE_STDLIB_H 1
| #define HAVE_STRING_H 1
| #define HAVE_INTTYPES_H 1
| #define HAVE_STDINT_H 1
| #define HAVE_STRINGS_H 1
| #define HAVE_SYS_STAT_H 1
| #define HAVE_SYS_TYPES_H 1
| #define HAVE_UNISTD_H 1
| #define STDC_HEADERS 1
| #define SIZEOF_CHAR 1
| #define SIZEOF_SHORT 2
| #define SIZEOF_INT 4
| #define SIZEOF_UNSIGNED 4
| #define SIZEOF_LONG 8
| #define SIZEOF_LONG_LONG 8
| #define SIZEOF_FLOAT 4
| #define SIZEOF_DOUBLE 8
| #define SIZEOF_LONG_DOUBLE 16
| #define INCLUDE_HL 1
| #define TEST_EXPRESS_LEVEL_DEFAULT 3
| #define HAVE_DLFCN_H 1
| #define LT_OBJDIR ".libs/"
| #define HAVE_LIBM 1
| #define HAVE_LIBDL 1
| #define HAVE_DIRENT_H 1
| #define HAVE_FEATURES_H 1
| #define HAVE_PWD_H 1
| #define HAVE_UNISTD_H 1
| #define HAVE_SYS_FILE_H 1
| #define HAVE_SYS_IOCTL_H 1
| #define HAVE_SYS_RESOURCE_H 1
| #define HAVE_SYS_STAT_H 1
| #define HAVE_SYS_TIME_H 1
| #define HAVE_SYS_TYPES_H 1
| #define HAVE_ARPA_INET_H 1
| #define HAVE_NETDB_H 1
| #define HAVE_NETINET_IN_H 1
| #define HAVE_SYS_SOCKET_H 1
| #define SIZEOF_INT8_T 1
| #define SIZEOF_UINT8_T 1
| #define SIZEOF_INT_LEAST8_T 1
| #define SIZEOF_UINT_LEAST8_T 1
| #define SIZEOF_INT_FAST8_T 1
| #define SIZEOF_UINT_FAST8_T 1
| #define SIZEOF_INT16_T 2
| #define SIZEOF_UINT16_T 2
| #define SIZEOF_INT_LEAST16_T 2
| #define SIZEOF_UINT_LEAST16_T 2
| #define SIZEOF_INT_FAST16_T 8
| #define SIZEOF_UINT_FAST16_T 8
| #define SIZEOF_INT32_T 4
| #define SIZEOF_UINT32_T 4
| #define SIZEOF_INT_LEAST32_T 4
| #define SIZEOF_UINT_LEAST32_T 4
| #define SIZEOF_INT_FAST32_T 8
| #define SIZEOF_UINT_FAST32_T 8
| #define SIZEOF_INT64_T 8
| #define SIZEOF_UINT64_T 8
| #define SIZEOF_INT_LEAST64_T 8
| #define SIZEOF_UINT_LEAST64_T 8
| #define SIZEOF_INT_FAST64_T 8
| #define SIZEOF_UINT_FAST64_T 8
| #define SIZEOF_BOOL 1
| #define SIZEOF_OFF_T 8
| #define SIZEOF_PTRDIFF_T 8
| #define SIZEOF_SIZE_T 8
| #define SIZEOF_SSIZE_T 8
| #define SIZEOF_TIME_T 8
| #define DEV_T_IS_SCALAR 1
| #define HAVE_ZLIB_H 1
| #define HAVE_LIBZ 1
| #define HAVE_FILTER_DEFLATE 1
| #define HAVE_TM_GMTOFF 1
| #define HAVE_TIMEZONE 1
| #define HAVE_STAT_ST_BLOCKS 1
| #define HAVE_IOCTL 1
| /* end confdefs.h.  */
| 
| #ifdef FC_DUMMY_MAIN
| #ifndef FC_DUMMY_MAIN_EQ_F77
| #  ifdef __cplusplus
|      extern "C"
| #  endif
|    int FC_DUMMY_MAIN() { return 1; }
| #endif
| #endif
| int
| main (void)
| {
| struct text_info w; w.screenwidth=0;
|   ;
|   return 0;
| }
configure:31315: result: no
configure:31320: checking for TIOCGWINSZ
configure:31343: /home/tjq4954/.conda/envs/inhyeok/bin/x86_64-conda-linux-gnu-cc -c  -std=c99  -Wall -Wcast-qual -Wconversion -Wextra -Wfloat-equal -Wformat=2 -Winit-self -Winvalid-pch -Wmissing-include-dirs -Wshadow -Wundef -Wwrite-strings -pedantic -Wno-c++-compat -Wlarger-than=2560 -Wlogical-op -Wframe-larger-than=16384 -Wpacked-bitfield-compat -Wsync-nand -Wno-unsuffixed-float-constants -Wdouble-promotion -Wtrampolines -Wstack-usage=8192 -Wmaybe-uninitialized -Wdate-time -Warray-bounds=2 -Wc99-c11-compat -Wduplicated-cond -Whsa -Wnormalized -Wnull-dereference -Wunused-const-variable -Walloca -Walloc-zero -Wduplicated-branches -Wformat-overflow=2 -Wformat-truncation=1 -Wattribute-alias -Wcast-align=strict -Wshift-overflow=2 -Wattribute-alias=2 -Wmissing-profile -Wc11-c2x-compat -fstdarg-opt   -march=nocona -mtune=haswell -ftree-vectorize -fPIC -fstack-protector-strong -fno-plt -O2 -ffunction-sections -pipe -isystem /home/tjq4954/.conda/envs/inhyeok/include -D_GNU_SOURCE -D_POSIX_C_SOURCE=200809L     -DNDEBUG -D_FORTIFY_SOURCE=2 -O2 -isystem /home/tjq4954/.conda/envs/inhyeok/include conftest.c >&5
conftest.c: In function 'main':
conftest.c:102:5: warning: unused variable 'w' [-Wunused-variable]
  102 | int w=TIOCGWINSZ;
      |     ^
configure:31343: $? = 0
configure:31348: result: yes
configure:31356: checking for TIOCGETD
configure:31379: /home/tjq4954/.conda/envs/inhyeok/bin/x86_64-conda-linux-gnu-cc -c  -std=c99  -Wall -Wcast-qual -Wconversion -Wextra -Wfloat-equal -Wformat=2 -Winit-self -Winvalid-pch -Wmissing-include-dirs -Wshadow -Wundef -Wwrite-strings -pedantic -Wno-c++-compat -Wlarger-than=2560 -Wlogical-op -Wframe-larger-than=16384 -Wpacked-bitfield-compat -Wsync-nand -Wno-unsuffixed-float-constants -Wdouble-promotion -Wtrampolines -Wstack-usage=8192 -Wmaybe-uninitialized -Wdate-time -Warray-bounds=2 -Wc99-c11-compat -Wduplicated-cond -Whsa -Wnormalized -Wnull-dereference -Wunused-const-variable -Walloca -Walloc-zero -Wduplicated-branches -Wformat-overflow=2 -Wformat-truncation=1 -Wattribute-alias -Wcast-align=strict -Wshift-overflow=2 -Wattribute-alias=2 -Wmissing-profile -Wc11-c2x-compat -fstdarg-opt   -march=nocona -mtune=haswell -ftree-vectorize -fPIC -fstack-protector-strong -fno-plt -O2 -ffunction-sections -pipe -isystem /home/tjq4954/.conda/envs/inhyeok/include -D_GNU_SOURCE -D_POSIX_C_SOURCE=200809L     -DNDEBUG -D_FORTIFY_SOURCE=2 -O2 -isystem /home/tjq4954/.conda/envs/inhyeok/include conftest.c >&5
conftest.c: In function 'main':
conftest.c:103:5: warning: unused variable 'w' [-Wunused-variable]
  103 | int w=TIOCGETD;
      |     ^
configure:31379: $? = 0
configure:31384: result: yes
configure:31398: checking for library containing clock_gettime
configure:31436: /home/tjq4954/.conda/envs/inhyeok/bin/x86_64-conda-linux-gnu-cc -o conftest  -std=c99  -Wall -Wcast-qual -Wconversion -Wextra -Wfloat-equal -Wformat=2 -Winit-self -Winvalid-pch -Wmissing-include-dirs -Wshadow -Wundef -Wwrite-strings -pedantic -Wno-c++-compat -Wlarger-than=2560 -Wlogical-op -Wframe-larger-than=16384 -Wpacked-bitfield-compat -Wsync-nand -Wno-unsuffixed-float-constants -Wdouble-promotion -Wtrampolines -Wstack-usage=8192 -Wmaybe-uninitialized -Wdate-time -Warray-bounds=2 -Wc99-c11-compat -Wduplicated-cond -Whsa -Wnormalized -Wnull-dereference -Wunused-const-variable -Walloca -Walloc-zero -Wduplicated-branches -Wformat-overflow=2 -Wformat-truncation=1 -Wattribute-alias -Wcast-align=strict -Wshift-overflow=2 -Wattribute-alias=2 -Wmissing-profile -Wc11-c2x-compat -fstdarg-opt   -march=nocona -mtune=haswell -ftree-vectorize -fPIC -fstack-protector-strong -fno-plt -O2 -ffunction-sections -pipe -isystem /home/tjq4954/.conda/envs/inhyeok/include -D_GNU_SOURCE -D_POSIX_C_SOURCE=200809L     -DNDEBUG -D_FORTIFY_SOURCE=2 -O2 -isystem /home/tjq4954/.conda/envs/inhyeok/include  -Wl,-O2 -Wl,--sort-common -Wl,--as-needed -Wl,-z,relro -Wl,-z,now -Wl,--disable-new-dtags -Wl,--gc-sections -Wl,--allow-shlib-undefined -Wl,-rpath,/home/tjq4954/.conda/envs/inhyeok/lib -Wl,-rpath-link,/home/tjq4954/.conda/envs/inhyeok/lib -L/home/tjq4954/.conda/envs/inhyeok/lib conftest.c -lz -ldl -lm  >&5
configure:31436: $? = 0
configure:31456: result: none required
configure:31465: checking for alarm
configure:31465: /home/tjq4954/.conda/envs/inhyeok/bin/x86_64-conda-linux-gnu-cc -o conftest  -std=c99  -Wall -Wcast-qual -Wconversion -Wextra -Wfloat-equal -Wformat=2 -Winit-self -Winvalid-pch -Wmissing-include-dirs -Wshadow -Wundef -Wwrite-strings -pedantic -Wno-c++-compat -Wlarger-than=2560 -Wlogical-op -Wframe-larger-than=16384 -Wpacked-bitfield-compat -Wsync-nand -Wno-unsuffixed-float-constants -Wdouble-promotion -Wtrampolines -Wstack-usage=8192 -Wmaybe-uninitialized -Wdate-time -Warray-bounds=2 -Wc99-c11-compat -Wduplicated-cond -Whsa -Wnormalized -Wnull-dereference -Wunused-const-variable -Walloca -Walloc-zero -Wduplicated-branches -Wformat-overflow=2 -Wformat-truncation=1 -Wattribute-alias -Wcast-align=strict -Wshift-overflow=2 -Wattribute-alias=2 -Wmissing-profile -Wc11-c2x-compat -fstdarg-opt   -march=nocona -mtune=haswell -ftree-vectorize -fPIC -fstack-protector-strong -fno-plt -O2 -ffunction-sections -pipe -isystem /home/tjq4954/.conda/envs/inhyeok/include -D_GNU_SOURCE -D_POSIX_C_SOURCE=200809L     -DNDEBUG -D_FORTIFY_SOURCE=2 -O2 -isystem /home/tjq4954/.conda/envs/inhyeok/include  -Wl,-O2 -Wl,--sort-common -Wl,--as-needed -Wl,-z,relro -Wl,-z,now -Wl,--disable-new-dtags -Wl,--gc-sections -Wl,--allow-shlib-undefined -Wl,-rpath,/home/tjq4954/.conda/envs/inhyeok/lib -Wl,-rpath-link,/home/tjq4954/.conda/envs/inhyeok/lib -L/home/tjq4954/.conda/envs/inhyeok/lib conftest.c -lz -ldl -lm  >&5
configure:31465: $? = 0
configure:31465: result: yes
configure:31471: checking for asprintf
configure:31471: /home/tjq4954/.conda/envs/inhyeok/bin/x86_64-conda-linux-gnu-cc -o conftest  -std=c99  -Wall -Wcast-qual -Wconversion -Wextra -Wfloat-equal -Wformat=2 -Winit-self -Winvalid-pch -Wmissing-include-dirs -Wshadow -Wundef -Wwrite-strings -pedantic -Wno-c++-compat -Wlarger-than=2560 -Wlogical-op -Wframe-larger-than=16384 -Wpacked-bitfield-compat -Wsync-nand -Wno-unsuffixed-float-constants -Wdouble-promotion -Wtrampolines -Wstack-usage=8192 -Wmaybe-uninitialized -Wdate-time -Warray-bounds=2 -Wc99-c11-compat -Wduplicated-cond -Whsa -Wnormalized -Wnull-dereference -Wunused-const-variable -Walloca -Walloc-zero -Wduplicated-branches -Wformat-overflow=2 -Wformat-truncation=1 -Wattribute-alias -Wcast-align=strict -Wshift-overflow=2 -Wattribute-alias=2 -Wmissing-profile -Wc11-c2x-compat -fstdarg-opt   -march=nocona -mtune=haswell -ftree-vectorize -fPIC -fstack-protector-strong -fno-plt -O2 -ffunction-sections -pipe -isystem /home/tjq4954/.conda/envs/inhyeok/include -D_GNU_SOURCE -D_POSIX_C_SOURCE=200809L     -DNDEBUG -D_FORTIFY_SOURCE=2 -O2 -isystem /home/tjq4954/.conda/envs/inhyeok/include  -Wl,-O2 -Wl,--sort-common -Wl,--as-needed -Wl,-z,relro -Wl,-z,now -Wl,--disable-new-dtags -Wl,--gc-sections -Wl,--allow-shlib-undefined -Wl,-rpath,/home/tjq4954/.conda/envs/inhyeok/lib -Wl,-rpath-link,/home/tjq4954/.conda/envs/inhyeok/lib -L/home/tjq4954/.conda/envs/inhyeok/lib conftest.c -lz -ldl -lm  >&5
configure:31471: $? = 0
configure:31471: result: yes
configure:31477: checking for clock_gettime
configure:31477: /home/tjq4954/.conda/envs/inhyeok/bin/x86_64-conda-linux-gnu-cc -o conftest  -std=c99  -Wall -Wcast-qual -Wconversion -Wextra -Wfloat-equal -Wformat=2 -Winit-self -Winvalid-pch -Wmissing-include-dirs -Wshadow -Wundef -Wwrite-strings -pedantic -Wno-c++-compat -Wlarger-than=2560 -Wlogical-op -Wframe-larger-than=16384 -Wpacked-bitfield-compat -Wsync-nand -Wno-unsuffixed-float-constants -Wdouble-promotion -Wtrampolines -Wstack-usage=8192 -Wmaybe-uninitialized -Wdate-time -Warray-bounds=2 -Wc99-c11-compat -Wduplicated-cond -Whsa -Wnormalized -Wnull-dereference -Wunused-const-variable -Walloca -Walloc-zero -Wduplicated-branches -Wformat-overflow=2 -Wformat-truncation=1 -Wattribute-alias -Wcast-align=strict -Wshift-overflow=2 -Wattribute-alias=2 -Wmissing-profile -Wc11-c2x-compat -fstdarg-opt   -march=nocona -mtune=haswell -ftree-vectorize -fPIC -fstack-protector-strong -fno-plt -O2 -ffunction-sections -pipe -isystem /home/tjq4954/.conda/envs/inhyeok/include -D_GNU_SOURCE -D_POSIX_C_SOURCE=200809L     -DNDEBUG -D_FORTIFY_SOURCE=2 -O2 -isystem /home/tjq4954/.conda/envs/inhyeok/include  -Wl,-O2 -Wl,--sort-common -Wl,--as-needed -Wl,-z,relro -Wl,-z,now -Wl,--disable-new-dtags -Wl,--gc-sections -Wl,--allow-shlib-undefined -Wl,-rpath,/home/tjq4954/.conda/envs/inhyeok/lib -Wl,-rpath-link,/home/tjq4954/.conda/envs/inhyeok/lib -L/home/tjq4954/.conda/envs/inhyeok/lib conftest.c -lz -ldl -lm  >&5
configure:31477: $? = 0
configure:31477: result: yes
configure:31483: checking for fcntl
configure:31483: /home/tjq4954/.conda/envs/inhyeok/bin/x86_64-conda-linux-gnu-cc -o conftest  -std=c99  -Wall -Wcast-qual -Wconversion -Wextra -Wfloat-equal -Wformat=2 -Winit-self -Winvalid-pch -Wmissing-include-dirs -Wshadow -Wundef -Wwrite-strings -pedantic -Wno-c++-compat -Wlarger-than=2560 -Wlogical-op -Wframe-larger-than=16384 -Wpacked-bitfield-compat -Wsync-nand -Wno-unsuffixed-float-constants -Wdouble-promotion -Wtrampolines -Wstack-usage=8192 -Wmaybe-uninitialized -Wdate-time -Warray-bounds=2 -Wc99-c11-compat -Wduplicated-cond -Whsa -Wnormalized -Wnull-dereference -Wunused-const-variable -Walloca -Walloc-zero -Wduplicated-branches -Wformat-overflow=2 -Wformat-truncation=1 -Wattribute-alias -Wcast-align=strict -Wshift-overflow=2 -Wattribute-alias=2 -Wmissing-profile -Wc11-c2x-compat -fstdarg-opt   -march=nocona -mtune=haswell -ftree-vectorize -fPIC -fstack-protector-strong -fno-plt -O2 -ffunction-sections -pipe -isystem /home/tjq4954/.conda/envs/inhyeok/include -D_GNU_SOURCE -D_POSIX_C_SOURCE=200809L     -DNDEBUG -D_FORTIFY_SOURCE=2 -O2 -isystem /home/tjq4954/.conda/envs/inhyeok/include  -Wl,-O2 -Wl,--sort-common -Wl,--as-needed -Wl,-z,relro -Wl,-z,now -Wl,--disable-new-dtags -Wl,--gc-sections -Wl,--allow-shlib-undefined -Wl,-rpath,/home/tjq4954/.conda/envs/inhyeok/lib -Wl,-rpath-link,/home/tjq4954/.conda/envs/inhyeok/lib -L/home/tjq4954/.conda/envs/inhyeok/lib conftest.c -lz -ldl -lm  >&5
configure:31483: $? = 0
configure:31483: result: yes
configure:31489: checking for flock
configure:31489: /home/tjq4954/.conda/envs/inhyeok/bin/x86_64-conda-linux-gnu-cc -o conftest  -std=c99  -Wall -Wcast-qual -Wconversion -Wextra -Wfloat-equal -Wformat=2 -Winit-self -Winvalid-pch -Wmissing-include-dirs -Wshadow -Wundef -Wwrite-strings -pedantic -Wno-c++-compat -Wlarger-than=2560 -Wlogical-op -Wframe-larger-than=16384 -Wpacked-bitfield-compat -Wsync-nand -Wno-unsuffixed-float-constants -Wdouble-promotion -Wtrampolines -Wstack-usage=8192 -Wmaybe-uninitialized -Wdate-time -Warray-bounds=2 -Wc99-c11-compat -Wduplicated-cond -Whsa -Wnormalized -Wnull-dereference -Wunused-const-variable -Walloca -Walloc-zero -Wduplicated-branches -Wformat-overflow=2 -Wformat-truncation=1 -Wattribute-alias -Wcast-align=strict -Wshift-overflow=2 -Wattribute-alias=2 -Wmissing-profile -Wc11-c2x-compat -fstdarg-opt   -march=nocona -mtune=haswell -ftree-vectorize -fPIC -fstack-protector-strong -fno-plt -O2 -ffunction-sections -pipe -isystem /home/tjq4954/.conda/envs/inhyeok/include -D_GNU_SOURCE -D_POSIX_C_SOURCE=200809L     -DNDEBUG -D_FORTIFY_SOURCE=2 -O2 -isystem /home/tjq4954/.conda/envs/inhyeok/include  -Wl,-O2 -Wl,--sort-common -Wl,--as-needed -Wl,-z,relro -Wl,-z,now -Wl,--disable-new-dtags -Wl,--gc-sections -Wl,--allow-shlib-undefined -Wl,-rpath,/home/tjq4954/.conda/envs/inhyeok/lib -Wl,-rpath-link,/home/tjq4954/.conda/envs/inhyeok/lib -L/home/tjq4954/.conda/envs/inhyeok/lib conftest.c -lz -ldl -lm  >&5
configure:31489: $? = 0
configure:31489: result: yes
configure:31495: checking for fork
configure:31495: /home/tjq4954/.conda/envs/inhyeok/bin/x86_64-conda-linux-gnu-cc -o conftest  -std=c99  -Wall -Wcast-qual -Wconversion -Wextra -Wfloat-equal -Wformat=2 -Winit-self -Winvalid-pch -Wmissing-include-dirs -Wshadow -Wundef -Wwrite-strings -pedantic -Wno-c++-compat -Wlarger-than=2560 -Wlogical-op -Wframe-larger-than=16384 -Wpacked-bitfield-compat -Wsync-nand -Wno-unsuffixed-float-constants -Wdouble-promotion -Wtrampolines -Wstack-usage=8192 -Wmaybe-uninitialized -Wdate-time -Warray-bounds=2 -Wc99-c11-compat -Wduplicated-cond -Whsa -Wnormalized -Wnull-dereference -Wunused-const-variable -Walloca -Walloc-zero -Wduplicated-branches -Wformat-overflow=2 -Wformat-truncation=1 -Wattribute-alias -Wcast-align=strict -Wshift-overflow=2 -Wattribute-alias=2 -Wmissing-profile -Wc11-c2x-compat -fstdarg-opt   -march=nocona -mtune=haswell -ftree-vectorize -fPIC -fstack-protector-strong -fno-plt -O2 -ffunction-sections -pipe -isystem /home/tjq4954/.conda/envs/inhyeok/include -D_GNU_SOURCE -D_POSIX_C_SOURCE=200809L     -DNDEBUG -D_FORTIFY_SOURCE=2 -O2 -isystem /home/tjq4954/.conda/envs/inhyeok/include  -Wl,-O2 -Wl,--sort-common -Wl,--as-needed -Wl,-z,relro -Wl,-z,now -Wl,--disable-new-dtags -Wl,--gc-sections -Wl,--allow-shlib-undefined -Wl,-rpath,/home/tjq4954/.conda/envs/inhyeok/lib -Wl,-rpath-link,/home/tjq4954/.conda/envs/inhyeok/lib -L/home/tjq4954/.conda/envs/inhyeok/lib conftest.c -lz -ldl -lm  >&5
configure:31495: $? = 0
configure:31495: result: yes
configure:31502: checking for gethostname
configure:31502: /home/tjq4954/.conda/envs/inhyeok/bin/x86_64-conda-linux-gnu-cc -o conftest  -std=c99  -Wall -Wcast-qual -Wconversion -Wextra -Wfloat-equal -Wformat=2 -Winit-self -Winvalid-pch -Wmissing-include-dirs -Wshadow -Wundef -Wwrite-strings -pedantic -Wno-c++-compat -Wlarger-than=2560 -Wlogical-op -Wframe-larger-than=16384 -Wpacked-bitfield-compat -Wsync-nand -Wno-unsuffixed-float-constants -Wdouble-promotion -Wtrampolines -Wstack-usage=8192 -Wmaybe-uninitialized -Wdate-time -Warray-bounds=2 -Wc99-c11-compat -Wduplicated-cond -Whsa -Wnormalized -Wnull-dereference -Wunused-const-variable -Walloca -Walloc-zero -Wduplicated-branches -Wformat-overflow=2 -Wformat-truncation=1 -Wattribute-alias -Wcast-align=strict -Wshift-overflow=2 -Wattribute-alias=2 -Wmissing-profile -Wc11-c2x-compat -fstdarg-opt   -march=nocona -mtune=haswell -ftree-vectorize -fPIC -fstack-protector-strong -fno-plt -O2 -ffunction-sections -pipe -isystem /home/tjq4954/.conda/envs/inhyeok/include -D_GNU_SOURCE -D_POSIX_C_SOURCE=200809L     -DNDEBUG -D_FORTIFY_SOURCE=2 -O2 -isystem /home/tjq4954/.conda/envs/inhyeok/include  -Wl,-O2 -Wl,--sort-common -Wl,--as-needed -Wl,-z,relro -Wl,-z,now -Wl,--disable-new-dtags -Wl,--gc-sections -Wl,--allow-shlib-undefined -Wl,-rpath,/home/tjq4954/.conda/envs/inhyeok/lib -Wl,-rpath-link,/home/tjq4954/.conda/envs/inhyeok/lib -L/home/tjq4954/.conda/envs/inhyeok/lib conftest.c -lz -ldl -lm  >&5
configure:31502: $? = 0
configure:31502: result: yes
configure:31508: checking for getrusage
configure:31508: /home/tjq4954/.conda/envs/inhyeok/bin/x86_64-conda-linux-gnu-cc -o conftest  -std=c99  -Wall -Wcast-qual -Wconversion -Wextra -Wfloat-equal -Wformat=2 -Winit-self -Winvalid-pch -Wmissing-include-dirs -Wshadow -Wundef -Wwrite-strings -pedantic -Wno-c++-compat -Wlarger-than=2560 -Wlogical-op -Wframe-larger-than=16384 -Wpacked-bitfield-compat -Wsync-nand -Wno-unsuffixed-float-constants -Wdouble-promotion -Wtrampolines -Wstack-usage=8192 -Wmaybe-uninitialized -Wdate-time -Warray-bounds=2 -Wc99-c11-compat -Wduplicated-cond -Whsa -Wnormalized -Wnull-dereference -Wunused-const-variable -Walloca -Walloc-zero -Wduplicated-branches -Wformat-overflow=2 -Wformat-truncation=1 -Wattribute-alias -Wcast-align=strict -Wshift-overflow=2 -Wattribute-alias=2 -Wmissing-profile -Wc11-c2x-compat -fstdarg-opt   -march=nocona -mtune=haswell -ftree-vectorize -fPIC -fstack-protector-strong -fno-plt -O2 -ffunction-sections -pipe -isystem /home/tjq4954/.conda/envs/inhyeok/include -D_GNU_SOURCE -D_POSIX_C_SOURCE=200809L     -DNDEBUG -D_FORTIFY_SOURCE=2 -O2 -isystem /home/tjq4954/.conda/envs/inhyeok/include  -Wl,-O2 -Wl,--sort-common -Wl,--as-needed -Wl,-z,relro -Wl,-z,now -Wl,--disable-new-dtags -Wl,--gc-sections -Wl,--allow-shlib-undefined -Wl,-rpath,/home/tjq4954/.conda/envs/inhyeok/lib -Wl,-rpath-link,/home/tjq4954/.conda/envs/inhyeok/lib -L/home/tjq4954/.conda/envs/inhyeok/lib conftest.c -lz -ldl -lm  >&5
configure:31508: $? = 0
configure:31508: result: yes
configure:31514: checking for gettimeofday
configure:31514: /home/tjq4954/.conda/envs/inhyeok/bin/x86_64-conda-linux-gnu-cc -o conftest  -std=c99  -Wall -Wcast-qual -Wconversion -Wextra -Wfloat-equal -Wformat=2 -Winit-self -Winvalid-pch -Wmissing-include-dirs -Wshadow -Wundef -Wwrite-strings -pedantic -Wno-c++-compat -Wlarger-than=2560 -Wlogical-op -Wframe-larger-than=16384 -Wpacked-bitfield-compat -Wsync-nand -Wno-unsuffixed-float-constants -Wdouble-promotion -Wtrampolines -Wstack-usage=8192 -Wmaybe-uninitialized -Wdate-time -Warray-bounds=2 -Wc99-c11-compat -Wduplicated-cond -Whsa -Wnormalized -Wnull-dereference -Wunused-const-variable -Walloca -Walloc-zero -Wduplicated-branches -Wformat-overflow=2 -Wformat-truncation=1 -Wattribute-alias -Wcast-align=strict -Wshift-overflow=2 -Wattribute-alias=2 -Wmissing-profile -Wc11-c2x-compat -fstdarg-opt   -march=nocona -mtune=haswell -ftree-vectorize -fPIC -fstack-protector-strong -fno-plt -O2 -ffunction-sections -pipe -isystem /home/tjq4954/.conda/envs/inhyeok/include -D_GNU_SOURCE -D_POSIX_C_SOURCE=200809L     -DNDEBUG -D_FORTIFY_SOURCE=2 -O2 -isystem /home/tjq4954/.conda/envs/inhyeok/include  -Wl,-O2 -Wl,--sort-common -Wl,--as-needed -Wl,-z,relro -Wl,-z,now -Wl,--disable-new-dtags -Wl,--gc-sections -Wl,--allow-shlib-undefined -Wl,-rpath,/home/tjq4954/.conda/envs/inhyeok/lib -Wl,-rpath-link,/home/tjq4954/.conda/envs/inhyeok/lib -L/home/tjq4954/.conda/envs/inhyeok/lib conftest.c -lz -ldl -lm  >&5
configure:31514: $? = 0
configure:31514: result: yes
configure:31521: checking for rand_r
configure:31521: /home/tjq4954/.conda/envs/inhyeok/bin/x86_64-conda-linux-gnu-cc -o conftest  -std=c99  -Wall -Wcast-qual -Wconversion -Wextra -Wfloat-equal -Wformat=2 -Winit-self -Winvalid-pch -Wmissing-include-dirs -Wshadow -Wundef -Wwrite-strings -pedantic -Wno-c++-compat -Wlarger-than=2560 -Wlogical-op -Wframe-larger-than=16384 -Wpacked-bitfield-compat -Wsync-nand -Wno-unsuffixed-float-constants -Wdouble-promotion -Wtrampolines -Wstack-usage=8192 -Wmaybe-uninitialized -Wdate-time -Warray-bounds=2 -Wc99-c11-compat -Wduplicated-cond -Whsa -Wnormalized -Wnull-dereference -Wunused-const-variable -Walloca -Walloc-zero -Wduplicated-branches -Wformat-overflow=2 -Wformat-truncation=1 -Wattribute-alias -Wcast-align=strict -Wshift-overflow=2 -Wattribute-alias=2 -Wmissing-profile -Wc11-c2x-compat -fstdarg-opt   -march=nocona -mtune=haswell -ftree-vectorize -fPIC -fstack-protector-strong -fno-plt -O2 -ffunction-sections -pipe -isystem /home/tjq4954/.conda/envs/inhyeok/include -D_GNU_SOURCE -D_POSIX_C_SOURCE=200809L     -DNDEBUG -D_FORTIFY_SOURCE=2 -O2 -isystem /home/tjq4954/.conda/envs/inhyeok/include  -Wl,-O2 -Wl,--sort-common -Wl,--as-needed -Wl,-z,relro -Wl,-z,now -Wl,--disable-new-dtags -Wl,--gc-sections -Wl,--allow-shlib-undefined -Wl,-rpath,/home/tjq4954/.conda/envs/inhyeok/lib -Wl,-rpath-link,/home/tjq4954/.conda/envs/inhyeok/lib -L/home/tjq4954/.conda/envs/inhyeok/lib conftest.c -lz -ldl -lm  >&5
configure:31521: $? = 0
configure:31521: result: yes
configure:31527: checking for random
configure:31527: /home/tjq4954/.conda/envs/inhyeok/bin/x86_64-conda-linux-gnu-cc -o conftest  -std=c99  -Wall -Wcast-qual -Wconversion -Wextra -Wfloat-equal -Wformat=2 -Winit-self -Winvalid-pch -Wmissing-include-dirs -Wshadow -Wundef -Wwrite-strings -pedantic -Wno-c++-compat -Wlarger-than=2560 -Wlogical-op -Wframe-larger-than=16384 -Wpacked-bitfield-compat -Wsync-nand -Wno-unsuffixed-float-constants -Wdouble-promotion -Wtrampolines -Wstack-usage=8192 -Wmaybe-uninitialized -Wdate-time -Warray-bounds=2 -Wc99-c11-compat -Wduplicated-cond -Whsa -Wnormalized -Wnull-dereference -Wunused-const-variable -Walloca -Walloc-zero -Wduplicated-branches -Wformat-overflow=2 -Wformat-truncation=1 -Wattribute-alias -Wcast-align=strict -Wshift-overflow=2 -Wattribute-alias=2 -Wmissing-profile -Wc11-c2x-compat -fstdarg-opt   -march=nocona -mtune=haswell -ftree-vectorize -fPIC -fstack-protector-strong -fno-plt -O2 -ffunction-sections -pipe -isystem /home/tjq4954/.conda/envs/inhyeok/include -D_GNU_SOURCE -D_POSIX_C_SOURCE=200809L     -DNDEBUG -D_FORTIFY_SOURCE=2 -O2 -isystem /home/tjq4954/.conda/envs/inhyeok/include  -Wl,-O2 -Wl,--sort-common -Wl,--as-needed -Wl,-z,relro -Wl,-z,now -Wl,--disable-new-dtags -Wl,--gc-sections -Wl,--allow-shlib-undefined -Wl,-rpath,/home/tjq4954/.conda/envs/inhyeok/lib -Wl,-rpath-link,/home/tjq4954/.conda/envs/inhyeok/lib -L/home/tjq4954/.conda/envs/inhyeok/lib conftest.c -lz -ldl -lm  >&5
configure:31527: $? = 0
configure:31527: result: yes
configure:31534: checking for strcasestr
configure:31534: /home/tjq4954/.conda/envs/inhyeok/bin/x86_64-conda-linux-gnu-cc -o conftest  -std=c99  -Wall -Wcast-qual -Wconversion -Wextra -Wfloat-equal -Wformat=2 -Winit-self -Winvalid-pch -Wmissing-include-dirs -Wshadow -Wundef -Wwrite-strings -pedantic -Wno-c++-compat -Wlarger-than=2560 -Wlogical-op -Wframe-larger-than=16384 -Wpacked-bitfield-compat -Wsync-nand -Wno-unsuffixed-float-constants -Wdouble-promotion -Wtrampolines -Wstack-usage=8192 -Wmaybe-uninitialized -Wdate-time -Warray-bounds=2 -Wc99-c11-compat -Wduplicated-cond -Whsa -Wnormalized -Wnull-dereference -Wunused-const-variable -Walloca -Walloc-zero -Wduplicated-branches -Wformat-overflow=2 -Wformat-truncation=1 -Wattribute-alias -Wcast-align=strict -Wshift-overflow=2 -Wattribute-alias=2 -Wmissing-profile -Wc11-c2x-compat -fstdarg-opt   -march=nocona -mtune=haswell -ftree-vectorize -fPIC -fstack-protector-strong -fno-plt -O2 -ffunction-sections -pipe -isystem /home/tjq4954/.conda/envs/inhyeok/include -D_GNU_SOURCE -D_POSIX_C_SOURCE=200809L     -DNDEBUG -D_FORTIFY_SOURCE=2 -O2 -isystem /home/tjq4954/.conda/envs/inhyeok/include  -Wl,-O2 -Wl,--sort-common -Wl,--as-needed -Wl,-z,relro -Wl,-z,now -Wl,--disable-new-dtags -Wl,--gc-sections -Wl,--allow-shlib-undefined -Wl,-rpath,/home/tjq4954/.conda/envs/inhyeok/lib -Wl,-rpath-link,/home/tjq4954/.conda/envs/inhyeok/lib -L/home/tjq4954/.conda/envs/inhyeok/lib conftest.c -lz -ldl -lm  >&5
configure:31534: $? = 0
configure:31534: result: yes
configure:31540: checking for strdup
configure:31540: /home/tjq4954/.conda/envs/inhyeok/bin/x86_64-conda-linux-gnu-cc -o conftest  -std=c99  -Wall -Wcast-qual -Wconversion -Wextra -Wfloat-equal -Wformat=2 -Winit-self -Winvalid-pch -Wmissing-include-dirs -Wshadow -Wundef -Wwrite-strings -pedantic -Wno-c++-compat -Wlarger-than=2560 -Wlogical-op -Wframe-larger-than=16384 -Wpacked-bitfield-compat -Wsync-nand -Wno-unsuffixed-float-constants -Wdouble-promotion -Wtrampolines -Wstack-usage=8192 -Wmaybe-uninitialized -Wdate-time -Warray-bounds=2 -Wc99-c11-compat -Wduplicated-cond -Whsa -Wnormalized -Wnull-dereference -Wunused-const-variable -Walloca -Walloc-zero -Wduplicated-branches -Wformat-overflow=2 -Wformat-truncation=1 -Wattribute-alias -Wcast-align=strict -Wshift-overflow=2 -Wattribute-alias=2 -Wmissing-profile -Wc11-c2x-compat -fstdarg-opt   -march=nocona -mtune=haswell -ftree-vectorize -fPIC -fstack-protector-strong -fno-plt -O2 -ffunction-sections -pipe -isystem /home/tjq4954/.conda/envs/inhyeok/include -D_GNU_SOURCE -D_POSIX_C_SOURCE=200809L     -DNDEBUG -D_FORTIFY_SOURCE=2 -O2 -isystem /home/tjq4954/.conda/envs/inhyeok/include  -Wl,-O2 -Wl,--sort-common -Wl,--as-needed -Wl,-z,relro -Wl,-z,now -Wl,--disable-new-dtags -Wl,--gc-sections -Wl,--allow-shlib-undefined -Wl,-rpath,/home/tjq4954/.conda/envs/inhyeok/lib -Wl,-rpath-link,/home/tjq4954/.conda/envs/inhyeok/lib -L/home/tjq4954/.conda/envs/inhyeok/lib conftest.c -lz -ldl -lm  >&5
configure:31540: $? = 0
configure:31540: result: yes
configure:31546: checking for symlink
configure:31546: /home/tjq4954/.conda/envs/inhyeok/bin/x86_64-conda-linux-gnu-cc -o conftest  -std=c99  -Wall -Wcast-qual -Wconversion -Wextra -Wfloat-equal -Wformat=2 -Winit-self -Winvalid-pch -Wmissing-include-dirs -Wshadow -Wundef -Wwrite-strings -pedantic -Wno-c++-compat -Wlarger-than=2560 -Wlogical-op -Wframe-larger-than=16384 -Wpacked-bitfield-compat -Wsync-nand -Wno-unsuffixed-float-constants -Wdouble-promotion -Wtrampolines -Wstack-usage=8192 -Wmaybe-uninitialized -Wdate-time -Warray-bounds=2 -Wc99-c11-compat -Wduplicated-cond -Whsa -Wnormalized -Wnull-dereference -Wunused-const-variable -Walloca -Walloc-zero -Wduplicated-branches -Wformat-overflow=2 -Wformat-truncation=1 -Wattribute-alias -Wcast-align=strict -Wshift-overflow=2 -Wattribute-alias=2 -Wmissing-profile -Wc11-c2x-compat -fstdarg-opt   -march=nocona -mtune=haswell -ftree-vectorize -fPIC -fstack-protector-strong -fno-plt -O2 -ffunction-sections -pipe -isystem /home/tjq4954/.conda/envs/inhyeok/include -D_GNU_SOURCE -D_POSIX_C_SOURCE=200809L     -DNDEBUG -D_FORTIFY_SOURCE=2 -O2 -isystem /home/tjq4954/.conda/envs/inhyeok/include  -Wl,-O2 -Wl,--sort-common -Wl,--as-needed -Wl,-z,relro -Wl,-z,now -Wl,--disable-new-dtags -Wl,--gc-sections -Wl,--allow-shlib-undefined -Wl,-rpath,/home/tjq4954/.conda/envs/inhyeok/lib -Wl,-rpath-link,/home/tjq4954/.conda/envs/inhyeok/lib -L/home/tjq4954/.conda/envs/inhyeok/lib conftest.c -lz -ldl -lm  >&5
configure:31546: $? = 0
configure:31546: result: yes
configure:31553: checking for tmpfile
configure:31553: /home/tjq4954/.conda/envs/inhyeok/bin/x86_64-conda-linux-gnu-cc -o conftest  -std=c99  -Wall -Wcast-qual -Wconversion -Wextra -Wfloat-equal -Wformat=2 -Winit-self -Winvalid-pch -Wmissing-include-dirs -Wshadow -Wundef -Wwrite-strings -pedantic -Wno-c++-compat -Wlarger-than=2560 -Wlogical-op -Wframe-larger-than=16384 -Wpacked-bitfield-compat -Wsync-nand -Wno-unsuffixed-float-constants -Wdouble-promotion -Wtrampolines -Wstack-usage=8192 -Wmaybe-uninitialized -Wdate-time -Warray-bounds=2 -Wc99-c11-compat -Wduplicated-cond -Whsa -Wnormalized -Wnull-dereference -Wunused-const-variable -Walloca -Walloc-zero -Wduplicated-branches -Wformat-overflow=2 -Wformat-truncation=1 -Wattribute-alias -Wcast-align=strict -Wshift-overflow=2 -Wattribute-alias=2 -Wmissing-profile -Wc11-c2x-compat -fstdarg-opt   -march=nocona -mtune=haswell -ftree-vectorize -fPIC -fstack-protector-strong -fno-plt -O2 -ffunction-sections -pipe -isystem /home/tjq4954/.conda/envs/inhyeok/include -D_GNU_SOURCE -D_POSIX_C_SOURCE=200809L     -DNDEBUG -D_FORTIFY_SOURCE=2 -O2 -isystem /home/tjq4954/.conda/envs/inhyeok/include  -Wl,-O2 -Wl,--sort-common -Wl,--as-needed -Wl,-z,relro -Wl,-z,now -Wl,--disable-new-dtags -Wl,--gc-sections -Wl,--allow-shlib-undefined -Wl,-rpath,/home/tjq4954/.conda/envs/inhyeok/lib -Wl,-rpath-link,/home/tjq4954/.conda/envs/inhyeok/lib -L/home/tjq4954/.conda/envs/inhyeok/lib conftest.c -lz -ldl -lm  >&5
configure:31553: $? = 0
configure:31553: result: yes
configure:31559: checking for vasprintf
configure:31559: /home/tjq4954/.conda/envs/inhyeok/bin/x86_64-conda-linux-gnu-cc -o conftest  -std=c99  -Wall -Wcast-qual -Wconversion -Wextra -Wfloat-equal -Wformat=2 -Winit-self -Winvalid-pch -Wmissing-include-dirs -Wshadow -Wundef -Wwrite-strings -pedantic -Wno-c++-compat -Wlarger-than=2560 -Wlogical-op -Wframe-larger-than=16384 -Wpacked-bitfield-compat -Wsync-nand -Wno-unsuffixed-float-constants -Wdouble-promotion -Wtrampolines -Wstack-usage=8192 -Wmaybe-uninitialized -Wdate-time -Warray-bounds=2 -Wc99-c11-compat -Wduplicated-cond -Whsa -Wnormalized -Wnull-dereference -Wunused-const-variable -Walloca -Walloc-zero -Wduplicated-branches -Wformat-overflow=2 -Wformat-truncation=1 -Wattribute-alias -Wcast-align=strict -Wshift-overflow=2 -Wattribute-alias=2 -Wmissing-profile -Wc11-c2x-compat -fstdarg-opt   -march=nocona -mtune=haswell -ftree-vectorize -fPIC -fstack-protector-strong -fno-plt -O2 -ffunction-sections -pipe -isystem /home/tjq4954/.conda/envs/inhyeok/include -D_GNU_SOURCE -D_POSIX_C_SOURCE=200809L     -DNDEBUG -D_FORTIFY_SOURCE=2 -O2 -isystem /home/tjq4954/.conda/envs/inhyeok/include  -Wl,-O2 -Wl,--sort-common -Wl,--as-needed -Wl,-z,relro -Wl,-z,now -Wl,--disable-new-dtags -Wl,--gc-sections -Wl,--allow-shlib-undefined -Wl,-rpath,/home/tjq4954/.conda/envs/inhyeok/lib -Wl,-rpath-link,/home/tjq4954/.conda/envs/inhyeok/lib -L/home/tjq4954/.conda/envs/inhyeok/lib conftest.c -lz -ldl -lm  >&5
configure:31559: $? = 0
configure:31559: result: yes
configure:31565: checking for waitpid
configure:31565: /home/tjq4954/.conda/envs/inhyeok/bin/x86_64-conda-linux-gnu-cc -o conftest  -std=c99  -Wall -Wcast-qual -Wconversion -Wextra -Wfloat-equal -Wformat=2 -Winit-self -Winvalid-pch -Wmissing-include-dirs -Wshadow -Wundef -Wwrite-strings -pedantic -Wno-c++-compat -Wlarger-than=2560 -Wlogical-op -Wframe-larger-than=16384 -Wpacked-bitfield-compat -Wsync-nand -Wno-unsuffixed-float-constants -Wdouble-promotion -Wtrampolines -Wstack-usage=8192 -Wmaybe-uninitialized -Wdate-time -Warray-bounds=2 -Wc99-c11-compat -Wduplicated-cond -Whsa -Wnormalized -Wnull-dereference -Wunused-const-variable -Walloca -Walloc-zero -Wduplicated-branches -Wformat-overflow=2 -Wformat-truncation=1 -Wattribute-alias -Wcast-align=strict -Wshift-overflow=2 -Wattribute-alias=2 -Wmissing-profile -Wc11-c2x-compat -fstdarg-opt   -march=nocona -mtune=haswell -ftree-vectorize -fPIC -fstack-protector-strong -fno-plt -O2 -ffunction-sections -pipe -isystem /home/tjq4954/.conda/envs/inhyeok/include -D_GNU_SOURCE -D_POSIX_C_SOURCE=200809L     -DNDEBUG -D_FORTIFY_SOURCE=2 -O2 -isystem /home/tjq4954/.conda/envs/inhyeok/include  -Wl,-O2 -Wl,--sort-common -Wl,--as-needed -Wl,-z,relro -Wl,-z,now -Wl,--disable-new-dtags -Wl,--gc-sections -Wl,--allow-shlib-undefined -Wl,-rpath,/home/tjq4954/.conda/envs/inhyeok/lib -Wl,-rpath-link,/home/tjq4954/.conda/envs/inhyeok/lib -L/home/tjq4954/.conda/envs/inhyeok/lib conftest.c -lz -ldl -lm  >&5
configure:31565: $? = 0
configure:31565: result: yes
configure:31576: checking for __attribute__ extension
configure:31597: /home/tjq4954/.conda/envs/inhyeok/bin/x86_64-conda-linux-gnu-cc -c  -std=c99  -Wall -Wcast-qual -Wconversion -Wextra -Wfloat-equal -Wformat=2 -Winit-self -Winvalid-pch -Wmissing-include-dirs -Wshadow -Wundef -Wwrite-strings -pedantic -Wno-c++-compat -Wlarger-than=2560 -Wlogical-op -Wframe-larger-than=16384 -Wpacked-bitfield-compat -Wsync-nand -Wno-unsuffixed-float-constants -Wdouble-promotion -Wtrampolines -Wstack-usage=8192 -Wmaybe-uninitialized -Wdate-time -Warray-bounds=2 -Wc99-c11-compat -Wduplicated-cond -Whsa -Wnormalized -Wnull-dereference -Wunused-const-variable -Walloca -Walloc-zero -Wduplicated-branches -Wformat-overflow=2 -Wformat-truncation=1 -Wattribute-alias -Wcast-align=strict -Wshift-overflow=2 -Wattribute-alias=2 -Wmissing-profile -Wc11-c2x-compat -fstdarg-opt   -march=nocona -mtune=haswell -ftree-vectorize -fPIC -fstack-protector-strong -fno-plt -O2 -ffunction-sections -pipe -isystem /home/tjq4954/.conda/envs/inhyeok/include -D_GNU_SOURCE -D_POSIX_C_SOURCE=200809L     -DNDEBUG -D_FORTIFY_SOURCE=2 -O2 -isystem /home/tjq4954/.conda/envs/inhyeok/include conftest.c >&5
configure:31597: $? = 0
configure:31602: result: yes
configure:31633: checking enable build diagnostics
configure:31663: result: no
configure:31680: checking enable debugging symbols
configure:31714: result: no
configure:31730: checking enable asserts
configure:31760: result: no
configure:31783: checking enable developer warnings
configure:31807: result: no
configure:31818: checking profiling
configure:31845: result: no
configure:31861: checking optimization level
configure:31894: result: high
configure:31924: checking enable file locking
configure:31946: result: best-effort
configure:31975: checking for internal debug output
configure:32019: result: none
configure:32033: checking whether function stack tracking is enabled
configure:32060: result: no
configure:32071: checking for API tracing
configure:32100: result: no
configure:32115: checking whether a memory checking tool will be used
configure:32142: result: no
configure:32266: checking for parallel support files
configure:32271: result: skipped
configure:32655: checking parallel tools
configure:32675: result: no
configure:32924: checking if the map API (H5M) is enabled
configure:32943: result: no
configure:32960: checking if the subfiling I/O virtual file driver (VFD) is enabled
configure:33205: result: no
configure:33250: checking whether O_DIRECT is declared
configure:33250: /home/tjq4954/.conda/envs/inhyeok/bin/x86_64-conda-linux-gnu-cc -c  -std=c99  -Wall -Wcast-qual -Wconversion -Wextra -Wfloat-equal -Wformat=2 -Winit-self -Winvalid-pch -Wmissing-include-dirs -Wshadow -Wundef -Wwrite-strings -pedantic -Wno-c++-compat -Wlarger-than=2560 -Wlogical-op -Wframe-larger-than=16384 -Wpacked-bitfield-compat -Wsync-nand -Wno-unsuffixed-float-constants -Wdouble-promotion -Wtrampolines -Wstack-usage=8192 -Wmaybe-uninitialized -Wdate-time -Warray-bounds=2 -Wc99-c11-compat -Wduplicated-cond -Whsa -Wnormalized -Wnull-dereference -Wunused-const-variable -Walloca -Walloc-zero -Wduplicated-branches -Wformat-overflow=2 -Wformat-truncation=1 -Wattribute-alias -Wcast-align=strict -Wshift-overflow=2 -Wattribute-alias=2 -Wmissing-profile -Wc11-c2x-compat -fstdarg-opt   -march=nocona -mtune=haswell -ftree-vectorize -fPIC -fstack-protector-strong -fno-plt -O2 -ffunction-sections -pipe -isystem /home/tjq4954/.conda/envs/inhyeok/include  -D_GNU_SOURCE -D_POSIX_C_SOURCE=200809L     -DNDEBUG -D_FORTIFY_SOURCE=2 -O2 -isystem /home/tjq4954/.conda/envs/inhyeok/include conftest.c >&5
configure:33250: $? = 0
configure:33250: result: yes
configure:33264: checking for posix_memalign
configure:33264: /home/tjq4954/.conda/envs/inhyeok/bin/x86_64-conda-linux-gnu-cc -o conftest  -std=c99  -Wall -Wcast-qual -Wconversion -Wextra -Wfloat-equal -Wformat=2 -Winit-self -Winvalid-pch -Wmissing-include-dirs -Wshadow -Wundef -Wwrite-strings -pedantic -Wno-c++-compat -Wlarger-than=2560 -Wlogical-op -Wframe-larger-than=16384 -Wpacked-bitfield-compat -Wsync-nand -Wno-unsuffixed-float-constants -Wdouble-promotion -Wtrampolines -Wstack-usage=8192 -Wmaybe-uninitialized -Wdate-time -Warray-bounds=2 -Wc99-c11-compat -Wduplicated-cond -Whsa -Wnormalized -Wnull-dereference -Wunused-const-variable -Walloca -Walloc-zero -Wduplicated-branches -Wformat-overflow=2 -Wformat-truncation=1 -Wattribute-alias -Wcast-align=strict -Wshift-overflow=2 -Wattribute-alias=2 -Wmissing-profile -Wc11-c2x-compat -fstdarg-opt   -march=nocona -mtune=haswell -ftree-vectorize -fPIC -fstack-protector-strong -fno-plt -O2 -ffunction-sections -pipe -isystem /home/tjq4954/.conda/envs/inhyeok/include -D_GNU_SOURCE -D_POSIX_C_SOURCE=200809L     -DNDEBUG -D_FORTIFY_SOURCE=2 -O2 -isystem /home/tjq4954/.conda/envs/inhyeok/include  -Wl,-O2 -Wl,--sort-common -Wl,--as-needed -Wl,-z,relro -Wl,-z,now -Wl,--disable-new-dtags -Wl,--gc-sections -Wl,--allow-shlib-undefined -Wl,-rpath,/home/tjq4954/.conda/envs/inhyeok/lib -Wl,-rpath-link,/home/tjq4954/.conda/envs/inhyeok/lib -L/home/tjq4954/.conda/envs/inhyeok/lib conftest.c -lz -ldl -lm  >&5
configure:33264: $? = 0
configure:33264: result: yes
configure:33275: checking if the direct I/O virtual file driver (VFD) is enabled
configure:33304: result: no
configure:33412: checking if the Mirror virtual file driver (VFD) is enabled
configure:33414: result: no
configure:33622: checking if the Read-Only S3 virtual file driver (VFD) is enabled
configure:33624: result: no
configure:33660: checking for libhdfs
configure:33662: result: suppressed
configure:33937: checking for custom examples path definition
configure:33954: result: ${prefix}/share/hdf5_examples
configure:33967: checking for custom plugin default path definition
configure:33984: result: /usr/local/hdf5/lib/plugin
configure:33999: checking whether exception handling functions is checked during data conversions
configure:34011: result: yes
configure:34027: checking whether data accuracy is guaranteed during data conversions
configure:34039: result: yes
configure:34055: checking if the machine has window style path name
configure:34067: result: no
configure:34082: checking if using special algorithm to convert long double to (unsigned) long values
configure:34107: /home/tjq4954/.conda/envs/inhyeok/bin/x86_64-conda-linux-gnu-cc -o conftest  -std=c99  -Wall -Wcast-qual -Wconversion -Wextra -Wfloat-equal -Wformat=2 -Winit-self -Winvalid-pch -Wmissing-include-dirs -Wshadow -Wundef -Wwrite-strings -pedantic -Wno-c++-compat -Wlarger-than=2560 -Wlogical-op -Wframe-larger-than=16384 -Wpacked-bitfield-compat -Wsync-nand -Wno-unsuffixed-float-constants -Wdouble-promotion -Wtrampolines -Wstack-usage=8192 -Wmaybe-uninitialized -Wdate-time -Warray-bounds=2 -Wc99-c11-compat -Wduplicated-cond -Whsa -Wnormalized -Wnull-dereference -Wunused-const-variable -Walloca -Walloc-zero -Wduplicated-branches -Wformat-overflow=2 -Wformat-truncation=1 -Wattribute-alias -Wcast-align=strict -Wshift-overflow=2 -Wattribute-alias=2 -Wmissing-profile -Wc11-c2x-compat -fstdarg-opt   -march=nocona -mtune=haswell -ftree-vectorize -fPIC -fstack-protector-strong -fno-plt -O2 -ffunction-sections -pipe -isystem /home/tjq4954/.conda/envs/inhyeok/include -D_GNU_SOURCE -D_POSIX_C_SOURCE=200809L     -DNDEBUG -D_FORTIFY_SOURCE=2 -O2 -isystem /home/tjq4954/.conda/envs/inhyeok/include  -Wl,-O2 -Wl,--sort-common -Wl,--as-needed -Wl,-z,relro -Wl,-z,now -Wl,--disable-new-dtags -Wl,--gc-sections -Wl,--allow-shlib-undefined -Wl,-rpath,/home/tjq4954/.conda/envs/inhyeok/lib -Wl,-rpath-link,/home/tjq4954/.conda/envs/inhyeok/lib -L/home/tjq4954/.conda/envs/inhyeok/lib conftest.c -lz -ldl -lm  >&5
conftest.c: In function 'main':
conftest.c:198:1: warning: label 'done' defined but not used [-Wunused-label]
  198 | done:
      | ^~~~
configure:34107: $? = 0
configure:34107: ./conftest
configure:34107: $? = 1
configure: program exited with status 1
configure: failed program was:
| /* confdefs.h */
| #define PACKAGE_NAME "HDF5"
| #define PACKAGE_TARNAME "hdf5"
| #define PACKAGE_VERSION "1.14.3"
| #define PACKAGE_STRING "HDF5 1.14.3"
| #define PACKAGE_BUGREPORT "help@hdfgroup.org"
| #define PACKAGE_URL ""
| #define PACKAGE "hdf5"
| #define VERSION "1.14.3"
| #define HAVE_STDIO_H 1
| #define HAVE_STDLIB_H 1
| #define HAVE_STRING_H 1
| #define HAVE_INTTYPES_H 1
| #define HAVE_STDINT_H 1
| #define HAVE_STRINGS_H 1
| #define HAVE_SYS_STAT_H 1
| #define HAVE_SYS_TYPES_H 1
| #define HAVE_UNISTD_H 1
| #define STDC_HEADERS 1
| #define SIZEOF_CHAR 1
| #define SIZEOF_SHORT 2
| #define SIZEOF_INT 4
| #define SIZEOF_UNSIGNED 4
| #define SIZEOF_LONG 8
| #define SIZEOF_LONG_LONG 8
| #define SIZEOF_FLOAT 4
| #define SIZEOF_DOUBLE 8
| #define SIZEOF_LONG_DOUBLE 16
| #define INCLUDE_HL 1
| #define TEST_EXPRESS_LEVEL_DEFAULT 3
| #define HAVE_DLFCN_H 1
| #define LT_OBJDIR ".libs/"
| #define HAVE_LIBM 1
| #define HAVE_LIBDL 1
| #define HAVE_DIRENT_H 1
| #define HAVE_FEATURES_H 1
| #define HAVE_PWD_H 1
| #define HAVE_UNISTD_H 1
| #define HAVE_SYS_FILE_H 1
| #define HAVE_SYS_IOCTL_H 1
| #define HAVE_SYS_RESOURCE_H 1
| #define HAVE_SYS_STAT_H 1
| #define HAVE_SYS_TIME_H 1
| #define HAVE_SYS_TYPES_H 1
| #define HAVE_ARPA_INET_H 1
| #define HAVE_NETDB_H 1
| #define HAVE_NETINET_IN_H 1
| #define HAVE_SYS_SOCKET_H 1
| #define SIZEOF_INT8_T 1
| #define SIZEOF_UINT8_T 1
| #define SIZEOF_INT_LEAST8_T 1
| #define SIZEOF_UINT_LEAST8_T 1
| #define SIZEOF_INT_FAST8_T 1
| #define SIZEOF_UINT_FAST8_T 1
| #define SIZEOF_INT16_T 2
| #define SIZEOF_UINT16_T 2
| #define SIZEOF_INT_LEAST16_T 2
| #define SIZEOF_UINT_LEAST16_T 2
| #define SIZEOF_INT_FAST16_T 8
| #define SIZEOF_UINT_FAST16_T 8
| #define SIZEOF_INT32_T 4
| #define SIZEOF_UINT32_T 4
| #define SIZEOF_INT_LEAST32_T 4
| #define SIZEOF_UINT_LEAST32_T 4
| #define SIZEOF_INT_FAST32_T 8
| #define SIZEOF_UINT_FAST32_T 8
| #define SIZEOF_INT64_T 8
| #define SIZEOF_UINT64_T 8
| #define SIZEOF_INT_LEAST64_T 8
| #define SIZEOF_UINT_LEAST64_T 8
| #define SIZEOF_INT_FAST64_T 8
| #define SIZEOF_UINT_FAST64_T 8
| #define SIZEOF_BOOL 1
| #define SIZEOF_OFF_T 8
| #define SIZEOF_PTRDIFF_T 8
| #define SIZEOF_SIZE_T 8
| #define SIZEOF_SSIZE_T 8
| #define SIZEOF_TIME_T 8
| #define DEV_T_IS_SCALAR 1
| #define HAVE_ZLIB_H 1
| #define HAVE_LIBZ 1
| #define HAVE_FILTER_DEFLATE 1
| #define HAVE_TM_GMTOFF 1
| #define HAVE_TIMEZONE 1
| #define HAVE_STAT_ST_BLOCKS 1
| #define HAVE_IOCTL 1
| #define HAVE_TIOCGWINSZ 1
| #define HAVE_TIOCGETD 1
| #define HAVE_ALARM 1
| #define HAVE_ASPRINTF 1
| #define HAVE_CLOCK_GETTIME 1
| #define HAVE_FCNTL 1
| #define HAVE_FLOCK 1
| #define HAVE_FORK 1
| #define HAVE_GETHOSTNAME 1
| #define HAVE_GETRUSAGE 1
| #define HAVE_GETTIMEOFDAY 1
| #define HAVE_RAND_R 1
| #define HAVE_RANDOM 1
| #define HAVE_STRCASESTR 1
| #define HAVE_STRDUP 1
| #define HAVE_SYMLINK 1
| #define HAVE_TMPFILE 1
| #define HAVE_VASPRINTF 1
| #define HAVE_WAITPID 1
| #define HAVE_ATTRIBUTE 1
| #define USE_FILE_LOCKING 1
| #define IGNORE_DISABLED_FILE_LOCKS 1
| #define EXAMPLESDIR "${prefix}/share/hdf5_examples"
| #define DEFAULT_PLUGINDIR "/usr/local/hdf5/lib/plugin"
| #define WANT_DCONV_EXCEPTION 1
| #define WANT_DATA_ACCURACY 1
| /* end confdefs.h.  */
| #define H5_LDOUBLE_TO_LONG_SPECIAL_TEST 1
| /* * * * * * * * * * * * * * * * * * * * * * * * * * * * * * * * * * * * * * *
|  * Copyright by The HDF Group.                                               *
|  * All rights reserved.                                                      *
|  *                                                                           *
|  * This file is part of HDF5.  The full HDF5 copyright notice, including     *
|  * terms governing use, modification, and redistribution, is contained in    *
|  * the COPYING file, which can be found at the root of the source code       *
|  * distribution tree, or in https://www.hdfgroup.org/licenses.               *
|  * If you do not have access to either file, you may request a copy from     *
|  * help@hdfgroup.org.                                                        *
|  * * * * * * * * * * * * * * * * * * * * * * * * * * * * * * * * * * * * * * */
| 
| #if defined(__has_attribute)
| #   if __has_attribute(no_sanitize)
| #       define HDF_NO_UBSAN __attribute__((no_sanitize("undefined")))
| #   else
| #       define HDF_NO_UBSAN
| #   endif
| #else
| #   define HDF_NO_UBSAN
| #endif
| 
| #ifdef H5_LDOUBLE_TO_LONG_SPECIAL_TEST
| 
| #include <string.h>
| #include <stdlib.h>
| 
| int HDF_NO_UBSAN main(void)
| {
|     long double         ld = 20041683600089727.779961L;
|     long                ll;
|     unsigned long       ull;
|     unsigned char       s[16];
|     unsigned char       s2[8];
|     int                 ret = 1;
| 
|     if (sizeof(long double) == 16 && sizeof(long) == 8) {
|         /* Make sure the long double type has 16 bytes in size and
|          * 11 bits of exponent.  If it is, the bit sequence should be
|          * like below.  It's not a decent way to check but this info
|          * isn't available.
|          */
|         memcpy(s, &ld, 16);
|         if (s[0]==0x43 && s[1]==0x51 && s[2]==0xcc && s[3]==0xf3 &&
|             s[4]==0x85 && s[5]==0xeb && s[6]==0xc8 && s[7]==0xa0 &&
|             s[8]==0xbf && s[9]==0xcc && s[10]==0x2a && s[11]==0x3c) {
| 
|             /* Assign the hexadecimal value of long double type. */
|             s[0]=0x43; s[1]=0x51; s[2]=0xcc; s[3]=0xf3;
|             s[4]=0x85; s[5]=0xeb; s[6]=0xc8; s[7]=0xa0;
|             s[8]=0xbf; s[9]=0xcc; s[10]=0x2a; s[11]=0x3c;
|             s[12]=0x3d; s[13]=0x85; s[14]=0x56; s[15]=0x20;
| 
|             memcpy(&ld, s, 16);
| 
|             ll = (long)ld;
|             memcpy(s2, &ll, 8);
| 
|             /* The library's algorithm converts it to 0x00 47 33 ce 17 af 22 82
|              * and gets wrong value 20041683600089730 on Linux on IBM Power
|              * architecture.
|              *
|              * But Linux on IBM Power converts it to 0x00 47 33 ce 17 af 22 7f
|              * and gets the correct value 20041683600089727.  It uses some special
|              * algorithm.  We're going to define the macro and skip the test until
|              * we can figure out how they do it.
|              */
|             if (s2[0]==0x00 && s2[1]==0x47 && s2[2]==0x33 && s2[3]==0xce &&
|                 s2[4]==0x17 && s2[5]==0xaf && s2[6]==0x22 && s2[7]==0x7f)
| 
|                 ret = 0;
| 
|             ull = (unsigned long)ld;
|             memcpy(s2, &ull, 8);
| 
|             /* The unsigned long is the same as signed long */
|             if(s2[0]==0x00 && s2[1]==0x47 && s2[2]==0x33 && s2[3]==0xce &&
|                s2[4]==0x17 && s2[5]==0xaf && s2[6]==0x22 && s2[7]==0x7f)
| 
|                 ret = 0;
|         }
|     }
| 
| done:
|     exit(ret);
| }
| 
| #endif
| 
| #ifdef H5_LONG_TO_LDOUBLE_SPECIAL_TEST
| 
| #include <string.h>
| #include <stdlib.h>
| 
| int HDF_NO_UBSAN main(void)
| {
|     long double         ld;
|     long                ll;
|     unsigned long       ull;
|     unsigned char       s[16];
|     int                 flag=0, ret=1;
| 
|     /* Determine if long double has 16 byte in size, 11 bit exponent, and
|      * the bias is 0x3ff
|      */
|     if (sizeof(long double) == 16) {
|         ld = 1.0L;
|         memcpy(s, &ld, 16);
| 
|         if (s[0]==0x3f && s[1]==0xf0 && s[2]==0x00 && s[3]==0x00 &&
|             s[4]==0x00 && s[5]==0x00 && s[6]==0x00 && s[7]==0x00)
| 
|             flag = 1;
|     }
| 
|     if (flag==1 && sizeof(long)==8) {
|         ll = 0x003fffffffffffffL;
|         ld = (long double)ll;
|         memcpy(s, &ld, 16);
| 
|         /* The library converts the value to 0x434fffffffffffff8000000000000000.
|          * In decimal it is 18014398509481982.000000, one value short of the original.
|          *
|          * Linux on IBM Power architecture converts it to
|          * 0x4350000000000000bff0000000000000. The value is correct in decimal.
|          * It uses some special algorithm.  We're going to define the macro and
|          * skip the test until we can figure out how they do it.
|          */
|         if (s[0]==0x43 && s[1]==0x50 && s[2]==0x00 && s[3]==0x00 &&
|             s[4]==0x00 && s[5]==0x00 && s[6]==0x00 && s[7]==0x00 &&
|             s[8]==0xbf && s[9]==0xf0 && s[10]==0x00 && s[11]==0x00 &&
|             s[12]==0x00 && s[13]==0x00 && s[14]==0x00 && s[15]==0x00)
| 
|             ret = 0;
|     }
| 
|     if (flag==1 && sizeof(unsigned long)==8) {
|         ull = 0xffffffffffffffffUL;
|         ld = (long double)ull;
|         memcpy(s, &ld, 16);
| 
|         /* Use a different value from signed long to test. The problem is the
|          * same for both long and unsigned long. The value is 18446744073709551615.
|          * The library converts the value to 0x43effffffffffffffe000000000000000.
|          * In decimal it's 18446744073709548544.000000, very different from the
|          * original. Linux on IBM Power architecture converts it to
|          * 0x43f0000000000000bff0000000000000. The value is correct in decimal.
|          * It uses some special algorithm.  We're going to define the macro and
|          * skip the test until we can figure out how they do it.
|          */
|         if (s[0]==0x43 && s[1]==0xf0 && s[2]==0x00 && s[3]==0x00 &&
|             s[4]==0x00 && s[5]==0x00 && s[6]==0x00 && s[7]==0x00 &&
|             s[8]==0xbf && s[9]==0xf0 && s[10]==0x00 && s[11]==0x00 &&
|             s[12]==0x00 && s[13]==0x00 && s[14]==0x00 && s[15]==0x00)
| 
|             ret = 0;
|         }
| done:
|     exit(ret);
| }
| 
| #endif
| 
| #ifdef H5_LDOUBLE_TO_LLONG_ACCURATE_TEST
| 
| #include <string.h>
| #include <stdlib.h>
| 
| int HDF_NO_UBSAN main(void)
| {
|     long double         ld = 20041683600089727.779961L;
|     long long           ll;
|     unsigned long long  ull;
|     unsigned char       s[16];
|     int                 ret = 0;
| 
|     if (sizeof(long double) == 16) {
|         /* Make sure the long double type is the same as the failing type
|          * which has 16 bytes in size and 11 bits of exponent.  If it is,
|          * the bit sequence should be like below.  It's not
|          * a decent way to check but this info isn't available.
|          */
|         memcpy(s, &ld, 16);
| 
|         if (s[0]==0x43 && s[1]==0x51 && s[2]==0xcc && s[3]==0xf3 &&
|             s[4]==0x85 && s[5]==0xeb && s[6]==0xc8 && s[7]==0xa0 &&
|             s[8]==0xbf && s[9]==0xcc && s[10]==0x2a && s[11]==0x3c) {
| 
|             /* Slightly adjust the bit sequence (s[8]=0xdf).  The converted
|              * values will go wild on Mac OS 10.4 and IRIX64 6.5.
|              */
|             s[0]=0x43; s[1]=0x51; s[2]=0xcc; s[3]=0xf3;
|             s[4]=0x85; s[5]=0xeb; s[6]=0xc8; s[7]=0xa0;
|             s[8]=0xdf; s[9]=0xcc; s[10]=0x2a; s[11]=0x3c;
|             s[12]=0x3d; s[13]=0x85; s[14]=0x56; s[15]=0x20;
| 
|             memcpy(&ld, s, 16);
|             ll = (long long)ld;
|             ull = (unsigned long long)ld;
| 
|             if (ll != 20041683600089728 || ull != 20041683600089728)
|                 ret = 1;
|         }
|     }
| done:
|     exit(ret);
| }
| #endif
| 
| #ifdef H5_LLONG_TO_LDOUBLE_CORRECT_TEST
| 
| #include <string.h>
| #include <stdlib.h>
| 
| int HDF_NO_UBSAN main(void)
| {
|     long double         ld;
|     long long           ll;
|     unsigned long long  ull;
|     unsigned char       s[16];
|     int                 flag=0, ret=0;
| 
|     /* Determine if long double has 16 byte in size, 11 bit exponent, and
|      * the bias is 0x3ff
|      */
|     if (sizeof(long double) == 16) {
|         ld = 1.0L;
|         memcpy(s, &ld, 16);
|         if (s[0]==0x3f && s[1]==0xf0 && s[2]==0x00 && s[3]==0x00 &&
|             s[4]==0x00 && s[5]==0x00 && s[6]==0x00 && s[7]==0x00)
| 
|             flag = 1;
|     }
| 
|     if (flag==1 && sizeof(long long)==8) {
|         ll = 0x01ffffffffffffffLL;
|         ld = (long double)ll;
|         memcpy(s, &ld, 16);
| 
|         /* Check if the bit sequence is as expected*/
|         if (s[0]!=0x43 || s[1]!=0x7f || s[2]!=0xff || s[3]!=0xff ||
|             s[4]!=0xff || s[5]!=0xff || s[6]!=0xff || s[7]!=0xff ||
|             s[8]!=0xf0 || s[9]!=0x00 || s[10]!=0x00 || s[11]!=0x00)
| 
|             ret = 1;
|     }
|     if (flag==1 && sizeof(unsigned long long)==8) {
|         ull = 0x01ffffffffffffffULL;
|         ld = (long double)ull;
|         memcpy(s, &ld, 16);
| 
|         if (s[0]!=0x43 || s[1]!=0x7f || s[2]!=0xff || s[3]!=0xff ||
|             s[4]!=0xff || s[5]!=0xff || s[6]!=0xff || s[7]!=0xff ||
|             s[8]!=0xf0 || s[9]!=0x00 || s[10]!=0x00 || s[11]!=0x00)
| 
|             ret = 1;
|     }
| 
| done:
|     exit(ret);
| }
| #endif
| 
| #ifdef H5_DISABLE_SOME_LDOUBLE_CONV_TEST
| 
| #include <stdio.h>
| #include <stdlib.h>
| #include <string.h>
| 
| int HDF_NO_UBSAN main(void)
| {
|     FILE *fp;
|     char cpu[64];
| 
|     fp = popen("uname -m", "r");
| 
|     fgets(cpu, sizeof(cpu)-1, fp);
| 
|     pclose(fp);
| 
|     if (strncmp(cpu, "ppc64le", 7) == 0)
|         return 0;
| 
|     return 1;
| }
| 
| #endif
| 
configure:34128: result: no
configure:34141: checking if using special algorithm to convert (unsigned) long to long double values
configure:34162: /home/tjq4954/.conda/envs/inhyeok/bin/x86_64-conda-linux-gnu-cc -o conftest  -std=c99  -Wall -Wcast-qual -Wconversion -Wextra -Wfloat-equal -Wformat=2 -Winit-self -Winvalid-pch -Wmissing-include-dirs -Wshadow -Wundef -Wwrite-strings -pedantic -Wno-c++-compat -Wlarger-than=2560 -Wlogical-op -Wframe-larger-than=16384 -Wpacked-bitfield-compat -Wsync-nand -Wno-unsuffixed-float-constants -Wdouble-promotion -Wtrampolines -Wstack-usage=8192 -Wmaybe-uninitialized -Wdate-time -Warray-bounds=2 -Wc99-c11-compat -Wduplicated-cond -Whsa -Wnormalized -Wnull-dereference -Wunused-const-variable -Walloca -Walloc-zero -Wduplicated-branches -Wformat-overflow=2 -Wformat-truncation=1 -Wattribute-alias -Wcast-align=strict -Wshift-overflow=2 -Wattribute-alias=2 -Wmissing-profile -Wc11-c2x-compat -fstdarg-opt   -march=nocona -mtune=haswell -ftree-vectorize -fPIC -fstack-protector-strong -fno-plt -O2 -ffunction-sections -pipe -isystem /home/tjq4954/.conda/envs/inhyeok/include -D_GNU_SOURCE -D_POSIX_C_SOURCE=200809L     -DNDEBUG -D_FORTIFY_SOURCE=2 -O2 -isystem /home/tjq4954/.conda/envs/inhyeok/include  -Wl,-O2 -Wl,--sort-common -Wl,--as-needed -Wl,-z,relro -Wl,-z,now -Wl,--disable-new-dtags -Wl,--gc-sections -Wl,--allow-shlib-undefined -Wl,-rpath,/home/tjq4954/.conda/envs/inhyeok/lib -Wl,-rpath-link,/home/tjq4954/.conda/envs/inhyeok/lib -L/home/tjq4954/.conda/envs/inhyeok/lib conftest.c -lz -ldl -lm  >&5
conftest.c: In function 'main':
conftest.c:272:1: warning: label 'done' defined but not used [-Wunused-label]
  272 | done:
      | ^~~~
configure:34162: $? = 0
configure:34162: ./conftest
configure:34162: $? = 1
configure: program exited with status 1
configure: failed program was:
| /* confdefs.h */
| #define PACKAGE_NAME "HDF5"
| #define PACKAGE_TARNAME "hdf5"
| #define PACKAGE_VERSION "1.14.3"
| #define PACKAGE_STRING "HDF5 1.14.3"
| #define PACKAGE_BUGREPORT "help@hdfgroup.org"
| #define PACKAGE_URL ""
| #define PACKAGE "hdf5"
| #define VERSION "1.14.3"
| #define HAVE_STDIO_H 1
| #define HAVE_STDLIB_H 1
| #define HAVE_STRING_H 1
| #define HAVE_INTTYPES_H 1
| #define HAVE_STDINT_H 1
| #define HAVE_STRINGS_H 1
| #define HAVE_SYS_STAT_H 1
| #define HAVE_SYS_TYPES_H 1
| #define HAVE_UNISTD_H 1
| #define STDC_HEADERS 1
| #define SIZEOF_CHAR 1
| #define SIZEOF_SHORT 2
| #define SIZEOF_INT 4
| #define SIZEOF_UNSIGNED 4
| #define SIZEOF_LONG 8
| #define SIZEOF_LONG_LONG 8
| #define SIZEOF_FLOAT 4
| #define SIZEOF_DOUBLE 8
| #define SIZEOF_LONG_DOUBLE 16
| #define INCLUDE_HL 1
| #define TEST_EXPRESS_LEVEL_DEFAULT 3
| #define HAVE_DLFCN_H 1
| #define LT_OBJDIR ".libs/"
| #define HAVE_LIBM 1
| #define HAVE_LIBDL 1
| #define HAVE_DIRENT_H 1
| #define HAVE_FEATURES_H 1
| #define HAVE_PWD_H 1
| #define HAVE_UNISTD_H 1
| #define HAVE_SYS_FILE_H 1
| #define HAVE_SYS_IOCTL_H 1
| #define HAVE_SYS_RESOURCE_H 1
| #define HAVE_SYS_STAT_H 1
| #define HAVE_SYS_TIME_H 1
| #define HAVE_SYS_TYPES_H 1
| #define HAVE_ARPA_INET_H 1
| #define HAVE_NETDB_H 1
| #define HAVE_NETINET_IN_H 1
| #define HAVE_SYS_SOCKET_H 1
| #define SIZEOF_INT8_T 1
| #define SIZEOF_UINT8_T 1
| #define SIZEOF_INT_LEAST8_T 1
| #define SIZEOF_UINT_LEAST8_T 1
| #define SIZEOF_INT_FAST8_T 1
| #define SIZEOF_UINT_FAST8_T 1
| #define SIZEOF_INT16_T 2
| #define SIZEOF_UINT16_T 2
| #define SIZEOF_INT_LEAST16_T 2
| #define SIZEOF_UINT_LEAST16_T 2
| #define SIZEOF_INT_FAST16_T 8
| #define SIZEOF_UINT_FAST16_T 8
| #define SIZEOF_INT32_T 4
| #define SIZEOF_UINT32_T 4
| #define SIZEOF_INT_LEAST32_T 4
| #define SIZEOF_UINT_LEAST32_T 4
| #define SIZEOF_INT_FAST32_T 8
| #define SIZEOF_UINT_FAST32_T 8
| #define SIZEOF_INT64_T 8
| #define SIZEOF_UINT64_T 8
| #define SIZEOF_INT_LEAST64_T 8
| #define SIZEOF_UINT_LEAST64_T 8
| #define SIZEOF_INT_FAST64_T 8
| #define SIZEOF_UINT_FAST64_T 8
| #define SIZEOF_BOOL 1
| #define SIZEOF_OFF_T 8
| #define SIZEOF_PTRDIFF_T 8
| #define SIZEOF_SIZE_T 8
| #define SIZEOF_SSIZE_T 8
| #define SIZEOF_TIME_T 8
| #define DEV_T_IS_SCALAR 1
| #define HAVE_ZLIB_H 1
| #define HAVE_LIBZ 1
| #define HAVE_FILTER_DEFLATE 1
| #define HAVE_TM_GMTOFF 1
| #define HAVE_TIMEZONE 1
| #define HAVE_STAT_ST_BLOCKS 1
| #define HAVE_IOCTL 1
| #define HAVE_TIOCGWINSZ 1
| #define HAVE_TIOCGETD 1
| #define HAVE_ALARM 1
| #define HAVE_ASPRINTF 1
| #define HAVE_CLOCK_GETTIME 1
| #define HAVE_FCNTL 1
| #define HAVE_FLOCK 1
| #define HAVE_FORK 1
| #define HAVE_GETHOSTNAME 1
| #define HAVE_GETRUSAGE 1
| #define HAVE_GETTIMEOFDAY 1
| #define HAVE_RAND_R 1
| #define HAVE_RANDOM 1
| #define HAVE_STRCASESTR 1
| #define HAVE_STRDUP 1
| #define HAVE_SYMLINK 1
| #define HAVE_TMPFILE 1
| #define HAVE_VASPRINTF 1
| #define HAVE_WAITPID 1
| #define HAVE_ATTRIBUTE 1
| #define USE_FILE_LOCKING 1
| #define IGNORE_DISABLED_FILE_LOCKS 1
| #define EXAMPLESDIR "${prefix}/share/hdf5_examples"
| #define DEFAULT_PLUGINDIR "/usr/local/hdf5/lib/plugin"
| #define WANT_DCONV_EXCEPTION 1
| #define WANT_DATA_ACCURACY 1
| /* end confdefs.h.  */
| #define H5_LONG_TO_LDOUBLE_SPECIAL_TEST 1
| /* * * * * * * * * * * * * * * * * * * * * * * * * * * * * * * * * * * * * * *
|  * Copyright by The HDF Group.                                               *
|  * All rights reserved.                                                      *
|  *                                                                           *
|  * This file is part of HDF5.  The full HDF5 copyright notice, including     *
|  * terms governing use, modification, and redistribution, is contained in    *
|  * the COPYING file, which can be found at the root of the source code       *
|  * distribution tree, or in https://www.hdfgroup.org/licenses.               *
|  * If you do not have access to either file, you may request a copy from     *
|  * help@hdfgroup.org.                                                        *
|  * * * * * * * * * * * * * * * * * * * * * * * * * * * * * * * * * * * * * * */
| 
| #if defined(__has_attribute)
| #   if __has_attribute(no_sanitize)
| #       define HDF_NO_UBSAN __attribute__((no_sanitize("undefined")))
| #   else
| #       define HDF_NO_UBSAN
| #   endif
| #else
| #   define HDF_NO_UBSAN
| #endif
| 
| #ifdef H5_LDOUBLE_TO_LONG_SPECIAL_TEST
| 
| #include <string.h>
| #include <stdlib.h>
| 
| int HDF_NO_UBSAN main(void)
| {
|     long double         ld = 20041683600089727.779961L;
|     long                ll;
|     unsigned long       ull;
|     unsigned char       s[16];
|     unsigned char       s2[8];
|     int                 ret = 1;
| 
|     if (sizeof(long double) == 16 && sizeof(long) == 8) {
|         /* Make sure the long double type has 16 bytes in size and
|          * 11 bits of exponent.  If it is, the bit sequence should be
|          * like below.  It's not a decent way to check but this info
|          * isn't available.
|          */
|         memcpy(s, &ld, 16);
|         if (s[0]==0x43 && s[1]==0x51 && s[2]==0xcc && s[3]==0xf3 &&
|             s[4]==0x85 && s[5]==0xeb && s[6]==0xc8 && s[7]==0xa0 &&
|             s[8]==0xbf && s[9]==0xcc && s[10]==0x2a && s[11]==0x3c) {
| 
|             /* Assign the hexadecimal value of long double type. */
|             s[0]=0x43; s[1]=0x51; s[2]=0xcc; s[3]=0xf3;
|             s[4]=0x85; s[5]=0xeb; s[6]=0xc8; s[7]=0xa0;
|             s[8]=0xbf; s[9]=0xcc; s[10]=0x2a; s[11]=0x3c;
|             s[12]=0x3d; s[13]=0x85; s[14]=0x56; s[15]=0x20;
| 
|             memcpy(&ld, s, 16);
| 
|             ll = (long)ld;
|             memcpy(s2, &ll, 8);
| 
|             /* The library's algorithm converts it to 0x00 47 33 ce 17 af 22 82
|              * and gets wrong value 20041683600089730 on Linux on IBM Power
|              * architecture.
|              *
|              * But Linux on IBM Power converts it to 0x00 47 33 ce 17 af 22 7f
|              * and gets the correct value 20041683600089727.  It uses some special
|              * algorithm.  We're going to define the macro and skip the test until
|              * we can figure out how they do it.
|              */
|             if (s2[0]==0x00 && s2[1]==0x47 && s2[2]==0x33 && s2[3]==0xce &&
|                 s2[4]==0x17 && s2[5]==0xaf && s2[6]==0x22 && s2[7]==0x7f)
| 
|                 ret = 0;
| 
|             ull = (unsigned long)ld;
|             memcpy(s2, &ull, 8);
| 
|             /* The unsigned long is the same as signed long */
|             if(s2[0]==0x00 && s2[1]==0x47 && s2[2]==0x33 && s2[3]==0xce &&
|                s2[4]==0x17 && s2[5]==0xaf && s2[6]==0x22 && s2[7]==0x7f)
| 
|                 ret = 0;
|         }
|     }
| 
| done:
|     exit(ret);
| }
| 
| #endif
| 
| #ifdef H5_LONG_TO_LDOUBLE_SPECIAL_TEST
| 
| #include <string.h>
| #include <stdlib.h>
| 
| int HDF_NO_UBSAN main(void)
| {
|     long double         ld;
|     long                ll;
|     unsigned long       ull;
|     unsigned char       s[16];
|     int                 flag=0, ret=1;
| 
|     /* Determine if long double has 16 byte in size, 11 bit exponent, and
|      * the bias is 0x3ff
|      */
|     if (sizeof(long double) == 16) {
|         ld = 1.0L;
|         memcpy(s, &ld, 16);
| 
|         if (s[0]==0x3f && s[1]==0xf0 && s[2]==0x00 && s[3]==0x00 &&
|             s[4]==0x00 && s[5]==0x00 && s[6]==0x00 && s[7]==0x00)
| 
|             flag = 1;
|     }
| 
|     if (flag==1 && sizeof(long)==8) {
|         ll = 0x003fffffffffffffL;
|         ld = (long double)ll;
|         memcpy(s, &ld, 16);
| 
|         /* The library converts the value to 0x434fffffffffffff8000000000000000.
|          * In decimal it is 18014398509481982.000000, one value short of the original.
|          *
|          * Linux on IBM Power architecture converts it to
|          * 0x4350000000000000bff0000000000000. The value is correct in decimal.
|          * It uses some special algorithm.  We're going to define the macro and
|          * skip the test until we can figure out how they do it.
|          */
|         if (s[0]==0x43 && s[1]==0x50 && s[2]==0x00 && s[3]==0x00 &&
|             s[4]==0x00 && s[5]==0x00 && s[6]==0x00 && s[7]==0x00 &&
|             s[8]==0xbf && s[9]==0xf0 && s[10]==0x00 && s[11]==0x00 &&
|             s[12]==0x00 && s[13]==0x00 && s[14]==0x00 && s[15]==0x00)
| 
|             ret = 0;
|     }
| 
|     if (flag==1 && sizeof(unsigned long)==8) {
|         ull = 0xffffffffffffffffUL;
|         ld = (long double)ull;
|         memcpy(s, &ld, 16);
| 
|         /* Use a different value from signed long to test. The problem is the
|          * same for both long and unsigned long. The value is 18446744073709551615.
|          * The library converts the value to 0x43effffffffffffffe000000000000000.
|          * In decimal it's 18446744073709548544.000000, very different from the
|          * original. Linux on IBM Power architecture converts it to
|          * 0x43f0000000000000bff0000000000000. The value is correct in decimal.
|          * It uses some special algorithm.  We're going to define the macro and
|          * skip the test until we can figure out how they do it.
|          */
|         if (s[0]==0x43 && s[1]==0xf0 && s[2]==0x00 && s[3]==0x00 &&
|             s[4]==0x00 && s[5]==0x00 && s[6]==0x00 && s[7]==0x00 &&
|             s[8]==0xbf && s[9]==0xf0 && s[10]==0x00 && s[11]==0x00 &&
|             s[12]==0x00 && s[13]==0x00 && s[14]==0x00 && s[15]==0x00)
| 
|             ret = 0;
|         }
| done:
|     exit(ret);
| }
| 
| #endif
| 
| #ifdef H5_LDOUBLE_TO_LLONG_ACCURATE_TEST
| 
| #include <string.h>
| #include <stdlib.h>
| 
| int HDF_NO_UBSAN main(void)
| {
|     long double         ld = 20041683600089727.779961L;
|     long long           ll;
|     unsigned long long  ull;
|     unsigned char       s[16];
|     int                 ret = 0;
| 
|     if (sizeof(long double) == 16) {
|         /* Make sure the long double type is the same as the failing type
|          * which has 16 bytes in size and 11 bits of exponent.  If it is,
|          * the bit sequence should be like below.  It's not
|          * a decent way to check but this info isn't available.
|          */
|         memcpy(s, &ld, 16);
| 
|         if (s[0]==0x43 && s[1]==0x51 && s[2]==0xcc && s[3]==0xf3 &&
|             s[4]==0x85 && s[5]==0xeb && s[6]==0xc8 && s[7]==0xa0 &&
|             s[8]==0xbf && s[9]==0xcc && s[10]==0x2a && s[11]==0x3c) {
| 
|             /* Slightly adjust the bit sequence (s[8]=0xdf).  The converted
|              * values will go wild on Mac OS 10.4 and IRIX64 6.5.
|              */
|             s[0]=0x43; s[1]=0x51; s[2]=0xcc; s[3]=0xf3;
|             s[4]=0x85; s[5]=0xeb; s[6]=0xc8; s[7]=0xa0;
|             s[8]=0xdf; s[9]=0xcc; s[10]=0x2a; s[11]=0x3c;
|             s[12]=0x3d; s[13]=0x85; s[14]=0x56; s[15]=0x20;
| 
|             memcpy(&ld, s, 16);
|             ll = (long long)ld;
|             ull = (unsigned long long)ld;
| 
|             if (ll != 20041683600089728 || ull != 20041683600089728)
|                 ret = 1;
|         }
|     }
| done:
|     exit(ret);
| }
| #endif
| 
| #ifdef H5_LLONG_TO_LDOUBLE_CORRECT_TEST
| 
| #include <string.h>
| #include <stdlib.h>
| 
| int HDF_NO_UBSAN main(void)
| {
|     long double         ld;
|     long long           ll;
|     unsigned long long  ull;
|     unsigned char       s[16];
|     int                 flag=0, ret=0;
| 
|     /* Determine if long double has 16 byte in size, 11 bit exponent, and
|      * the bias is 0x3ff
|      */
|     if (sizeof(long double) == 16) {
|         ld = 1.0L;
|         memcpy(s, &ld, 16);
|         if (s[0]==0x3f && s[1]==0xf0 && s[2]==0x00 && s[3]==0x00 &&
|             s[4]==0x00 && s[5]==0x00 && s[6]==0x00 && s[7]==0x00)
| 
|             flag = 1;
|     }
| 
|     if (flag==1 && sizeof(long long)==8) {
|         ll = 0x01ffffffffffffffLL;
|         ld = (long double)ll;
|         memcpy(s, &ld, 16);
| 
|         /* Check if the bit sequence is as expected*/
|         if (s[0]!=0x43 || s[1]!=0x7f || s[2]!=0xff || s[3]!=0xff ||
|             s[4]!=0xff || s[5]!=0xff || s[6]!=0xff || s[7]!=0xff ||
|             s[8]!=0xf0 || s[9]!=0x00 || s[10]!=0x00 || s[11]!=0x00)
| 
|             ret = 1;
|     }
|     if (flag==1 && sizeof(unsigned long long)==8) {
|         ull = 0x01ffffffffffffffULL;
|         ld = (long double)ull;
|         memcpy(s, &ld, 16);
| 
|         if (s[0]!=0x43 || s[1]!=0x7f || s[2]!=0xff || s[3]!=0xff ||
|             s[4]!=0xff || s[5]!=0xff || s[6]!=0xff || s[7]!=0xff ||
|             s[8]!=0xf0 || s[9]!=0x00 || s[10]!=0x00 || s[11]!=0x00)
| 
|             ret = 1;
|     }
| 
| done:
|     exit(ret);
| }
| #endif
| 
| #ifdef H5_DISABLE_SOME_LDOUBLE_CONV_TEST
| 
| #include <stdio.h>
| #include <stdlib.h>
| #include <string.h>
| 
| int HDF_NO_UBSAN main(void)
| {
|     FILE *fp;
|     char cpu[64];
| 
|     fp = popen("uname -m", "r");
| 
|     fgets(cpu, sizeof(cpu)-1, fp);
| 
|     pclose(fp);
| 
|     if (strncmp(cpu, "ppc64le", 7) == 0)
|         return 0;
| 
|     return 1;
| }
| 
| #endif
| 
configure:34183: result: no
configure:34199: checking if correctly converting long double to (unsigned) long long values
configure:34219: /home/tjq4954/.conda/envs/inhyeok/bin/x86_64-conda-linux-gnu-cc -o conftest  -std=c99  -Wall -Wcast-qual -Wconversion -Wextra -Wfloat-equal -Wformat=2 -Winit-self -Winvalid-pch -Wmissing-include-dirs -Wshadow -Wundef -Wwrite-strings -pedantic -Wno-c++-compat -Wlarger-than=2560 -Wlogical-op -Wframe-larger-than=16384 -Wpacked-bitfield-compat -Wsync-nand -Wno-unsuffixed-float-constants -Wdouble-promotion -Wtrampolines -Wstack-usage=8192 -Wmaybe-uninitialized -Wdate-time -Warray-bounds=2 -Wc99-c11-compat -Wduplicated-cond -Whsa -Wnormalized -Wnull-dereference -Wunused-const-variable -Walloca -Walloc-zero -Wduplicated-branches -Wformat-overflow=2 -Wformat-truncation=1 -Wattribute-alias -Wcast-align=strict -Wshift-overflow=2 -Wattribute-alias=2 -Wmissing-profile -Wc11-c2x-compat -fstdarg-opt   -march=nocona -mtune=haswell -ftree-vectorize -fPIC -fstack-protector-strong -fno-plt -O2 -ffunction-sections -pipe -isystem /home/tjq4954/.conda/envs/inhyeok/include -D_GNU_SOURCE -D_POSIX_C_SOURCE=200809L     -DNDEBUG -D_FORTIFY_SOURCE=2 -O2 -isystem /home/tjq4954/.conda/envs/inhyeok/include  -Wl,-O2 -Wl,--sort-common -Wl,--as-needed -Wl,-z,relro -Wl,-z,now -Wl,--disable-new-dtags -Wl,--gc-sections -Wl,--allow-shlib-undefined -Wl,-rpath,/home/tjq4954/.conda/envs/inhyeok/lib -Wl,-rpath-link,/home/tjq4954/.conda/envs/inhyeok/lib -L/home/tjq4954/.conda/envs/inhyeok/lib conftest.c -lz -ldl -lm  >&5
conftest.c: In function 'main':
conftest.c:319:1: warning: label 'done' defined but not used [-Wunused-label]
  319 | done:
      | ^~~~
configure:34219: $? = 0
configure:34219: ./conftest
configure:34219: $? = 0
configure:34237: result: yes
configure:34254: checking if correctly converting (unsigned) long long to long double values
configure:34274: /home/tjq4954/.conda/envs/inhyeok/bin/x86_64-conda-linux-gnu-cc -o conftest  -std=c99  -Wall -Wcast-qual -Wconversion -Wextra -Wfloat-equal -Wformat=2 -Winit-self -Winvalid-pch -Wmissing-include-dirs -Wshadow -Wundef -Wwrite-strings -pedantic -Wno-c++-compat -Wlarger-than=2560 -Wlogical-op -Wframe-larger-than=16384 -Wpacked-bitfield-compat -Wsync-nand -Wno-unsuffixed-float-constants -Wdouble-promotion -Wtrampolines -Wstack-usage=8192 -Wmaybe-uninitialized -Wdate-time -Warray-bounds=2 -Wc99-c11-compat -Wduplicated-cond -Whsa -Wnormalized -Wnull-dereference -Wunused-const-variable -Walloca -Walloc-zero -Wduplicated-branches -Wformat-overflow=2 -Wformat-truncation=1 -Wattribute-alias -Wcast-align=strict -Wshift-overflow=2 -Wattribute-alias=2 -Wmissing-profile -Wc11-c2x-compat -fstdarg-opt   -march=nocona -mtune=haswell -ftree-vectorize -fPIC -fstack-protector-strong -fno-plt -O2 -ffunction-sections -pipe -isystem /home/tjq4954/.conda/envs/inhyeok/include -D_GNU_SOURCE -D_POSIX_C_SOURCE=200809L     -DNDEBUG -D_FORTIFY_SOURCE=2 -O2 -isystem /home/tjq4954/.conda/envs/inhyeok/include  -Wl,-O2 -Wl,--sort-common -Wl,--as-needed -Wl,-z,relro -Wl,-z,now -Wl,--disable-new-dtags -Wl,--gc-sections -Wl,--allow-shlib-undefined -Wl,-rpath,/home/tjq4954/.conda/envs/inhyeok/lib -Wl,-rpath-link,/home/tjq4954/.conda/envs/inhyeok/lib -L/home/tjq4954/.conda/envs/inhyeok/lib conftest.c -lz -ldl -lm  >&5
conftest.c: In function 'main':
conftest.c:374:1: warning: label 'done' defined but not used [-Wunused-label]
  374 | done:
      | ^~~~
configure:34274: $? = 0
configure:34274: ./conftest
configure:34274: $? = 0
configure:34292: result: yes
configure:34304: checking if the system is IBM ppc64le and cannot correctly convert some long double values
configure:34324: /home/tjq4954/.conda/envs/inhyeok/bin/x86_64-conda-linux-gnu-cc -o conftest  -std=c99  -Wall -Wcast-qual -Wconversion -Wextra -Wfloat-equal -Wformat=2 -Winit-self -Winvalid-pch -Wmissing-include-dirs -Wshadow -Wundef -Wwrite-strings -pedantic -Wno-c++-compat -Wlarger-than=2560 -Wlogical-op -Wframe-larger-than=16384 -Wpacked-bitfield-compat -Wsync-nand -Wno-unsuffixed-float-constants -Wdouble-promotion -Wtrampolines -Wstack-usage=8192 -Wmaybe-uninitialized -Wdate-time -Warray-bounds=2 -Wc99-c11-compat -Wduplicated-cond -Whsa -Wnormalized -Wnull-dereference -Wunused-const-variable -Walloca -Walloc-zero -Wduplicated-branches -Wformat-overflow=2 -Wformat-truncation=1 -Wattribute-alias -Wcast-align=strict -Wshift-overflow=2 -Wattribute-alias=2 -Wmissing-profile -Wc11-c2x-compat -fstdarg-opt   -march=nocona -mtune=haswell -ftree-vectorize -fPIC -fstack-protector-strong -fno-plt -O2 -ffunction-sections -pipe -isystem /home/tjq4954/.conda/envs/inhyeok/include -D_GNU_SOURCE -D_POSIX_C_SOURCE=200809L     -DNDEBUG -D_FORTIFY_SOURCE=2 -O2 -isystem /home/tjq4954/.conda/envs/inhyeok/include  -Wl,-O2 -Wl,--sort-common -Wl,--as-needed -Wl,-z,relro -Wl,-z,now -Wl,--disable-new-dtags -Wl,--gc-sections -Wl,--allow-shlib-undefined -Wl,-rpath,/home/tjq4954/.conda/envs/inhyeok/lib -Wl,-rpath-link,/home/tjq4954/.conda/envs/inhyeok/lib -L/home/tjq4954/.conda/envs/inhyeok/lib conftest.c -lz -ldl -lm  >&5
conftest.c: In function 'main':
conftest.c:393:5: warning: ignoring return value of 'fgets' declared with attribute 'warn_unused_result' [-Wunused-result]
  393 |     fgets(cpu, sizeof(cpu)-1, fp);
      |     ^~~~~~~~~~~~~~~~~~~~~~~~~~~~~
configure:34324: $? = 0
configure:34324: ./conftest
configure:34324: $? = 1
configure: program exited with status 1
configure: failed program was:
| /* confdefs.h */
| #define PACKAGE_NAME "HDF5"
| #define PACKAGE_TARNAME "hdf5"
| #define PACKAGE_VERSION "1.14.3"
| #define PACKAGE_STRING "HDF5 1.14.3"
| #define PACKAGE_BUGREPORT "help@hdfgroup.org"
| #define PACKAGE_URL ""
| #define PACKAGE "hdf5"
| #define VERSION "1.14.3"
| #define HAVE_STDIO_H 1
| #define HAVE_STDLIB_H 1
| #define HAVE_STRING_H 1
| #define HAVE_INTTYPES_H 1
| #define HAVE_STDINT_H 1
| #define HAVE_STRINGS_H 1
| #define HAVE_SYS_STAT_H 1
| #define HAVE_SYS_TYPES_H 1
| #define HAVE_UNISTD_H 1
| #define STDC_HEADERS 1
| #define SIZEOF_CHAR 1
| #define SIZEOF_SHORT 2
| #define SIZEOF_INT 4
| #define SIZEOF_UNSIGNED 4
| #define SIZEOF_LONG 8
| #define SIZEOF_LONG_LONG 8
| #define SIZEOF_FLOAT 4
| #define SIZEOF_DOUBLE 8
| #define SIZEOF_LONG_DOUBLE 16
| #define INCLUDE_HL 1
| #define TEST_EXPRESS_LEVEL_DEFAULT 3
| #define HAVE_DLFCN_H 1
| #define LT_OBJDIR ".libs/"
| #define HAVE_LIBM 1
| #define HAVE_LIBDL 1
| #define HAVE_DIRENT_H 1
| #define HAVE_FEATURES_H 1
| #define HAVE_PWD_H 1
| #define HAVE_UNISTD_H 1
| #define HAVE_SYS_FILE_H 1
| #define HAVE_SYS_IOCTL_H 1
| #define HAVE_SYS_RESOURCE_H 1
| #define HAVE_SYS_STAT_H 1
| #define HAVE_SYS_TIME_H 1
| #define HAVE_SYS_TYPES_H 1
| #define HAVE_ARPA_INET_H 1
| #define HAVE_NETDB_H 1
| #define HAVE_NETINET_IN_H 1
| #define HAVE_SYS_SOCKET_H 1
| #define SIZEOF_INT8_T 1
| #define SIZEOF_UINT8_T 1
| #define SIZEOF_INT_LEAST8_T 1
| #define SIZEOF_UINT_LEAST8_T 1
| #define SIZEOF_INT_FAST8_T 1
| #define SIZEOF_UINT_FAST8_T 1
| #define SIZEOF_INT16_T 2
| #define SIZEOF_UINT16_T 2
| #define SIZEOF_INT_LEAST16_T 2
| #define SIZEOF_UINT_LEAST16_T 2
| #define SIZEOF_INT_FAST16_T 8
| #define SIZEOF_UINT_FAST16_T 8
| #define SIZEOF_INT32_T 4
| #define SIZEOF_UINT32_T 4
| #define SIZEOF_INT_LEAST32_T 4
| #define SIZEOF_UINT_LEAST32_T 4
| #define SIZEOF_INT_FAST32_T 8
| #define SIZEOF_UINT_FAST32_T 8
| #define SIZEOF_INT64_T 8
| #define SIZEOF_UINT64_T 8
| #define SIZEOF_INT_LEAST64_T 8
| #define SIZEOF_UINT_LEAST64_T 8
| #define SIZEOF_INT_FAST64_T 8
| #define SIZEOF_UINT_FAST64_T 8
| #define SIZEOF_BOOL 1
| #define SIZEOF_OFF_T 8
| #define SIZEOF_PTRDIFF_T 8
| #define SIZEOF_SIZE_T 8
| #define SIZEOF_SSIZE_T 8
| #define SIZEOF_TIME_T 8
| #define DEV_T_IS_SCALAR 1
| #define HAVE_ZLIB_H 1
| #define HAVE_LIBZ 1
| #define HAVE_FILTER_DEFLATE 1
| #define HAVE_TM_GMTOFF 1
| #define HAVE_TIMEZONE 1
| #define HAVE_STAT_ST_BLOCKS 1
| #define HAVE_IOCTL 1
| #define HAVE_TIOCGWINSZ 1
| #define HAVE_TIOCGETD 1
| #define HAVE_ALARM 1
| #define HAVE_ASPRINTF 1
| #define HAVE_CLOCK_GETTIME 1
| #define HAVE_FCNTL 1
| #define HAVE_FLOCK 1
| #define HAVE_FORK 1
| #define HAVE_GETHOSTNAME 1
| #define HAVE_GETRUSAGE 1
| #define HAVE_GETTIMEOFDAY 1
| #define HAVE_RAND_R 1
| #define HAVE_RANDOM 1
| #define HAVE_STRCASESTR 1
| #define HAVE_STRDUP 1
| #define HAVE_SYMLINK 1
| #define HAVE_TMPFILE 1
| #define HAVE_VASPRINTF 1
| #define HAVE_WAITPID 1
| #define HAVE_ATTRIBUTE 1
| #define USE_FILE_LOCKING 1
| #define IGNORE_DISABLED_FILE_LOCKS 1
| #define EXAMPLESDIR "${prefix}/share/hdf5_examples"
| #define DEFAULT_PLUGINDIR "/usr/local/hdf5/lib/plugin"
| #define WANT_DCONV_EXCEPTION 1
| #define WANT_DATA_ACCURACY 1
| #define LDOUBLE_TO_LLONG_ACCURATE 1
| #define LLONG_TO_LDOUBLE_CORRECT 1
| /* end confdefs.h.  */
| #define H5_DISABLE_SOME_LDOUBLE_CONV_TEST 1
| /* * * * * * * * * * * * * * * * * * * * * * * * * * * * * * * * * * * * * * *
|  * Copyright by The HDF Group.                                               *
|  * All rights reserved.                                                      *
|  *                                                                           *
|  * This file is part of HDF5.  The full HDF5 copyright notice, including     *
|  * terms governing use, modification, and redistribution, is contained in    *
|  * the COPYING file, which can be found at the root of the source code       *
|  * distribution tree, or in https://www.hdfgroup.org/licenses.               *
|  * If you do not have access to either file, you may request a copy from     *
|  * help@hdfgroup.org.                                                        *
|  * * * * * * * * * * * * * * * * * * * * * * * * * * * * * * * * * * * * * * */
| 
| #if defined(__has_attribute)
| #   if __has_attribute(no_sanitize)
| #       define HDF_NO_UBSAN __attribute__((no_sanitize("undefined")))
| #   else
| #       define HDF_NO_UBSAN
| #   endif
| #else
| #   define HDF_NO_UBSAN
| #endif
| 
| #ifdef H5_LDOUBLE_TO_LONG_SPECIAL_TEST
| 
| #include <string.h>
| #include <stdlib.h>
| 
| int HDF_NO_UBSAN main(void)
| {
|     long double         ld = 20041683600089727.779961L;
|     long                ll;
|     unsigned long       ull;
|     unsigned char       s[16];
|     unsigned char       s2[8];
|     int                 ret = 1;
| 
|     if (sizeof(long double) == 16 && sizeof(long) == 8) {
|         /* Make sure the long double type has 16 bytes in size and
|          * 11 bits of exponent.  If it is, the bit sequence should be
|          * like below.  It's not a decent way to check but this info
|          * isn't available.
|          */
|         memcpy(s, &ld, 16);
|         if (s[0]==0x43 && s[1]==0x51 && s[2]==0xcc && s[3]==0xf3 &&
|             s[4]==0x85 && s[5]==0xeb && s[6]==0xc8 && s[7]==0xa0 &&
|             s[8]==0xbf && s[9]==0xcc && s[10]==0x2a && s[11]==0x3c) {
| 
|             /* Assign the hexadecimal value of long double type. */
|             s[0]=0x43; s[1]=0x51; s[2]=0xcc; s[3]=0xf3;
|             s[4]=0x85; s[5]=0xeb; s[6]=0xc8; s[7]=0xa0;
|             s[8]=0xbf; s[9]=0xcc; s[10]=0x2a; s[11]=0x3c;
|             s[12]=0x3d; s[13]=0x85; s[14]=0x56; s[15]=0x20;
| 
|             memcpy(&ld, s, 16);
| 
|             ll = (long)ld;
|             memcpy(s2, &ll, 8);
| 
|             /* The library's algorithm converts it to 0x00 47 33 ce 17 af 22 82
|              * and gets wrong value 20041683600089730 on Linux on IBM Power
|              * architecture.
|              *
|              * But Linux on IBM Power converts it to 0x00 47 33 ce 17 af 22 7f
|              * and gets the correct value 20041683600089727.  It uses some special
|              * algorithm.  We're going to define the macro and skip the test until
|              * we can figure out how they do it.
|              */
|             if (s2[0]==0x00 && s2[1]==0x47 && s2[2]==0x33 && s2[3]==0xce &&
|                 s2[4]==0x17 && s2[5]==0xaf && s2[6]==0x22 && s2[7]==0x7f)
| 
|                 ret = 0;
| 
|             ull = (unsigned long)ld;
|             memcpy(s2, &ull, 8);
| 
|             /* The unsigned long is the same as signed long */
|             if(s2[0]==0x00 && s2[1]==0x47 && s2[2]==0x33 && s2[3]==0xce &&
|                s2[4]==0x17 && s2[5]==0xaf && s2[6]==0x22 && s2[7]==0x7f)
| 
|                 ret = 0;
|         }
|     }
| 
| done:
|     exit(ret);
| }
| 
| #endif
| 
| #ifdef H5_LONG_TO_LDOUBLE_SPECIAL_TEST
| 
| #include <string.h>
| #include <stdlib.h>
| 
| int HDF_NO_UBSAN main(void)
| {
|     long double         ld;
|     long                ll;
|     unsigned long       ull;
|     unsigned char       s[16];
|     int                 flag=0, ret=1;
| 
|     /* Determine if long double has 16 byte in size, 11 bit exponent, and
|      * the bias is 0x3ff
|      */
|     if (sizeof(long double) == 16) {
|         ld = 1.0L;
|         memcpy(s, &ld, 16);
| 
|         if (s[0]==0x3f && s[1]==0xf0 && s[2]==0x00 && s[3]==0x00 &&
|             s[4]==0x00 && s[5]==0x00 && s[6]==0x00 && s[7]==0x00)
| 
|             flag = 1;
|     }
| 
|     if (flag==1 && sizeof(long)==8) {
|         ll = 0x003fffffffffffffL;
|         ld = (long double)ll;
|         memcpy(s, &ld, 16);
| 
|         /* The library converts the value to 0x434fffffffffffff8000000000000000.
|          * In decimal it is 18014398509481982.000000, one value short of the original.
|          *
|          * Linux on IBM Power architecture converts it to
|          * 0x4350000000000000bff0000000000000. The value is correct in decimal.
|          * It uses some special algorithm.  We're going to define the macro and
|          * skip the test until we can figure out how they do it.
|          */
|         if (s[0]==0x43 && s[1]==0x50 && s[2]==0x00 && s[3]==0x00 &&
|             s[4]==0x00 && s[5]==0x00 && s[6]==0x00 && s[7]==0x00 &&
|             s[8]==0xbf && s[9]==0xf0 && s[10]==0x00 && s[11]==0x00 &&
|             s[12]==0x00 && s[13]==0x00 && s[14]==0x00 && s[15]==0x00)
| 
|             ret = 0;
|     }
| 
|     if (flag==1 && sizeof(unsigned long)==8) {
|         ull = 0xffffffffffffffffUL;
|         ld = (long double)ull;
|         memcpy(s, &ld, 16);
| 
|         /* Use a different value from signed long to test. The problem is the
|          * same for both long and unsigned long. The value is 18446744073709551615.
|          * The library converts the value to 0x43effffffffffffffe000000000000000.
|          * In decimal it's 18446744073709548544.000000, very different from the
|          * original. Linux on IBM Power architecture converts it to
|          * 0x43f0000000000000bff0000000000000. The value is correct in decimal.
|          * It uses some special algorithm.  We're going to define the macro and
|          * skip the test until we can figure out how they do it.
|          */
|         if (s[0]==0x43 && s[1]==0xf0 && s[2]==0x00 && s[3]==0x00 &&
|             s[4]==0x00 && s[5]==0x00 && s[6]==0x00 && s[7]==0x00 &&
|             s[8]==0xbf && s[9]==0xf0 && s[10]==0x00 && s[11]==0x00 &&
|             s[12]==0x00 && s[13]==0x00 && s[14]==0x00 && s[15]==0x00)
| 
|             ret = 0;
|         }
| done:
|     exit(ret);
| }
| 
| #endif
| 
| #ifdef H5_LDOUBLE_TO_LLONG_ACCURATE_TEST
| 
| #include <string.h>
| #include <stdlib.h>
| 
| int HDF_NO_UBSAN main(void)
| {
|     long double         ld = 20041683600089727.779961L;
|     long long           ll;
|     unsigned long long  ull;
|     unsigned char       s[16];
|     int                 ret = 0;
| 
|     if (sizeof(long double) == 16) {
|         /* Make sure the long double type is the same as the failing type
|          * which has 16 bytes in size and 11 bits of exponent.  If it is,
|          * the bit sequence should be like below.  It's not
|          * a decent way to check but this info isn't available.
|          */
|         memcpy(s, &ld, 16);
| 
|         if (s[0]==0x43 && s[1]==0x51 && s[2]==0xcc && s[3]==0xf3 &&
|             s[4]==0x85 && s[5]==0xeb && s[6]==0xc8 && s[7]==0xa0 &&
|             s[8]==0xbf && s[9]==0xcc && s[10]==0x2a && s[11]==0x3c) {
| 
|             /* Slightly adjust the bit sequence (s[8]=0xdf).  The converted
|              * values will go wild on Mac OS 10.4 and IRIX64 6.5.
|              */
|             s[0]=0x43; s[1]=0x51; s[2]=0xcc; s[3]=0xf3;
|             s[4]=0x85; s[5]=0xeb; s[6]=0xc8; s[7]=0xa0;
|             s[8]=0xdf; s[9]=0xcc; s[10]=0x2a; s[11]=0x3c;
|             s[12]=0x3d; s[13]=0x85; s[14]=0x56; s[15]=0x20;
| 
|             memcpy(&ld, s, 16);
|             ll = (long long)ld;
|             ull = (unsigned long long)ld;
| 
|             if (ll != 20041683600089728 || ull != 20041683600089728)
|                 ret = 1;
|         }
|     }
| done:
|     exit(ret);
| }
| #endif
| 
| #ifdef H5_LLONG_TO_LDOUBLE_CORRECT_TEST
| 
| #include <string.h>
| #include <stdlib.h>
| 
| int HDF_NO_UBSAN main(void)
| {
|     long double         ld;
|     long long           ll;
|     unsigned long long  ull;
|     unsigned char       s[16];
|     int                 flag=0, ret=0;
| 
|     /* Determine if long double has 16 byte in size, 11 bit exponent, and
|      * the bias is 0x3ff
|      */
|     if (sizeof(long double) == 16) {
|         ld = 1.0L;
|         memcpy(s, &ld, 16);
|         if (s[0]==0x3f && s[1]==0xf0 && s[2]==0x00 && s[3]==0x00 &&
|             s[4]==0x00 && s[5]==0x00 && s[6]==0x00 && s[7]==0x00)
| 
|             flag = 1;
|     }
| 
|     if (flag==1 && sizeof(long long)==8) {
|         ll = 0x01ffffffffffffffLL;
|         ld = (long double)ll;
|         memcpy(s, &ld, 16);
| 
|         /* Check if the bit sequence is as expected*/
|         if (s[0]!=0x43 || s[1]!=0x7f || s[2]!=0xff || s[3]!=0xff ||
|             s[4]!=0xff || s[5]!=0xff || s[6]!=0xff || s[7]!=0xff ||
|             s[8]!=0xf0 || s[9]!=0x00 || s[10]!=0x00 || s[11]!=0x00)
| 
|             ret = 1;
|     }
|     if (flag==1 && sizeof(unsigned long long)==8) {
|         ull = 0x01ffffffffffffffULL;
|         ld = (long double)ull;
|         memcpy(s, &ld, 16);
| 
|         if (s[0]!=0x43 || s[1]!=0x7f || s[2]!=0xff || s[3]!=0xff ||
|             s[4]!=0xff || s[5]!=0xff || s[6]!=0xff || s[7]!=0xff ||
|             s[8]!=0xf0 || s[9]!=0x00 || s[10]!=0x00 || s[11]!=0x00)
| 
|             ret = 1;
|     }
| 
| done:
|     exit(ret);
| }
| #endif
| 
| #ifdef H5_DISABLE_SOME_LDOUBLE_CONV_TEST
| 
| #include <stdio.h>
| #include <stdlib.h>
| #include <string.h>
| 
| int HDF_NO_UBSAN main(void)
| {
|     FILE *fp;
|     char cpu[64];
| 
|     fp = popen("uname -m", "r");
| 
|     fgets(cpu, sizeof(cpu)-1, fp);
| 
|     pclose(fp);
| 
|     if (strncmp(cpu, "ppc64le", 7) == 0)
|         return 0;
| 
|     return 1;
| }
| 
| #endif
configure:34345: result: no
configure:34493: checking additional programs should be built
configure:34503: result: no
configure:34526: checking if deprecated public symbols are available
configure:34537: result: yes
configure:34556: checking which version of public symbols to use by default
configure:34599: result: v114
configure:34623: checking whether to perform strict file format checks
configure:34650: result: no
configure:34667: checking for pread
configure:34667: /home/tjq4954/.conda/envs/inhyeok/bin/x86_64-conda-linux-gnu-cc -o conftest  -std=c99  -Wall -Wcast-qual -Wconversion -Wextra -Wfloat-equal -Wformat=2 -Winit-self -Winvalid-pch -Wmissing-include-dirs -Wshadow -Wundef -Wwrite-strings -pedantic -Wno-c++-compat -Wlarger-than=2560 -Wlogical-op -Wframe-larger-than=16384 -Wpacked-bitfield-compat -Wsync-nand -Wno-unsuffixed-float-constants -Wdouble-promotion -Wtrampolines -Wstack-usage=8192 -Wmaybe-uninitialized -Wdate-time -Warray-bounds=2 -Wc99-c11-compat -Wduplicated-cond -Whsa -Wnormalized -Wnull-dereference -Wunused-const-variable -Walloca -Walloc-zero -Wduplicated-branches -Wformat-overflow=2 -Wformat-truncation=1 -Wattribute-alias -Wcast-align=strict -Wshift-overflow=2 -Wattribute-alias=2 -Wmissing-profile -Wc11-c2x-compat -fstdarg-opt   -march=nocona -mtune=haswell -ftree-vectorize -fPIC -fstack-protector-strong -fno-plt -O2 -ffunction-sections -pipe -isystem /home/tjq4954/.conda/envs/inhyeok/include -D_GNU_SOURCE -D_POSIX_C_SOURCE=200809L     -DNDEBUG -D_FORTIFY_SOURCE=2 -O2 -isystem /home/tjq4954/.conda/envs/inhyeok/include  -Wl,-O2 -Wl,--sort-common -Wl,--as-needed -Wl,-z,relro -Wl,-z,now -Wl,--disable-new-dtags -Wl,--gc-sections -Wl,--allow-shlib-undefined -Wl,-rpath,/home/tjq4954/.conda/envs/inhyeok/lib -Wl,-rpath-link,/home/tjq4954/.conda/envs/inhyeok/lib -L/home/tjq4954/.conda/envs/inhyeok/lib conftest.c -lz -ldl -lm  >&5
configure:34667: $? = 0
configure:34667: result: yes
configure:34675: checking for pwrite
configure:34675: /home/tjq4954/.conda/envs/inhyeok/bin/x86_64-conda-linux-gnu-cc -o conftest  -std=c99  -Wall -Wcast-qual -Wconversion -Wextra -Wfloat-equal -Wformat=2 -Winit-self -Winvalid-pch -Wmissing-include-dirs -Wshadow -Wundef -Wwrite-strings -pedantic -Wno-c++-compat -Wlarger-than=2560 -Wlogical-op -Wframe-larger-than=16384 -Wpacked-bitfield-compat -Wsync-nand -Wno-unsuffixed-float-constants -Wdouble-promotion -Wtrampolines -Wstack-usage=8192 -Wmaybe-uninitialized -Wdate-time -Warray-bounds=2 -Wc99-c11-compat -Wduplicated-cond -Whsa -Wnormalized -Wnull-dereference -Wunused-const-variable -Walloca -Walloc-zero -Wduplicated-branches -Wformat-overflow=2 -Wformat-truncation=1 -Wattribute-alias -Wcast-align=strict -Wshift-overflow=2 -Wattribute-alias=2 -Wmissing-profile -Wc11-c2x-compat -fstdarg-opt   -march=nocona -mtune=haswell -ftree-vectorize -fPIC -fstack-protector-strong -fno-plt -O2 -ffunction-sections -pipe -isystem /home/tjq4954/.conda/envs/inhyeok/include -D_GNU_SOURCE -D_POSIX_C_SOURCE=200809L     -DNDEBUG -D_FORTIFY_SOURCE=2 -O2 -isystem /home/tjq4954/.conda/envs/inhyeok/include  -Wl,-O2 -Wl,--sort-common -Wl,--as-needed -Wl,-z,relro -Wl,-z,now -Wl,--disable-new-dtags -Wl,--gc-sections -Wl,--allow-shlib-undefined -Wl,-rpath,/home/tjq4954/.conda/envs/inhyeok/lib -Wl,-rpath-link,/home/tjq4954/.conda/envs/inhyeok/lib -L/home/tjq4954/.conda/envs/inhyeok/lib conftest.c -lz -ldl -lm  >&5
configure:34675: $? = 0
configure:34675: result: yes
configure:34684: checking whether to use pread/pwrite instead of read/write in certain VFDs
configure:34704: result: yes
configure:34724: checking whether to have library information embedded in the executables
configure:34736: result: yes
configure:34880: creating ./config.lt

## ------------------ ##
## Running config.lt. ##
## ------------------ ##
config.lt:726: creating libtool
configure:36862: checking that generated files are newer than configure
configure:36868: result: done
configure:36992: creating ./config.status

## ---------------------- ##
## Running config.status. ##
## ---------------------- ##

This file was extended by HDF5 config.status 1.14.3, which was
generated by GNU Autoconf 2.71.  Invocation command line was

  CONFIG_FILES    = 
  CONFIG_HEADERS  = 
  CONFIG_LINKS    = 
  CONFIG_COMMANDS = 
  $ ./config.status 

on qnode1040

config.status:1724: creating Makefile
config.status:1724: creating doxygen/Doxyfile
config.status:1724: creating src/Makefile
config.status:1724: creating src/libhdf5.settings
config.status:1724: creating src/H5build_settings.c
config.status:1724: creating test/Makefile
config.status:1724: creating test/H5srcdir_str.h
config.status:1724: creating test/test_abort_fail.sh
config.status:1724: creating test/test_check_version.sh
config.status:1724: creating test/test_error.sh
config.status:1724: creating test/test_external_env.sh
config.status:1724: creating test/test_flush_refresh.sh
config.status:1724: creating test/test_libinfo.sh
config.status:1724: creating test/test_links_env.sh
config.status:1724: creating test/test_mirror.sh
config.status:1724: creating test/test_plugin.sh
config.status:1724: creating test/test_swmr.sh
config.status:1724: creating test/test_use_cases.sh
config.status:1724: creating test/test_vds_env.sh
config.status:1724: creating test/test_vds_swmr.sh
config.status:1724: creating testpar/Makefile
config.status:1724: creating testpar/testpflush.sh
config.status:1724: creating utils/Makefile
config.status:1724: creating utils/mirror_vfd/Makefile
config.status:1724: creating utils/test/Makefile
config.status:1724: creating utils/tools/Makefile
config.status:1724: creating utils/tools/h5dwalk/Makefile
config.status:1724: creating utils/tools/test/Makefile
config.status:1724: creating utils/tools/test/h5dwalk/Makefile
config.status:1724: creating utils/tools/test/h5dwalk/copy_demo_files.sh
config.status:1724: creating utils/tools/test/h5dwalk/testh5dwalk.sh
config.status:1724: creating tools/Makefile
config.status:1724: creating tools/lib/Makefile
config.status:1724: creating tools/libtest/Makefile
config.status:1724: creating tools/src/Makefile
config.status:1724: creating tools/src/h5dump/Makefile
config.status:1724: creating tools/src/h5import/Makefile
config.status:1724: creating tools/src/h5diff/Makefile
config.status:1724: creating tools/src/h5jam/Makefile
config.status:1724: creating tools/src/h5repack/Makefile
config.status:1724: creating tools/src/h5ls/Makefile
config.status:1724: creating tools/src/h5copy/Makefile
config.status:1724: creating tools/src/misc/Makefile
config.status:1724: creating tools/src/h5stat/Makefile
config.status:1724: creating tools/test/Makefile
config.status:1724: creating tools/test/h5dump/Makefile
config.status:1724: creating tools/test/h5dump/h5dump_plugin.sh
config.status:1724: creating tools/test/h5dump/testh5dump.sh
config.status:1724: creating tools/test/h5dump/testh5dumppbits.sh
config.status:1724: creating tools/test/h5dump/testh5dumpvds.sh
config.status:1724: creating tools/test/h5dump/testh5dumpxml.sh
config.status:1724: creating tools/test/h5ls/Makefile
config.status:1724: creating tools/test/h5ls/h5ls_plugin.sh
config.status:1724: creating tools/test/h5ls/testh5ls.sh
config.status:1724: creating tools/test/h5ls/testh5lsvds.sh
config.status:1724: creating tools/test/h5import/Makefile
config.status:1724: creating tools/test/h5import/h5importtestutil.sh
config.status:1724: creating tools/test/h5diff/Makefile
config.status:1724: creating tools/test/h5diff/h5diff_plugin.sh
config.status:1724: creating tools/test/h5diff/testh5diff.sh
config.status:1724: creating tools/test/h5diff/testph5diff.sh
config.status:1724: creating tools/src/h5format_convert/Makefile
config.status:1724: creating tools/test/h5format_convert/Makefile
config.status:1724: creating tools/test/h5format_convert/testh5fc.sh
config.status:1724: creating tools/test/h5jam/Makefile
config.status:1724: creating tools/test/h5jam/testh5jam.sh
config.status:1724: creating tools/test/h5repack/Makefile
config.status:1724: creating tools/test/h5repack/h5repack.sh
config.status:1724: creating tools/test/h5repack/h5repack_plugin.sh
config.status:1724: creating tools/test/h5copy/Makefile
config.status:1724: creating tools/test/h5copy/testh5copy.sh
config.status:1724: creating tools/test/misc/Makefile
config.status:1724: creating tools/test/misc/testh5clear.sh
config.status:1724: creating tools/test/misc/testh5mkgrp.sh
config.status:1724: creating tools/test/misc/testh5repart.sh
config.status:1724: creating tools/test/misc/vds/Makefile
config.status:1724: creating tools/test/h5stat/Makefile
config.status:1724: creating tools/test/h5stat/testh5stat.sh
config.status:1724: creating tools/src/h5perf/Makefile
config.status:1724: creating tools/test/perform/Makefile
config.status:1724: creating examples/Makefile
config.status:1724: creating examples/run-c-ex.sh
config.status:1724: creating examples/testh5cc.sh
config.status:1724: creating bin/h5cc
config.status:1724: creating bin/Makefile
config.status:1724: creating c++/Makefile
config.status:1724: creating c++/src/Makefile
config.status:1724: creating c++/src/h5c++
config.status:1724: creating c++/test/Makefile
config.status:1724: creating c++/test/H5srcdir_str.h
config.status:1724: creating c++/examples/Makefile
config.status:1724: creating c++/examples/run-c++-ex.sh
config.status:1724: creating c++/examples/testh5c++.sh
config.status:1724: creating fortran/Makefile
config.status:1724: creating fortran/src/h5fc
config.status:1724: creating fortran/src/Makefile
config.status:1724: creating fortran/src/H5fort_type_defines.h
config.status:1724: creating fortran/test/Makefile
config.status:1724: creating fortran/testpar/Makefile
config.status:1724: creating fortran/examples/Makefile
config.status:1724: creating fortran/examples/run-fortran-ex.sh
config.status:1724: creating fortran/examples/testh5fc.sh
config.status:1724: creating java/Makefile
config.status:1724: creating java/src/Makefile
config.status:1724: creating java/src/jni/Makefile
config.status:1724: creating java/test/Makefile
config.status:1724: creating java/test/junit.sh
config.status:1724: creating java/examples/Makefile
config.status:1724: creating java/examples/intro/Makefile
config.status:1724: creating java/examples/intro/JavaIntroExample.sh
config.status:1724: creating java/examples/datasets/Makefile
config.status:1724: creating java/examples/datasets/JavaDatasetExample.sh
config.status:1724: creating java/examples/datatypes/Makefile
config.status:1724: creating java/examples/datatypes/JavaDatatypeExample.sh
config.status:1724: creating java/examples/groups/Makefile
config.status:1724: creating java/examples/groups/JavaGroupExample.sh
config.status:1724: creating hl/Makefile
config.status:1724: creating hl/src/Makefile
config.status:1724: creating hl/test/Makefile
config.status:1724: creating hl/test/H5srcdir_str.h
config.status:1724: creating hl/tools/Makefile
config.status:1724: creating hl/tools/gif2h5/Makefile
config.status:1724: creating hl/tools/gif2h5/h52giftest.sh
config.status:1724: creating hl/tools/h5watch/Makefile
config.status:1724: creating hl/tools/h5watch/testh5watch.sh
config.status:1724: creating hl/examples/Makefile
config.status:1724: creating hl/examples/run-hlc-ex.sh
config.status:1724: creating hl/c++/Makefile
config.status:1724: creating hl/c++/src/Makefile
config.status:1724: creating hl/c++/test/Makefile
config.status:1724: creating hl/c++/examples/Makefile
config.status:1724: creating hl/c++/examples/run-hlc++-ex.sh
config.status:1724: creating hl/fortran/Makefile
config.status:1724: creating hl/fortran/src/Makefile
config.status:1724: creating hl/fortran/test/Makefile
config.status:1724: creating hl/fortran/examples/Makefile
config.status:1724: creating hl/fortran/examples/run-hlfortran-ex.sh
config.status:1724: creating utils/subfiling_vfd/h5fuse.sh
config.status:1724: creating src/H5config.h
config.status:1905: src/H5config.h is unchanged
config.status:1984: executing pubconf commands
config.status:1984: executing depfiles commands
config.status:2082: cd src       && sed -e '/# am--include-marker/d' Makefile         | make -f - am--depfiles
make: Nothing to be done for `am--depfiles'.
config.status:2087: $? = 0
config.status:2082: cd test       && sed -e '/# am--include-marker/d' Makefile         | make -f - am--depfiles
make: Nothing to be done for `am--depfiles'.
config.status:2087: $? = 0
config.status:2082: cd testpar       && sed -e '/# am--include-marker/d' Makefile         | make -f - am--depfiles
make: Nothing to be done for `am--depfiles'.
config.status:2087: $? = 0
config.status:2082: cd utils/mirror_vfd       && sed -e '/# am--include-marker/d' Makefile         | make -f - am--depfiles
make: Nothing to be done for `am--depfiles'.
config.status:2087: $? = 0
config.status:2082: cd utils/test       && sed -e '/# am--include-marker/d' Makefile         | make -f - am--depfiles
make: Nothing to be done for `am--depfiles'.
config.status:2087: $? = 0
config.status:2082: cd utils/tools/h5dwalk       && sed -e '/# am--include-marker/d' Makefile         | make -f - am--depfiles
make: Nothing to be done for `am--depfiles'.
config.status:2087: $? = 0
config.status:2082: cd tools/lib       && sed -e '/# am--include-marker/d' Makefile         | make -f - am--depfiles
make: Nothing to be done for `am--depfiles'.
config.status:2087: $? = 0
config.status:2082: cd tools/libtest       && sed -e '/# am--include-marker/d' Makefile         | make -f - am--depfiles
make: Nothing to be done for `am--depfiles'.
config.status:2087: $? = 0
config.status:2082: cd tools/src/h5dump       && sed -e '/# am--include-marker/d' Makefile         | make -f - am--depfiles
make: Nothing to be done for `am--depfiles'.
config.status:2087: $? = 0
config.status:2082: cd tools/src/h5import       && sed -e '/# am--include-marker/d' Makefile         | make -f - am--depfiles
make: Nothing to be done for `am--depfiles'.
config.status:2087: $? = 0
config.status:2082: cd tools/src/h5diff       && sed -e '/# am--include-marker/d' Makefile         | make -f - am--depfiles
make: Nothing to be done for `am--depfiles'.
config.status:2087: $? = 0
config.status:2082: cd tools/src/h5jam       && sed -e '/# am--include-marker/d' Makefile         | make -f - am--depfiles
make: Nothing to be done for `am--depfiles'.
config.status:2087: $? = 0
config.status:2082: cd tools/src/h5repack       && sed -e '/# am--include-marker/d' Makefile         | make -f - am--depfiles
make: Nothing to be done for `am--depfiles'.
config.status:2087: $? = 0
config.status:2082: cd tools/src/h5ls       && sed -e '/# am--include-marker/d' Makefile         | make -f - am--depfiles
make: Nothing to be done for `am--depfiles'.
config.status:2087: $? = 0
config.status:2082: cd tools/src/h5copy       && sed -e '/# am--include-marker/d' Makefile         | make -f - am--depfiles
make: Nothing to be done for `am--depfiles'.
config.status:2087: $? = 0
config.status:2082: cd tools/src/misc       && sed -e '/# am--include-marker/d' Makefile         | make -f - am--depfiles
make: Nothing to be done for `am--depfiles'.
config.status:2087: $? = 0
config.status:2082: cd tools/src/h5stat       && sed -e '/# am--include-marker/d' Makefile         | make -f - am--depfiles
make: Nothing to be done for `am--depfiles'.
config.status:2087: $? = 0
config.status:2082: cd tools/test/h5dump       && sed -e '/# am--include-marker/d' Makefile         | make -f - am--depfiles
make: Nothing to be done for `am--depfiles'.
config.status:2087: $? = 0
config.status:2082: cd tools/test/h5ls       && sed -e '/# am--include-marker/d' Makefile         | make -f - am--depfiles
make: Nothing to be done for `am--depfiles'.
config.status:2087: $? = 0
config.status:2082: cd tools/test/h5import       && sed -e '/# am--include-marker/d' Makefile         | make -f - am--depfiles
make: Nothing to be done for `am--depfiles'.
config.status:2087: $? = 0
config.status:2082: cd tools/test/h5diff       && sed -e '/# am--include-marker/d' Makefile         | make -f - am--depfiles
make: Nothing to be done for `am--depfiles'.
config.status:2087: $? = 0
config.status:2082: cd tools/src/h5format_convert       && sed -e '/# am--include-marker/d' Makefile         | make -f - am--depfiles
make: Nothing to be done for `am--depfiles'.
config.status:2087: $? = 0
config.status:2082: cd tools/test/h5format_convert       && sed -e '/# am--include-marker/d' Makefile         | make -f - am--depfiles
make: Nothing to be done for `am--depfiles'.
config.status:2087: $? = 0
config.status:2082: cd tools/test/h5jam       && sed -e '/# am--include-marker/d' Makefile         | make -f - am--depfiles
make: Nothing to be done for `am--depfiles'.
config.status:2087: $? = 0
config.status:2082: cd tools/test/h5repack       && sed -e '/# am--include-marker/d' Makefile         | make -f - am--depfiles
make: Nothing to be done for `am--depfiles'.
config.status:2087: $? = 0
config.status:2082: cd tools/test/h5copy       && sed -e '/# am--include-marker/d' Makefile         | make -f - am--depfiles
make: Nothing to be done for `am--depfiles'.
config.status:2087: $? = 0
config.status:2082: cd tools/test/misc       && sed -e '/# am--include-marker/d' Makefile         | make -f - am--depfiles
make: Nothing to be done for `am--depfiles'.
config.status:2087: $? = 0
config.status:2082: cd tools/test/misc/vds       && sed -e '/# am--include-marker/d' Makefile         | make -f - am--depfiles
make: Nothing to be done for `am--depfiles'.
config.status:2087: $? = 0
config.status:2082: cd tools/test/h5stat       && sed -e '/# am--include-marker/d' Makefile         | make -f - am--depfiles
make: Nothing to be done for `am--depfiles'.
config.status:2087: $? = 0
config.status:2082: cd tools/src/h5perf       && sed -e '/# am--include-marker/d' Makefile         | make -f - am--depfiles
make: Nothing to be done for `am--depfiles'.
config.status:2087: $? = 0
config.status:2082: cd tools/test/perform       && sed -e '/# am--include-marker/d' Makefile         | make -f - am--depfiles
make: Nothing to be done for `am--depfiles'.
config.status:2087: $? = 0
config.status:2082: cd c++/src       && sed -e '/# am--include-marker/d' Makefile         | make -f - am--depfiles
make: Nothing to be done for `am--depfiles'.
config.status:2087: $? = 0
config.status:2082: cd c++/test       && sed -e '/# am--include-marker/d' Makefile         | make -f - am--depfiles
make: Nothing to be done for `am--depfiles'.
config.status:2087: $? = 0
config.status:2082: cd fortran/src       && sed -e '/# am--include-marker/d' Makefile         | make -f - am--depfiles
make: Nothing to be done for `am--depfiles'.
config.status:2087: $? = 0
config.status:2082: cd fortran/test       && sed -e '/# am--include-marker/d' Makefile         | make -f - am--depfiles
make: Nothing to be done for `am--depfiles'.
config.status:2087: $? = 0
config.status:2082: cd java/src/jni       && sed -e '/# am--include-marker/d' Makefile         | make -f - am--depfiles
make: Nothing to be done for `am--depfiles'.
config.status:2087: $? = 0
config.status:2082: cd hl/src       && sed -e '/# am--include-marker/d' Makefile         | make -f - am--depfiles
make: Nothing to be done for `am--depfiles'.
config.status:2087: $? = 0
config.status:2082: cd hl/test       && sed -e '/# am--include-marker/d' Makefile         | make -f - am--depfiles
make: Nothing to be done for `am--depfiles'.
config.status:2087: $? = 0
config.status:2082: cd hl/tools/gif2h5       && sed -e '/# am--include-marker/d' Makefile         | make -f - am--depfiles
make: Nothing to be done for `am--depfiles'.
config.status:2087: $? = 0
config.status:2082: cd hl/tools/h5watch       && sed -e '/# am--include-marker/d' Makefile         | make -f - am--depfiles
make: Nothing to be done for `am--depfiles'.
config.status:2087: $? = 0
config.status:2082: cd hl/c++/src       && sed -e '/# am--include-marker/d' Makefile         | make -f - am--depfiles
make: Nothing to be done for `am--depfiles'.
config.status:2087: $? = 0
config.status:2082: cd hl/c++/test       && sed -e '/# am--include-marker/d' Makefile         | make -f - am--depfiles
make: Nothing to be done for `am--depfiles'.
config.status:2087: $? = 0
config.status:2082: cd hl/fortran/src       && sed -e '/# am--include-marker/d' Makefile         | make -f - am--depfiles
make: Nothing to be done for `am--depfiles'.
config.status:2087: $? = 0
config.status:1984: executing libtool commands
config.status:1984: executing .classes commands

## ---------------- ##
## Cache variables. ##
## ---------------- ##

ac_cv_build=x86_64-conda-linux-gnu
ac_cv_c_bigendian=no
ac_cv_c_compiler_gnu=yes
ac_cv_c_undeclared_builtin_options='none needed'
ac_cv_cxx_compiler_gnu=yes
ac_cv_env_CCC_set=
ac_cv_env_CCC_value=
ac_cv_env_CC_set=set
ac_cv_env_CC_value=/home/tjq4954/.conda/envs/inhyeok/bin/x86_64-conda-linux-gnu-cc
ac_cv_env_CFLAGS_set=set
ac_cv_env_CFLAGS_value='-march=nocona -mtune=haswell -ftree-vectorize -fPIC -fstack-protector-strong -fno-plt -O2 -ffunction-sections -pipe -isystem /home/tjq4954/.conda/envs/inhyeok/include'
ac_cv_env_CPPFLAGS_set=set
ac_cv_env_CPPFLAGS_value='-DNDEBUG -D_FORTIFY_SOURCE=2 -O2 -isystem /home/tjq4954/.conda/envs/inhyeok/include'
ac_cv_env_CXXCPP_set=
ac_cv_env_CXXCPP_value=
ac_cv_env_CXXFLAGS_set=set
ac_cv_env_CXXFLAGS_value='-fvisibility-inlines-hidden -fmessage-length=0 -march=nocona -mtune=haswell -ftree-vectorize -fPIC -fstack-protector-strong -fno-plt -O2 -ffunction-sections -pipe -isystem /home/tjq4954/.conda/envs/inhyeok/include'
ac_cv_env_CXX_set=set
ac_cv_env_CXX_value=/home/tjq4954/.conda/envs/inhyeok/bin/x86_64-conda-linux-gnu-c++
ac_cv_env_DOXYGEN_PAPER_SIZE_set=
ac_cv_env_DOXYGEN_PAPER_SIZE_value=
ac_cv_env_FCFLAGS_set=
ac_cv_env_FCFLAGS_value=
ac_cv_env_FC_set=
ac_cv_env_FC_value=
ac_cv_env_LDFLAGS_set=set
ac_cv_env_LDFLAGS_value='-Wl,-O2 -Wl,--sort-common -Wl,--as-needed -Wl,-z,relro -Wl,-z,now -Wl,--disable-new-dtags -Wl,--gc-sections -Wl,--allow-shlib-undefined -Wl,-rpath,/home/tjq4954/.conda/envs/inhyeok/lib -Wl,-rpath-link,/home/tjq4954/.conda/envs/inhyeok/lib -L/home/tjq4954/.conda/envs/inhyeok/lib'
ac_cv_env_LIBS_set=
ac_cv_env_LIBS_value=
ac_cv_env_LT_SYS_LIBRARY_PATH_set=
ac_cv_env_LT_SYS_LIBRARY_PATH_value=
ac_cv_env_build_alias_set=set
ac_cv_env_build_alias_value=x86_64-conda-linux-gnu
ac_cv_env_host_alias_set=set
ac_cv_env_host_alias_value=x86_64-conda-linux-gnu
ac_cv_env_target_alias_set=
ac_cv_env_target_alias_value=
ac_cv_func_GetConsoleScreenBufferInfo=no
ac_cv_func__getvideoconfig=no
ac_cv_func__scrsize=no
ac_cv_func_alarm=yes
ac_cv_func_asprintf=yes
ac_cv_func_clock_gettime=yes
ac_cv_func_compress2=yes
ac_cv_func_dlopen=no
ac_cv_func_fcntl=yes
ac_cv_func_flock=yes
ac_cv_func_fork=yes
ac_cv_func_gethostname=yes
ac_cv_func_getrusage=yes
ac_cv_func_gettextinfo=no
ac_cv_func_gettimeofday=yes
ac_cv_func_ioctl=yes
ac_cv_func_posix_memalign=yes
ac_cv_func_pread=yes
ac_cv_func_pwrite=yes
ac_cv_func_rand_r=yes
ac_cv_func_random=yes
ac_cv_func_shl_load=no
ac_cv_func_strcasestr=yes
ac_cv_func_strdup=yes
ac_cv_func_symlink=yes
ac_cv_func_tmpfile=yes
ac_cv_func_vasprintf=yes
ac_cv_func_waitpid=yes
ac_cv_have_decl_CLOCK_MONOTONIC=yes
ac_cv_have_decl_O_DIRECT=yes
ac_cv_header_arpa_inet_h=yes
ac_cv_header_dirent_h=yes
ac_cv_header_dlfcn_h=yes
ac_cv_header_features_h=yes
ac_cv_header_inttypes_h=yes
ac_cv_header_netdb_h=yes
ac_cv_header_netinet_in_h=yes
ac_cv_header_pwd_h=yes
ac_cv_header_stdint_h=yes
ac_cv_header_stdio_h=yes
ac_cv_header_stdlib_h=yes
ac_cv_header_string_h=yes
ac_cv_header_strings_h=yes
ac_cv_header_sys_file_h=yes
ac_cv_header_sys_ioctl_h=yes
ac_cv_header_sys_resource_h=yes
ac_cv_header_sys_socket_h=yes
ac_cv_header_sys_stat_h=yes
ac_cv_header_sys_time_h=yes
ac_cv_header_sys_types_h=yes
ac_cv_header_szlib_h=no
ac_cv_header_unistd_h=yes
ac_cv_header_zlib_h=yes
ac_cv_host=x86_64-conda-linux-gnu
ac_cv_lib_dl_dlopen=yes
ac_cv_lib_dld_shl_load=no
ac_cv_lib_m_ceil=yes
ac_cv_lib_z_compress2=yes
ac_cv_objext=o
ac_cv_path_EGREP='/usr/bin/grep -E'
ac_cv_path_FGREP='/usr/bin/grep -F'
ac_cv_path_GREP=/usr/bin/grep
ac_cv_path_SED=/usr/bin/sed
ac_cv_path_TR=/usr/bin/tr
ac_cv_path_install='/usr/bin/install -c'
ac_cv_path_lt_DD=/usr/bin/dd
ac_cv_path_mkdir=/usr/bin/mkdir
ac_cv_prog_AR=/home/tjq4954/.conda/envs/inhyeok/bin/x86_64-conda-linux-gnu-ar
ac_cv_prog_AWK=gawk
ac_cv_prog_CC=/home/tjq4954/.conda/envs/inhyeok/bin/x86_64-conda-linux-gnu-cc
ac_cv_prog_CXXCPP='/home/tjq4954/.conda/envs/inhyeok/bin/x86_64-conda-linux-gnu-c++ -E'
ac_cv_prog_OBJDUMP=/home/tjq4954/.conda/envs/inhyeok/bin/x86_64-conda-linux-gnu-objdump
ac_cv_prog_RANLIB=/home/tjq4954/.conda/envs/inhyeok/bin/x86_64-conda-linux-gnu-ranlib
ac_cv_prog_STRIP=/home/tjq4954/.conda/envs/inhyeok/bin/x86_64-conda-linux-gnu-strip
ac_cv_prog_cc_c11=
ac_cv_prog_cc_g=yes
ac_cv_prog_cc_stdc=
ac_cv_prog_cxx_11=no
ac_cv_prog_cxx_cxx11=
ac_cv_prog_cxx_g=yes
ac_cv_prog_cxx_stdcxx=
ac_cv_prog_make_make_set=yes
ac_cv_search_clock_gettime='none required'
ac_cv_sizeof_bool=1
ac_cv_sizeof_char=1
ac_cv_sizeof_double=8
ac_cv_sizeof_float=4
ac_cv_sizeof_int16_t=2
ac_cv_sizeof_int32_t=4
ac_cv_sizeof_int64_t=8
ac_cv_sizeof_int8_t=1
ac_cv_sizeof_int=4
ac_cv_sizeof_int_fast16_t=8
ac_cv_sizeof_int_fast32_t=8
ac_cv_sizeof_int_fast64_t=8
ac_cv_sizeof_int_fast8_t=1
ac_cv_sizeof_int_least16_t=2
ac_cv_sizeof_int_least32_t=4
ac_cv_sizeof_int_least64_t=8
ac_cv_sizeof_int_least8_t=1
ac_cv_sizeof_long=8
ac_cv_sizeof_long_double=16
ac_cv_sizeof_long_long=8
ac_cv_sizeof_off_t=8
ac_cv_sizeof_ptrdiff_t=8
ac_cv_sizeof_short=2
ac_cv_sizeof_size_t=8
ac_cv_sizeof_ssize_t=8
ac_cv_sizeof_time_t=8
ac_cv_sizeof_uint16_t=2
ac_cv_sizeof_uint32_t=4
ac_cv_sizeof_uint64_t=8
ac_cv_sizeof_uint8_t=1
ac_cv_sizeof_uint_fast16_t=8
ac_cv_sizeof_uint_fast32_t=8
ac_cv_sizeof_uint_fast64_t=8
ac_cv_sizeof_uint_fast8_t=1
ac_cv_sizeof_uint_least16_t=2
ac_cv_sizeof_uint_least32_t=4
ac_cv_sizeof_uint_least64_t=8
ac_cv_sizeof_uint_least8_t=1
ac_cv_sizeof_unsigned=4
ac_cv_sys_file_offset_bits=no
ac_cv_type_off_t=yes
ac_cv_type_ssize_t=yes
am_cv_CC_dependencies_compiler_type=gcc3
am_cv_CXX_dependencies_compiler_type=gcc3
am_cv_make_support_nested_variables=yes
am_cv_prog_cc_c_o=yes
hdf5_cv_direct_io=yes
hdf5_cv_disable_some_ldouble_conv=no
hdf5_cv_host=x86_64-conda-linux-gnu
hdf5_cv_ldouble_to_llong_accurate=yes
hdf5_cv_ldouble_to_long_special=no
hdf5_cv_llong_to_ldouble_correct=yes
hdf5_cv_long_to_ldouble_special=no
hdf5_cv_posix_memalign=yes
lt_cv_ar_at_file=@
lt_cv_archive_cmds_need_lc=no
lt_cv_deplibs_check_method=pass_all
lt_cv_dlopen=dlopen
lt_cv_dlopen_libs=-ldl
lt_cv_dlopen_self=yes
lt_cv_dlopen_self_static=no
lt_cv_file_magic_cmd='$MAGIC_CMD'
lt_cv_file_magic_test_file=
lt_cv_ld_reload_flag=-r
lt_cv_nm_interface='BSD nm'
lt_cv_objdir=.libs
lt_cv_path_LD=/home/tjq4954/.conda/envs/inhyeok/bin/x86_64-conda-linux-gnu-ld
lt_cv_path_NM=/home/tjq4954/.conda/envs/inhyeok/bin/x86_64-conda-linux-gnu-nm
lt_cv_path_mainfest_tool=no
lt_cv_prog_compiler_c_o=yes
lt_cv_prog_compiler_pic='-fPIC -DPIC'
lt_cv_prog_compiler_pic_works=yes
lt_cv_prog_compiler_rtti_exceptions=no
lt_cv_prog_compiler_static_works=yes
lt_cv_prog_gnu_ld=yes
lt_cv_sharedlib_from_linklib_cmd='printf %s\n'
lt_cv_shlibpath_overrides_runpath=no
lt_cv_sys_global_symbol_pipe='sed -n -e '\''s/^.*[	 ]\([ABCDGIRSTW][ABCDGIRSTW]*\)[	 ][	 ]*\([_A-Za-z][_A-Za-z0-9]*\)$/\1 \2 \2/p'\'' | sed '\''/ __gnu_lto/d'\'''
lt_cv_sys_global_symbol_to_c_name_address='sed -n -e '\''s/^: \(.*\) .*$/  {"\1", (void *) 0},/p'\'' -e '\''s/^[ABCDGIRSTW][ABCDGIRSTW]* .* \(.*\)$/  {"\1", (void *) \&\1},/p'\'''
lt_cv_sys_global_symbol_to_c_name_address_lib_prefix='sed -n -e '\''s/^: \(.*\) .*$/  {"\1", (void *) 0},/p'\'' -e '\''s/^[ABCDGIRSTW][ABCDGIRSTW]* .* \(lib.*\)$/  {"\1", (void *) \&\1},/p'\'' -e '\''s/^[ABCDGIRSTW][ABCDGIRSTW]* .* \(.*\)$/  {"lib\1", (void *) \&\1},/p'\'''
lt_cv_sys_global_symbol_to_cdecl='sed -n -e '\''s/^T .* \(.*\)$/extern int \1();/p'\'' -e '\''s/^[ABCDGIRSTW][ABCDGIRSTW]* .* \(.*\)$/extern char \1;/p'\'''
lt_cv_sys_global_symbol_to_import=
lt_cv_sys_max_cmd_len=3458764513820540925
lt_cv_to_host_file_cmd=func_convert_file_noop
lt_cv_to_tool_file_cmd=func_convert_file_noop
lt_cv_truncate_bin='/usr/bin/dd bs=4096 count=1'

## ----------------- ##
## Output variables. ##
## ----------------- ##

ACLOCAL='${SHELL} /home/tjq4954/Multiome_PBMC/hdf5-1.14.3/bin/missing aclocal-1.16'
ADD_PARALLEL_FILES='no'
AMDEPBACKSLASH='\'
AMDEP_FALSE='#'
AMDEP_TRUE=''
AMTAR='$${TAR-tar}'
AM_BACKSLASH='\'
AM_CFLAGS=''
AM_CPPFLAGS=''
AM_CXXFLAGS=''
AM_DEFAULT_V='$(AM_DEFAULT_VERBOSITY)'
AM_DEFAULT_VERBOSITY='0'
AM_FCFLAGS=''
AM_JAVACFLAGS=''
AM_JAVAFLAGS=''
AM_JNIFLAGS=''
AM_LDFLAGS=''
AM_V='$(V)'
AR='/home/tjq4954/.conda/envs/inhyeok/bin/x86_64-conda-linux-gnu-ar'
AR_FLAGS='cr'
ASSERTS='no'
AUTOCONF='${SHELL} /home/tjq4954/Multiome_PBMC/hdf5-1.14.3/bin/missing autoconf'
AUTOHEADER='${SHELL} /home/tjq4954/Multiome_PBMC/hdf5-1.14.3/bin/missing autoheader'
AUTOMAKE='${SHELL} /home/tjq4954/Multiome_PBMC/hdf5-1.14.3/bin/missing automake-1.16'
AWK='gawk'
BUILD_ALL_CONDITIONAL_FALSE=''
BUILD_ALL_CONDITIONAL_TRUE='#'
BUILD_CXX_CONDITIONAL_FALSE=''
BUILD_CXX_CONDITIONAL_TRUE='#'
BUILD_DOXYGEN_CONDITIONAL_FALSE=''
BUILD_DOXYGEN_CONDITIONAL_TRUE='#'
BUILD_FORTRAN_CONDITIONAL_FALSE=''
BUILD_FORTRAN_CONDITIONAL_TRUE='#'
BUILD_HDF5_HL_CONDITIONAL_FALSE='#'
BUILD_HDF5_HL_CONDITIONAL_TRUE=''
BUILD_JAVA_CONDITIONAL_FALSE=''
BUILD_JAVA_CONDITIONAL_TRUE='#'
BUILD_MODE='production'
BUILD_PARALLEL_CONDITIONAL_FALSE=''
BUILD_PARALLEL_CONDITIONAL_TRUE='#'
BUILD_SHARED_SZIP_CONDITIONAL_FALSE=''
BUILD_SHARED_SZIP_CONDITIONAL_TRUE='#'
BUILD_TESTS_CONDITIONAL_FALSE='#'
BUILD_TESTS_CONDITIONAL_TRUE=''
BUILD_TESTS_PARALLEL_CONDITIONAL_FALSE=''
BUILD_TESTS_PARALLEL_CONDITIONAL_TRUE='#'
BUILD_TOOLS_CONDITIONAL_FALSE='#'
BUILD_TOOLS_CONDITIONAL_TRUE=''
BUILD_TOOLS_HL_GIF_CONDITIONAL_FALSE=''
BUILD_TOOLS_HL_GIF_CONDITIONAL_TRUE='#'
BYTESEX='little-endian'
CC='/home/tjq4954/.conda/envs/inhyeok/bin/x86_64-conda-linux-gnu-cc'
CCDEPMODE='depmode=gcc3'
CC_VERSION='/home/tjq4954/.conda/envs/inhyeok/bin/x86_64-conda-linux-gnu-cc'
CFLAGS='-march=nocona -mtune=haswell -ftree-vectorize -fPIC -fstack-protector-strong -fno-plt -O2 -ffunction-sections -pipe -isystem /home/tjq4954/.conda/envs/inhyeok/include'
CLANG_SANITIZE_CHECKS='none'
CODESTACK='no'
CONFIG_DATE='Tue Jan 16 22:13:45 CST 2024'
CONFIG_MODE=''
CONFIG_USER='tjq4954@qnode1040'
CPPFLAGS='-DNDEBUG -D_FORTIFY_SOURCE=2 -O2 -isystem /home/tjq4954/.conda/envs/inhyeok/include'
CXX='no'
CXXCPP='/home/tjq4954/.conda/envs/inhyeok/bin/x86_64-conda-linux-gnu-c++ -E'
CXXDEPMODE='depmode=gcc3'
CXXFLAGS='-fvisibility-inlines-hidden -fmessage-length=0 -march=nocona -mtune=haswell -ftree-vectorize -fPIC -fstack-protector-strong -fno-plt -O2 -ffunction-sections -pipe -isystem /home/tjq4954/.conda/envs/inhyeok/include'
CXX_VERSION='no'
CYGPATH_W='echo'
DEFAULT_API_VERSION='v114'
DEFS='-DHAVE_CONFIG_H'
DEPDIR='.deps'
DEPRECATED_SYMBOLS='yes'
DESIRED_FILE_LOCKING='best-effort'
DIAGS='no'
DIMENSION_SCALES_WITH_NEW_REF='no'
DIRECT_VFD='no'
DIRECT_VFD_CONDITIONAL_FALSE=''
DIRECT_VFD_CONDITIONAL_TRUE='#'
DLLTOOL='false'
DOT_PATH=''
DOXYGEN_DIR=''
DOXYGEN_EXAMPLES_DIRECTORY=''
DOXYGEN_EXTERNAL_SEARCH=''
DOXYGEN_HTML_EXTRA_FILES=''
DOXYGEN_HTML_EXTRA_STYLESHEET=''
DOXYGEN_HTML_FOOTER=''
DOXYGEN_HTML_HEADER=''
DOXYGEN_INCLUDE_ALIASES=''
DOXYGEN_INPUT_DIRECTORY=''
DOXYGEN_LAYOUT_FILE=''
DOXYGEN_MACRO_EXPANSION=''
DOXYGEN_OPTIMIZE_OUTPUT_FOR_C=''
DOXYGEN_OUTPUT_DIRECTORY=''
DOXYGEN_PACKAGE=''
DOXYGEN_PAPER_SIZE=''
DOXYGEN_PREDEFINED=''
DOXYGEN_PROJECT_BRIEF=''
DOXYGEN_PROJECT_LOGO=''
DOXYGEN_SEARCHENGINE_URL=''
DOXYGEN_SERVER_BASED_SEARCH=''
DOXYGEN_STRIP_FROM_INC_PATH=''
DOXYGEN_STRIP_FROM_PATH=''
DOXYGEN_TAG_FILE=''
DOXYGEN_VERSION_STRING=''
DSYMUTIL=''
DUMPBIN=''
DX_CONFIG=''
DX_DOCDIR=''
DX_DOT=''
DX_DOXYGEN=''
DX_DVIPS=''
DX_EGREP=''
DX_ENV=''
DX_FLAG_chi=''
DX_FLAG_chm=''
DX_FLAG_doc=''
DX_FLAG_dot=''
DX_FLAG_html=''
DX_FLAG_man=''
DX_FLAG_pdf=''
DX_FLAG_ps=''
DX_FLAG_rtf=''
DX_FLAG_xml=''
DX_HHC=''
DX_LATEX=''
DX_MAKEINDEX=''
DX_PDFLATEX=''
DX_PERL=''
DX_PROJECT=''
DX_RULES=''
ECHO_C=''
ECHO_N='-n'
ECHO_T=''
EGREP='/usr/bin/grep -E'
EXEEXT=''
EXTERNAL_FILTERS='deflate(zlib)'
F9XMODEXT=''
F9XMODFLAG=''
F9XSUFFIXFLAG=''
FC='no'
FCFLAGS=''
FCFLAGS_f90=''
FCLIBS=''
FC_VERSION='no'
FGREP='/usr/bin/grep -F'
FORTRAN_C_LONG_DOUBLE_IS_UNIQUE=''
FORTRAN_HAVE_C_LONG_DOUBLE=''
FORTRAN_SHARED_CONDITIONAL_FALSE=''
FORTRAN_SHARED_CONDITIONAL_TRUE='#'
FSEARCH_DIRS=''
Fortran_COMPILER_ID=''
GENERATE_CHI=''
GENERATE_HTML=''
GENERATE_HTMLHELP=''
GENERATE_LATEX=''
GENERATE_MAN=''
GENERATE_RTF=''
GENERATE_XML=''
GREP='/usr/bin/grep'
H5CONFIG_F_IKIND=''
H5CONFIG_F_NUM_IKIND=''
H5CONFIG_F_NUM_RKIND=''
H5CONFIG_F_RKIND=''
H5CONFIG_F_RKIND_SIZEOF=''
H5DWALK_CPPFLAGS=''
H5DWALK_LDFLAGS=''
H5DWALK_LIBS=''
H5_CFLAGS=' -std=c99  -Wall -Wcast-qual -Wconversion -Wextra -Wfloat-equal -Wformat=2 -Winit-self -Winvalid-pch -Wmissing-include-dirs -Wshadow -Wundef -Wwrite-strings -pedantic -Wno-c++-compat -Wlarger-than=2560 -Wlogical-op -Wframe-larger-than=16384 -Wpacked-bitfield-compat -Wsync-nand -Wno-unsuffixed-float-constants -Wdouble-promotion -Wtrampolines -Wstack-usage=8192 -Wmaybe-uninitialized -Wdate-time -Warray-bounds=2 -Wc99-c11-compat -Wduplicated-cond -Whsa -Wnormalized -Wnull-dereference -Wunused-const-variable -Walloca -Walloc-zero -Wduplicated-branches -Wformat-overflow=2 -Wformat-truncation=1 -Wattribute-alias -Wcast-align=strict -Wshift-overflow=2 -Wattribute-alias=2 -Wmissing-profile -Wc11-c2x-compat -fstdarg-opt -fdiagnostics-urls=never -fno-diagnostics-color -s  -Wbad-function-cast -Wcast-align -Wformat -Wimplicit-function-declaration -Wint-to-pointer-cast -Wmissing-declarations -Wmissing-prototypes -Wnested-externs -Wold-style-definition -Wpacked -Wpointer-sign -Wpointer-to-int-cast -Wredundant-decls -Wstrict-prototypes -Wswitch -Wunused-but-set-variable -Wunused-variable -Wunused-function -Wunused-parameter -Wincompatible-pointer-types -Wint-conversion -Wshadow -Wrestrict -Wcast-function-type -Wmaybe-uninitialized -Wno-aggregate-return -Wno-inline -Wno-missing-format-attribute -Wno-missing-noreturn -Wno-overlength-strings -Wno-jump-misses-init -Wstrict-overflow=2 -Wno-suggest-attribute=const -Wno-suggest-attribute=noreturn -Wno-suggest-attribute=pure -Wno-suggest-attribute=format -Wno-suggest-attribute=cold -Wno-suggest-attribute=malloc -O3'
H5_CLASSPATH=''
H5_CPPFLAGS='-D_GNU_SOURCE -D_POSIX_C_SOURCE=200809L   -DNDEBUG -UH5_DEBUG_API -I/home/tjq4954/Multiome_PBMC/hdf5-1.14.3/src/H5FDsubfiling'
H5_CXXFLAGS='  -std=c++11 -Wall -Wcast-qual -Wconversion -Wctor-dtor-privacy -Weffc++ -Wextra -Wfloat-equal -Wformat=2 -Winit-self -Winvalid-pch -Wmissing-include-dirs -Wnon-virtual-dtor -Wold-style-cast -Woverloaded-virtual -Wreorder -Wshadow -Wsign-promo -Wundef -Wwrite-strings -pedantic -Wlarger-than=2560 -Wlogical-op -Wframe-larger-than=16384 -Wpacked-bitfield-compat -Wsync-nand -Wdouble-promotion -Wtrampolines -Wstack-usage=8192 -Wmaybe-uninitialized -Wdate-time -Wopenmp-simd -Warray-bounds=2 -Wduplicated-cond -Whsa -Wnormalized -Wnull-dereference -Wunused-const-variable -Walloca -Walloc-zero -Wduplicated-branches -Wformat-overflow=2 -Wformat-truncation=1 -Wattribute-alias -Wcast-align=strict -Wshift-overflow=2 -Wattribute-alias=2 -Wmissing-profile -Wno-deprecated-copy -fstdarg-opt -fdiagnostics-urls=never -fno-diagnostics-color -s  -Wcast-align -Wmissing-declarations -Wpacked -Wredundant-decls -Wswitch -Wunused-but-set-variable -Wunused-function -Wunused-variable -Wunused-parameter -Wshadow -O3'
H5_FCFLAGS='     '
H5_FORTRAN_SHARED='no'
H5_IS_DARWIN='no'
H5_JAVACFLAGS=''
H5_JAVAFLAGS=''
H5_JNIFLAGS=''
H5_LDFLAGS=''
H5_TEST_BUILDDIR='test'
H5_UTILS_TEST_BUILDDIR='utils/test'
H5_VERSION='1.14.3'
HADDR_T=''
HAVE_DOT=''
HAVE_Fortran_INTEGER_SIZEOF_16=''
HAVE_LIBHDFS='no'
HAVE_MERCURY='no'
HAVE_MERCURY_CONDITIONAL_FALSE=''
HAVE_MERCURY_CONDITIONAL_TRUE='#'
HAVE_PTHREAD=''
HAVE_SHARED_CONDITIONAL_FALSE='#'
HAVE_SHARED_CONDITIONAL_TRUE=''
HDF5_DOXYGEN='no'
HDF5_DOXY_WARNINGS='FAIL_ON_WARNINGS'
HDF5_HL='yes'
HDF5_HL_GIF_TOOLS='no'
HDF5_HL_TOOLS='yes'
HDF5_INTERFACES=''
HDF5_TESTS='yes'
HDF5_TOOLS='yes'
HDFS_VFD_CONDITIONAL_FALSE=''
HDFS_VFD_CONDITIONAL_TRUE='#'
HDF_CXX='no'
HDF_FORTRAN='no'
HDF_JAVA='no'
HHC_PATH=''
HID_T=''
HL='hl'
HL_FOR=''
HL_TOOLS=''
HSIZE_T=''
HSSIZE_T=''
IGNORE_DISABLED_FILE_LOCKS=''
INSTALL_DATA='${INSTALL} -m 644'
INSTALL_PROGRAM='${INSTALL}'
INSTALL_SCRIPT='${INSTALL}'
INSTALL_STRIP_PROGRAM='$(install_sh) -c -s'
INSTRUMENT_LIBRARY='no'
INTERNAL_DEBUG_OUTPUT='none'
IOC_VFD_CONDITIONAL_FALSE=''
IOC_VFD_CONDITIONAL_TRUE='#'
JAR=''
JAVA=''
JAVAC=''
JAVACFLAGS=''
JAVADOC=''
JAVAFLAGS=''
JAVAPREFIX=''
JAVA_JUNIT=''
JAVA_PATH_NAME=''
JAVA_VERSION='/home/tjq4954/.conda/envs/inhyeok/bin/ (./configure: line 34470: -version: command not found)'
JNIFLAGS=''
JNI_LDFLAGS=''
JUNIT=''
LARGE_PARALLEL_IO='no'
LD='/home/tjq4954/.conda/envs/inhyeok/bin/x86_64-conda-linux-gnu-ld'
LDFLAGS='-Wl,-O2 -Wl,--sort-common -Wl,--as-needed -Wl,-z,relro -Wl,-z,now -Wl,--disable-new-dtags -Wl,--gc-sections -Wl,--allow-shlib-undefined -Wl,-rpath,/home/tjq4954/.conda/envs/inhyeok/lib -Wl,-rpath-link,/home/tjq4954/.conda/envs/inhyeok/lib -L/home/tjq4954/.conda/envs/inhyeok/lib'
LIBOBJS=''
LIBS='-lz -ldl -lm '
LIBTOOL='$(SHELL) $(top_builddir)/libtool'
LIPO=''
LL_PATH=''
LN_S='ln -s'
LTLIBOBJS=''
LT_STATIC_EXEC=''
LT_SYS_LIBRARY_PATH=''
MAINT='#'
MAINTAINER_MODE_FALSE=''
MAINTAINER_MODE_TRUE='#'
MAKEINFO='${SHELL} /home/tjq4954/Multiome_PBMC/hdf5-1.14.3/bin/missing makeinfo'
MANIFEST_TOOL=':'
MAP_API='no'
MIRROR_VFD='no'
MIRROR_VFD_CONDITIONAL_FALSE=''
MIRROR_VFD_CONDITIONAL_TRUE='#'
MKDIR_P='/usr/bin/mkdir -p'
NM='/home/tjq4954/.conda/envs/inhyeok/bin/x86_64-conda-linux-gnu-nm'
NMEDIT=''
OBJDUMP='/home/tjq4954/.conda/envs/inhyeok/bin/x86_64-conda-linux-gnu-objdump'
OBJECT_NAMELEN_DEFAULT_F=''
OBJEXT='o'
OPTIMIZATION='high'
OTOOL64=''
OTOOL=''
PACKAGE='hdf5'
PACKAGE_BUGREPORT='help@hdfgroup.org'
PACKAGE_NAME='HDF5'
PACKAGE_STRING='HDF5 1.14.3'
PACKAGE_TARNAME='hdf5'
PACKAGE_URL=''
PACKAGE_VERSION='1.14.3'
PAC_C_MAX_REAL_PRECISION=''
PAC_FC_ALL_INTEGER_KINDS=''
PAC_FC_ALL_INTEGER_KINDS_SIZEOF=''
PAC_FC_ALL_REAL_KINDS=''
PAC_FC_ALL_REAL_KINDS_SIZEOF=''
PAC_FC_MAX_REAL_PRECISION=''
PAC_FORTRAN_NATIVE_DOUBLE_KIND=''
PAC_FORTRAN_NATIVE_DOUBLE_SIZEOF=''
PAC_FORTRAN_NATIVE_INTEGER_KIND=''
PAC_FORTRAN_NATIVE_INTEGER_SIZEOF=''
PAC_FORTRAN_NATIVE_REAL_KIND=''
PAC_FORTRAN_NATIVE_REAL_SIZEOF=''
PAC_FORTRAN_NUM_INTEGER_KINDS=''
PAPER_SIZE=''
PARALLEL='no'
PARALLEL_FILTERED_WRITES='no'
PARALLEL_TOOLS='no'
PARALLEL_TOOLS_CONDITIONAL_FALSE=''
PARALLEL_TOOLS_CONDITIONAL_TRUE='#'
PATH_SEPARATOR=':'
PERL_PATH=''
PREADWRITE='yes'
PROFILING='no'
PROJECT=''
RANLIB='/home/tjq4954/.conda/envs/inhyeok/bin/x86_64-conda-linux-gnu-ranlib'
ROOT='/home/tjq4954/Multiome_PBMC/hdf5-1.14.3'
ROS3_VFD='no'
ROS3_VFD_CONDITIONAL_FALSE=''
ROS3_VFD_CONDITIONAL_TRUE='#'
RUNPARALLEL=''
RUNSERIAL=''
R_INTEGER=''
R_LARGE=''
SEARCH='$(srcdir) $(top_builddir)/src $(top_srcdir)/src'
SED='/usr/bin/sed'
SET_MAKE=''
SHELL='/bin/sh'
SIZE_T=''
SRCDIR=''
STATIC_EXEC='no'
STATIC_SHARED='static, shared'
STRICT_FORMAT_CHECKS='no'
STRIP='/home/tjq4954/.conda/envs/inhyeok/bin/x86_64-conda-linux-gnu-strip'
SUBFILING_VFD='no'
SUBFILING_VFD_CONDITIONAL_FALSE=''
SUBFILING_VFD_CONDITIONAL_TRUE='#'
SYMBOLS='no'
TESTPARALLEL=''
TESTS_JUNIT=''
THREADSAFE='no'
TIME=''
TR='/usr/bin/tr'
TRACE_API='no'
UNAME_INFO='Linux qnode1040 3.10.0-1160.95.1.el7.x86_64 #1 SMP Fri Jun 23 08:44:55 EDT 2023 x86_64 x86_64 x86_64 GNU/Linux'
USE_FILE_LOCKING=''
USE_FILTER_DEFLATE='yes'
USE_FILTER_SZIP='no'
USE_PLUGINS_CONDITIONAL_FALSE='#'
USE_PLUGINS_CONDITIONAL_TRUE=''
USINGMEMCHECKER='no'
VERSION='1.14.3'
WORDS_BIGENDIAN='no'
_ACJNI_JAVAC=''
ac_ct_AR=''
ac_ct_CC=''
ac_ct_CXX=''
ac_ct_DUMPBIN=''
ac_ct_FC=''
am__EXEEXT_FALSE=''
am__EXEEXT_TRUE='#'
am__fastdepCC_FALSE='#'
am__fastdepCC_TRUE=''
am__fastdepCXX_FALSE='#'
am__fastdepCXX_TRUE=''
am__include='include'
am__isrc=''
am__leading_dot='.'
am__nodep='_no'
am__quote=''
am__tar='$${TAR-tar} chof - "$$tardir"'
am__untar='$${TAR-tar} xf -'
bindir='${exec_prefix}/bin'
build='x86_64-conda-linux-gnu'
build_alias='x86_64-conda-linux-gnu'
build_cpu='x86_64'
build_os='linux-gnu'
build_vendor='conda'
datadir='${datarootdir}'
datarootdir='${prefix}/share'
docdir='${datarootdir}/doc/${PACKAGE_TARNAME}'
dvidir='${docdir}'
enable_shared='yes'
enable_static='yes'
examplesdir='${prefix}/share/hdf5_examples'
exec_prefix='${prefix}'
fmoddir=''
fortran_linux_linker_option=''
host='x86_64-conda-linux-gnu'
host_alias='x86_64-conda-linux-gnu'
host_cpu='x86_64'
host_os='linux-gnu'
host_vendor='conda'
htmldir='${docdir}'
includedir='${prefix}/include'
infodir='${datarootdir}/info'
install_sh='${SHELL} /home/tjq4954/Multiome_PBMC/hdf5-1.14.3/bin/install-sh'
libdir='${exec_prefix}/lib'
libexecdir='${exec_prefix}/libexec'
localedir='${datarootdir}/locale'
localstatedir='${prefix}/var'
mandir='${datarootdir}/man'
mkdir_p='$(MKDIR_P)'
oldincludedir='/usr/include'
pdfdir='${docdir}'
prefix='/home/tjq4954/hdf5'
program_transform_name='s,x,x,'
psdir='${docdir}'
runstatedir='${localstatedir}/run'
sbindir='${exec_prefix}/sbin'
sharedstatedir='${prefix}/com'
sysconfdir='${prefix}/etc'
target_alias=''

## ----------- ##
## confdefs.h. ##
## ----------- ##

/* confdefs.h */
#define PACKAGE_NAME "HDF5"
#define PACKAGE_TARNAME "hdf5"
#define PACKAGE_VERSION "1.14.3"
#define PACKAGE_STRING "HDF5 1.14.3"
#define PACKAGE_BUGREPORT "help@hdfgroup.org"
#define PACKAGE_URL ""
#define PACKAGE "hdf5"
#define VERSION "1.14.3"
#define HAVE_STDIO_H 1
#define HAVE_STDLIB_H 1
#define HAVE_STRING_H 1
#define HAVE_INTTYPES_H 1
#define HAVE_STDINT_H 1
#define HAVE_STRINGS_H 1
#define HAVE_SYS_STAT_H 1
#define HAVE_SYS_TYPES_H 1
#define HAVE_UNISTD_H 1
#define STDC_HEADERS 1
#define SIZEOF_CHAR 1
#define SIZEOF_SHORT 2
#define SIZEOF_INT 4
#define SIZEOF_UNSIGNED 4
#define SIZEOF_LONG 8
#define SIZEOF_LONG_LONG 8
#define SIZEOF_FLOAT 4
#define SIZEOF_DOUBLE 8
#define SIZEOF_LONG_DOUBLE 16
#define INCLUDE_HL 1
#define TEST_EXPRESS_LEVEL_DEFAULT 3
#define HAVE_DLFCN_H 1
#define LT_OBJDIR ".libs/"
#define HAVE_LIBM 1
#define HAVE_LIBDL 1
#define HAVE_DIRENT_H 1
#define HAVE_FEATURES_H 1
#define HAVE_PWD_H 1
#define HAVE_UNISTD_H 1
#define HAVE_SYS_FILE_H 1
#define HAVE_SYS_IOCTL_H 1
#define HAVE_SYS_RESOURCE_H 1
#define HAVE_SYS_STAT_H 1
#define HAVE_SYS_TIME_H 1
#define HAVE_SYS_TYPES_H 1
#define HAVE_ARPA_INET_H 1
#define HAVE_NETDB_H 1
#define HAVE_NETINET_IN_H 1
#define HAVE_SYS_SOCKET_H 1
#define SIZEOF_INT8_T 1
#define SIZEOF_UINT8_T 1
#define SIZEOF_INT_LEAST8_T 1
#define SIZEOF_UINT_LEAST8_T 1
#define SIZEOF_INT_FAST8_T 1
#define SIZEOF_UINT_FAST8_T 1
#define SIZEOF_INT16_T 2
#define SIZEOF_UINT16_T 2
#define SIZEOF_INT_LEAST16_T 2
#define SIZEOF_UINT_LEAST16_T 2
#define SIZEOF_INT_FAST16_T 8
#define SIZEOF_UINT_FAST16_T 8
#define SIZEOF_INT32_T 4
#define SIZEOF_UINT32_T 4
#define SIZEOF_INT_LEAST32_T 4
#define SIZEOF_UINT_LEAST32_T 4
#define SIZEOF_INT_FAST32_T 8
#define SIZEOF_UINT_FAST32_T 8
#define SIZEOF_INT64_T 8
#define SIZEOF_UINT64_T 8
#define SIZEOF_INT_LEAST64_T 8
#define SIZEOF_UINT_LEAST64_T 8
#define SIZEOF_INT_FAST64_T 8
#define SIZEOF_UINT_FAST64_T 8
#define SIZEOF_BOOL 1
#define SIZEOF_OFF_T 8
#define SIZEOF_PTRDIFF_T 8
#define SIZEOF_SIZE_T 8
#define SIZEOF_SSIZE_T 8
#define SIZEOF_TIME_T 8
#define DEV_T_IS_SCALAR 1
#define HAVE_ZLIB_H 1
#define HAVE_LIBZ 1
#define HAVE_FILTER_DEFLATE 1
#define HAVE_TM_GMTOFF 1
#define HAVE_TIMEZONE 1
#define HAVE_STAT_ST_BLOCKS 1
#define HAVE_IOCTL 1
#define HAVE_TIOCGWINSZ 1
#define HAVE_TIOCGETD 1
#define HAVE_ALARM 1
#define HAVE_ASPRINTF 1
#define HAVE_CLOCK_GETTIME 1
#define HAVE_FCNTL 1
#define HAVE_FLOCK 1
#define HAVE_FORK 1
#define HAVE_GETHOSTNAME 1
#define HAVE_GETRUSAGE 1
#define HAVE_GETTIMEOFDAY 1
#define HAVE_RAND_R 1
#define HAVE_RANDOM 1
#define HAVE_STRCASESTR 1
#define HAVE_STRDUP 1
#define HAVE_SYMLINK 1
#define HAVE_TMPFILE 1
#define HAVE_VASPRINTF 1
#define HAVE_WAITPID 1
#define HAVE_ATTRIBUTE 1
#define USE_FILE_LOCKING 1
#define IGNORE_DISABLED_FILE_LOCKS 1
#define EXAMPLESDIR "${prefix}/share/hdf5_examples"
#define DEFAULT_PLUGINDIR "/usr/local/hdf5/lib/plugin"
#define WANT_DCONV_EXCEPTION 1
#define WANT_DATA_ACCURACY 1
#define LDOUBLE_TO_LLONG_ACCURATE 1
#define LLONG_TO_LDOUBLE_CORRECT 1
#define USE_114_API_DEFAULT 1
#define HAVE_PREADWRITE 1
#define HAVE_EMBEDDED_LIBINFO 1

configure: exit 0
